,type,userId,caseNum,Meeting type,environment,windowMode,center position,distance,transparency,theta,phi,pitch,row,label(81-99),visual angle,favorite,scale,offset,x,y,z,rx,ry,rz,horlen,verlen
0,1,1,1,1,low,0,"[0.26230892539024353, -0.05339121073484421, 1.01163864135742188]",1.0464556055612715,0.10378026962280273,14.536166060112876,-2.9245577044161024,0.3552498080307427,-11.622857127802295,,32.178902453149476,,1.2797051668167114,14.82744622292177,0.26230892539024353,-0.05339121073484421,1.0116386413574219,0.05077006295323372,-0.04645099118351936,0.9976295232772827,5.615707094533118,5.7301604074891275
1,0,1,1,1,low,0,"[0.00000000000000000, 0.00000000000000000, 1.00000000000000000]",1.0,0.2434295415878296,-0.0,-0.0,0.0,0.0,,266.58447553789955,,2.630140781402588,0.0,0.0,0.0,1.0,0.0,0.0,1.0,21.703893229286845,12.282795198152524
2,1,1,1,1,low,1,"[-0.00513172009959817, -0.15067172050476074, 0.97015553712844849]",0.9817994032041544,0.38585829734802246,-0.30306806474837344,-8.827774754044796,6.189486231424014,0.28786084239316523,,15.384239607409636,,0.7183341979980469,8.83297556659255,-0.005131720099598169,-0.15067172050476074,0.9701555371284485,-0.00026513473130762577,-0.04603266716003418,0.9989398717880249,3.9313490088788314,3.913221536084637
3,0,1,1,1,low,1,"[0.00000000000000000, 0.00000000000000000, 1.00000000000000000]",1.0,0.2434295415878296,-0.0,-0.0,0.0,0.0,,266.58447553789955,,2.2916460037231445,0.0,0.0,0.0,1.0,0.0,0.0,1.0,21.703893229286845,12.282795198152524
4,1,1,2,2,low,0,"[0.26230892539024353, -0.05339121073484421, 1.01163864135742188]",1.0464556055612715,0.10378026962280273,14.536166060112876,-2.9245577044161024,0.3552498080307427,-11.622857127802295,,32.178902453149476,,1.2797051668167114,14.82744622292177,0.26230892539024353,-0.05339121073484421,1.0116386413574219,0.05077006295323372,-0.04645099118351936,0.9976295232772827,5.615707094533118,5.7301604074891275
5,0,1,2,2,low,0,"[0.00000000000000000, 0.00000000000000000, 1.00000000000000000]",1.0,0.2434295415878296,-0.0,-0.0,0.0,0.0,,266.58447553789955,,2.630140781402588,0.0,0.0,0.0,1.0,0.0,0.0,1.0,21.703893229286845,12.282795198152524
6,1,1,2,2,low,1,"[-0.00513172009959817, -0.15067172050476074, 0.97015553712844849]",0.9817994032041544,0.38585829734802246,-0.30306806474837344,-8.827774754044796,6.189486231424014,0.28786084239316523,,15.384239607409636,,0.7183341979980469,8.83297556659255,-0.005131720099598169,-0.15067172050476074,0.9701555371284485,-0.00026513473130762577,-0.04603266716003418,0.9989398717880249,3.9313490088788314,3.913221536084637
7,0,1,2,2,low,1,"[0.00000000000000000, 0.00000000000000000, 1.00000000000000000]",1.0,0.2434295415878296,-0.0,-0.0,0.0,0.0,,266.58447553789955,,2.2916460037231445,0.0,0.0,0.0,1.0,0.0,0.0,1.0,21.703893229286845,12.282795198152524
8,1,1,3,1,high,0,"[0.26230892539024353, -0.05339121073484421, 1.01163864135742188]",1.0464556055612715,0.10378026962280273,14.536166060112876,-2.9245577044161024,0.3552498080307427,-11.622857127802295,,32.178902453149476,,1.2797051668167114,14.82744622292177,0.26230892539024353,-0.05339121073484421,1.0116386413574219,0.05077006295323372,-0.04645099118351936,0.9976295232772827,5.615707094533118,5.7301604074891275
9,0,1,3,1,high,0,"[0.00000000000000000, 0.00000000000000000, 1.00000000000000000]",1.0,0.2434295415878296,-0.0,-0.0,0.0,0.0,,266.58447553789955,,2.630140781402588,0.0,0.0,0.0,1.0,0.0,0.0,1.0,21.703893229286845,12.282795198152524
10,1,1,3,1,high,1,"[-0.00513172009959817, -0.15067172050476074, 0.97015553712844849]",0.9817994032041544,0.38585829734802246,-0.30306806474837344,-8.827774754044796,6.189486231424014,0.28786084239316523,,15.384239607409636,,0.7183341979980469,8.83297556659255,-0.005131720099598169,-0.15067172050476074,0.9701555371284485,-0.00026513473130762577,-0.04603266716003418,0.9989398717880249,3.9313490088788314,3.913221536084637
11,0,1,3,1,high,1,"[0.00000000000000000, 0.00000000000000000, 1.00000000000000000]",1.0,0.2434295415878296,-0.0,-0.0,0.0,0.0,,266.58447553789955,,2.2916460037231445,0.0,0.0,0.0,1.0,0.0,0.0,1.0,21.703893229286845,12.282795198152524
12,1,1,4,2,high,0,"[0.26230892539024353, -0.05339121073484421, 1.01163864135742188]",1.0464556055612715,0.10378026962280273,14.536166060112876,-2.9245577044161024,0.3552498080307427,-11.622857127802295,,32.178902453149476,,1.2797051668167114,14.82744622292177,0.26230892539024353,-0.05339121073484421,1.0116386413574219,0.05077006295323372,-0.04645099118351936,0.9976295232772827,5.615707094533118,5.7301604074891275
13,0,1,4,2,high,0,"[0.00000000000000000, 0.00000000000000000, 1.00000000000000000]",1.0,0.2434295415878296,-0.0,-0.0,0.0,0.0,,266.58447553789955,,2.630140781402588,0.0,0.0,0.0,1.0,0.0,0.0,1.0,21.703893229286845,12.282795198152524
14,1,1,4,2,high,1,"[-0.00513172009959817, -0.15067172050476074, 0.97015553712844849]",0.9817994032041544,0.38585829734802246,-0.30306806474837344,-8.827774754044796,6.189486231424014,0.28786084239316523,,15.384239607409636,,0.7183341979980469,8.83297556659255,-0.005131720099598169,-0.15067172050476074,0.9701555371284485,-0.00026513473130762577,-0.04603266716003418,0.9989398717880249,3.9313490088788314,3.913221536084637
15,0,1,4,2,high,1,"[0.00000000000000000, 0.00000000000000000, 1.00000000000000000]",1.0,0.2434295415878296,-0.0,-0.0,0.0,0.0,,266.58447553789955,,2.2916460037231445,0.0,0.0,0.0,1.0,0.0,0.0,1.0,21.703893229286845,12.282795198152524
16,1,2,1,1,low,0,"[0.16062073409557343, -0.14854122698307037, 1.00286138057708740]",1.0264474974337552,0.10812115669250488,9.099351969978258,-8.320712492829884,3.7100955568992013,-9.077897307302607,,12.693713201019,,0.7674648761749268,12.330144470438395,0.16062073409557343,-0.14854122698307037,1.0028613805770874,0.00037318721297197044,-0.08220202475786209,0.9966155886650085,3.537265450162872,3.588566755835224
17,0,2,1,1,low,0,"[0.00000000000000000, 0.00000000000000000, 1.00000000000000000]",1.0,0.1178288459777832,-0.0,-0.0,0.0,0.0,,266.58447553789955,,2.571164608001709,0.0,0.0,0.0,1.0,0.0,0.0,1.0,21.703893229286845,12.282795198152524
18,1,2,1,1,low,1,"[0.14684249460697174, 0.15824778378009796, 0.98015171289443970]",1.0036445882799425,0.10812115669250488,8.520459786487066,9.071862092386652,-4.831033860363874,-8.588611651964209,,18.698612718752866,,0.7674648761749268,12.445758988363272,0.14684249460697174,0.15824778378009796,0.9801517128944397,-0.001186062814667821,0.07568109035491943,0.99713134765625,4.301399805059584,4.347099448128107
19,0,2,1,1,low,1,"[0.00000000000000000, 0.00000000000000000, 1.00000000000000000]",1.0,0.1178288459777832,-0.0,-0.0,0.0,0.0,,266.58447553789955,,2.1650328636169434,0.0,0.0,0.0,1.0,0.0,0.0,1.0,21.703893229286845,12.282795198152524
20,1,2,2,2,low,0,"[0.00510809011757374, 0.19039183855056763, 0.98001682758331299]",0.9983527067713973,0.10812115669250488,0.29863707083814006,10.993987664708413,-6.654042422865905,0.7563790883382331,,70.63917214606185,,1.161647081375122,10.998042956446366,0.005108090117573738,0.19039183855056763,0.980016827583313,0.018359683454036713,0.07566370069980621,0.9969643354415894,8.423061125146823,8.386401463378972
21,0,2,2,2,low,0,"[0.00000000000000000, 0.00000000000000000, 1.00000000000000000]",1.0,0.2925231456756592,-0.0,-0.0,0.0,0.0,,266.58447553789955,,1.6987147331237793,0.0,0.0,0.0,1.0,0.0,0.0,1.0,21.703893229286845,12.282795198152524
22,1,2,2,2,low,1,"[0.00510809011757374, 0.19039183855056763, 0.98001682758331299]",0.9983527067713973,0.10812115669250488,0.29863707083814006,10.993987664708413,-6.654042422865905,0.7563790883382331,,70.63917214606185,,1.161647081375122,10.998042956446366,0.005108090117573738,0.19039183855056763,0.980016827583313,0.018359683454036713,0.07566370069980621,0.9969643354415894,8.423061125146823,8.386401463378972
23,0,2,2,2,low,1,"[0.00000000000000000, 0.00000000000000000, 1.00000000000000000]",1.0,0.2925231456756592,-0.0,-0.0,0.0,0.0,,266.58447553789955,,1.6987147331237793,0.0,0.0,0.0,1.0,0.0,0.0,1.0,21.703893229286845,12.282795198152524
24,1,2,3,1,high,0,"[0.15237559378147125, -0.16061325371265411, 1.00215661525726318]",1.0263200379766126,0.5724315643310547,8.645473035929754,-9.003472047132163,3.1935420694005607,-7.512379859250394,,19.05945638394227,,0.5200653076171875,12.482255922647903,0.15237559378147125,-0.1606132537126541,1.0021566152572632,0.01966979168355465,-0.10297546535730362,0.9944893717765808,4.344152028773216,4.38738245293976
25,0,2,3,1,high,0,"[0.00000000000000000, 0.00000000000000000, 1.00000000000000000]",1.0,0.4212377071380615,-0.0,-0.0,0.0,0.0,,266.58447553789955,,1.4244153499603271,0.0,0.0,0.0,1.0,0.0,0.0,1.0,21.703893229286845,12.282795198152524
26,1,2,3,1,high,1,"[0.14748975634574890, 0.15670208632946014, 1.00458097457885742]",1.0273712603400686,0.8947424441576004,8.35233417015877,8.77341140219933,-11.187291840431246,-7.941285333424941,,17.21706540454767,,0.5,12.113390678181027,0.1474897563457489,0.15670208632946014,1.0045809745788574,0.0071682073175907135,-0.040502455085515976,0.999153733253479,4.167737591588765,4.131033930565774
27,0,2,3,1,high,1,"[0.00000000000000000, 0.00000000000000000, 1.00000000000000000]",1.0,0.4212377071380615,-0.0,-0.0,0.0,0.0,,266.58447553789955,,1.4244153499603271,0.0,0.0,0.0,1.0,0.0,0.0,1.0,21.703893229286845,12.282795198152524
28,1,2,4,2,high,0,"[0.11446412652730942, -0.20622602105140686, 1.01255595684051514]",1.0396637791870824,0.8603415042161942,6.449606176237907,-11.440977849696111,16.371451782125828,-6.449606212564011,,63.888569807439914,,0.5015247464179993,13.133674047493459,0.11446412652730942,-0.20622602105140686,1.0125559568405151,-6.317317224890928e-10,0.08471336960792542,0.9964053630828857,8.142452392847893,7.846354725212502
29,0,2,4,2,high,0,"[0.00000000000000000, 0.00000000000000000, 1.00000000000000000]",1.0,0.6516217589378357,-0.0,-0.0,0.0,0.0,,266.58447553789955,,0.7241895198822021,0.0,0.0,0.0,1.0,0.0,0.0,1.0,21.703893229286845,12.282795198152524
30,1,2,4,2,high,1,"[-0.00552004948258400, -0.20655478537082672, 1.00563681125640869]",1.0266453849600825,0.8603415042161942,-0.31449958680833845,-11.606783533679092,11.774634089335327,1.0371420769941404,,65.6986880073256,,1.161647081375122,11.611043621819132,-0.005520049482584,-0.20655478537082672,1.0056368112564087,0.012612102553248405,0.00292633892968297,0.9999161958694458,8.190713782802675,8.021118763210525
31,0,2,4,2,high,1,"[0.00000000000000000, 0.00000000000000000, 1.00000000000000000]",1.0,0.6516217589378357,-0.0,-0.0,0.0,0.0,,266.58447553789955,,1.6987147331237793,0.0,0.0,0.0,1.0,0.0,0.0,1.0,21.703893229286845,12.282795198152524
32,1,3,1,1,low,0,"[0.32911941409111023, -0.08410964906215668, 0.91202503442764282]",0.9732336231449147,0.0,19.8428223223911,-4.9578508048528676,-5.397491005681104,16.578727287975763,,42.36159210783896,,0.5,20.452820889089182,0.32911941409111023,-0.08410964906215668,0.9120250344276428,0.5870180130004883,-0.14984671771526337,0.7955852150917053,6.295374849380404,6.729002342411464
33,0,3,1,1,low,0,"[0.00000000000000000, 0.00000000000000000, 1.00000000000000000]",1.0,0.22225666046142578,-0.0,-0.0,0.0,0.0,,266.58447553789955,,0.9392609596252441,0.0,0.0,0.0,1.0,0.0,0.0,1.0,21.703893229286845,12.282795198152524
34,1,3,1,1,low,1,"[0.30029860138893127, -0.07190366089344025, 0.90084600448608398]",0.9522987505213732,0.0,18.43589902830827,-4.330259690331275,-6.179129710805222,26.39791520978942,,48.328808803226345,,0.5402247905731201,18.937621866741498,0.3002986013889313,-0.07190366089344025,0.900846004486084,0.6987568140029907,-0.133341982960701,0.7028220891952515,6.523953787746613,7.407901768709372
35,0,3,1,1,low,1,"[0.00000000000000000, 0.00000000000000000, 1.00000000000000000]",1.0,0.22225666046142578,-0.0,-0.0,0.0,0.0,,266.58447553789955,,0.9345712661743164,0.0,0.0,0.0,1.0,0.0,0.0,1.0,21.703893229286845,12.282795198152524
36,1,3,2,2,low,0,"[0.36782848834991455, -0.01581463776528835, 0.99992060661315918]",1.0655463946441088,0.0,20.196433780880085,-0.8504043302331041,-0.5417012554500182,2.0529056146892413,,90.36814214308234,,0.7286320924758911,20.214329694312237,0.36782848834991455,-0.015814637765288353,0.9999206066131592,0.3785344064235687,-0.023386217653751373,0.9252917766571045,9.410398931667343,9.603008628994523
37,0,3,2,2,low,0,"[0.00000000000000000, 0.00000000000000000, 1.00000000000000000]",1.0,0.22225666046142578,-0.0,-0.0,0.0,0.0,,266.58447553789955,,0.8748241662979126,0.0,0.0,0.0,1.0,0.0,0.0,1.0,21.703893229286845,12.282795198152524
38,1,3,2,2,low,1,"[0.36782848834991455, -0.01581463776528835, 0.99992060661315918]",1.0655463946441088,0.0,20.196433780880085,-0.8504043302331041,-0.5417012554500182,2.0529056146892413,,90.36814214308234,,0.7286320924758911,20.214329694312237,0.36782848834991455,-0.015814637765288353,0.9999206066131592,0.3785344064235687,-0.023386217653751373,0.9252917766571045,9.410398931667343,9.603008628994523
39,0,3,2,2,low,1,"[0.00000000000000000, 0.00000000000000000, 1.00000000000000000]",1.0,0.22225666046142578,-0.0,-0.0,0.0,0.0,,266.58447553789955,,0.8748241662979126,0.0,0.0,0.0,1.0,0.0,0.0,1.0,21.703893229286845,12.282795198152524
40,1,3,3,1,high,0,"[0.29331949353218079, -0.00906840991228819, 1.02438342571258545]",1.0655890221933428,0.4310610294342041,15.978408497915638,-0.48760626841340127,3.4717904782751017,1.2604835594397448,,74.54703047069904,,0.9078645706176758,15.985846802695773,0.2933194935321808,-0.009068409912288189,1.0243834257125854,0.2959945797920227,0.04940123111009598,0.953911304473877,8.70221737510418,8.566440857242617
41,0,3,3,1,high,0,"[0.00000000000000000, 0.00000000000000000, 1.00000000000000000]",1.0,0.16722464561462402,-0.0,-0.0,0.0,0.0,,266.58447553789955,,1.222141981124878,0.0,0.0,0.0,1.0,0.0,0.0,1.0,21.703893229286845,12.282795198152524
42,1,3,3,1,high,1,"[0.29551550745964050, -0.03926202282309532, 0.87266761064529419]",0.9221820212163415,0.4310610294342041,18.70788242383668,-2.440113025786175,10.373465078064163,-13.848603090294318,,94.20145619841607,,0.9078645706176758,18.86634613174233,0.2955155074596405,-0.03926202282309532,0.8726676106452942,0.08393111079931259,0.13519223034381866,0.9872581362724304,9.611520048825996,9.800890568804707
43,0,3,3,1,high,1,"[0.00000000000000000, 0.00000000000000000, 1.00000000000000000]",1.0,0.16722464561462402,-0.0,-0.0,0.0,0.0,,266.58447553789955,,1.222141981124878,0.0,0.0,0.0,1.0,0.0,0.0,1.0,21.703893229286845,12.282795198152524
44,1,3,4,2,high,0,"[0.12870736420154572, -0.10086771845817566, 0.60754895210266113]",0.6291705741909015,0.0,11.96109160916825,-9.225386876149116,17.829553487188022,-8.75104730855325,,49.31105687878089,,0.7289628982543945,15.105478327333413,0.12870736420154572,-0.10086771845817566,0.6075489521026611,0.055397242307662964,0.14591147005558014,0.9877454042434692,7.1048016906616605,6.940525439801349
45,0,3,4,2,high,0,"[0.00000000000000000, 0.00000000000000000, 1.00000000000000000]",1.0,0.43422818183898926,-0.0,-0.0,0.0,0.0,,266.58447553789955,,1.9835937023162842,0.0,0.0,0.0,1.0,0.0,0.0,1.0,21.703893229286845,12.282795198152524
46,1,3,4,2,high,1,"[0.12870736420154572, -0.10086771845817566, 0.60754895210266113]",0.6291705741909015,0.0,11.96109160916825,-9.225386876149116,17.829553487188022,-8.75104730855325,,49.31105687878089,,0.7289628982543945,15.105478327333413,0.12870736420154572,-0.10086771845817566,0.6075489521026611,0.055397242307662964,0.14591147005558014,0.9877454042434692,7.1048016906616605,6.940525439801349
47,0,3,4,2,high,1,"[0.00000000000000000, 0.00000000000000000, 1.00000000000000000]",1.0,0.43422818183898926,-0.0,-0.0,0.0,0.0,,266.58447553789955,,1.9835937023162842,0.0,0.0,0.0,1.0,0.0,0.0,1.0,21.703893229286845,12.282795198152524
48,1,4,1,1,low,0,"[0.23773819208145142, 0.07072784751653671, 1.00257909297943115]",1.0328052643494505,0.457566499710083,13.339965946501323,3.9267627897115176,-4.068816345875725,-11.260804415687847,,14.621258891671022,,0.5,13.905903690896105,0.23773819208145142,0.07072784751653671,1.0025790929794312,0.03628024458885193,-0.0005846346030011773,0.9993414878845215,3.794205243975968,3.8535761645696653
49,0,4,1,1,low,0,"[0.00000000000000000, 0.00000000000000000, 1.00000000000000000]",1.0,0.5316905975341797,-0.0,-0.0,0.0,0.0,,266.58447553789955,,1.5426007509231567,0.0,0.0,0.0,1.0,0.0,0.0,1.0,21.703893229286845,12.282795198152524
50,1,4,1,1,low,1,"[0.23773819208145142, 0.07072784751653671, 1.00257909297943115]",1.0328052643494505,0.457566499710083,13.339965946501323,3.9267627897115176,-4.068816345875725,-11.260804415687847,,14.621258891671022,,0.5,13.905903690896105,0.23773819208145142,0.07072784751653671,1.0025790929794312,0.03628024458885193,-0.0005846346030011773,0.9993414878845215,3.794205243975968,3.8535761645696653
51,0,4,1,1,low,1,"[0.00000000000000000, 0.00000000000000000, 1.00000000000000000]",1.0,0.5316905975341797,-0.0,-0.0,0.0,0.0,,266.58447553789955,,1.5426007509231567,0.0,0.0,0.0,1.0,0.0,0.0,1.0,21.703893229286845,12.282795198152524
52,1,4,2,2,low,0,"[-0.00060853851027787, 0.16122287511825562, 0.99977231025695801]",1.0126884309288076,0.3867959976196289,-0.034874624598515425,9.16062929526747,-9.160836814048693,-0.3135888014606473,,25.747109454201638,,0.5,9.1606956790821,-0.0006085385102778673,0.16122287511825562,0.999772310256958,-0.00608179671689868,-3.592704388211132e-06,0.9999815225601196,5.106635168730212,5.041893263074788
53,0,4,2,2,low,0,"[0.00000000000000000, 0.00000000000000000, 1.00000000000000000]",1.0,0.3265048861503601,-0.0,-0.0,0.0,0.0,,266.58447553789955,,1.1902236938476562,0.0,0.0,0.0,1.0,0.0,0.0,1.0,21.703893229286845,12.282795198152524
54,1,4,2,2,low,1,"[-0.00060853851027787, 0.16122287511825562, 0.99977231025695801]",1.0126884309288076,0.3867959976196289,-0.034874624598515425,9.16062929526747,-9.160836814048693,-0.3135888014606473,,25.747109454201638,,0.5,9.1606956790821,-0.0006085385102778673,0.16122287511825562,0.999772310256958,-0.00608179671689868,-3.592704388211132e-06,0.9999815225601196,5.106635168730212,5.041893263074788
55,0,4,2,2,low,1,"[0.00000000000000000, 0.00000000000000000, 1.00000000000000000]",1.0,0.3265048861503601,-0.0,-0.0,0.0,0.0,,266.58447553789955,,1.1902236938476562,0.0,0.0,0.0,1.0,0.0,0.0,1.0,21.703893229286845,12.282795198152524
56,1,4,3,1,high,0,"[0.26666086912155151, 0.04986335337162018, 1.00011563301086426]",1.0362555922757888,0.7186496257781982,14.929457816898818,2.758067971811002,-3.3885323680831827,-12.485341333978477,,34.51467749716317,,0.5,15.182083178658022,0.2666608691215515,0.04986335337162018,1.0001156330108643,0.042643092572689056,-0.009316091425716877,0.9990469217300415,5.811483426819441,5.939047737429867
57,0,4,3,1,high,0,"[0.00000000000000000, 0.00000000000000000, 1.00000000000000000]",1.0,0.4945676326751709,-0.0,-0.0,0.0,0.0,,266.58447553789955,,0.9980934858322144,0.0,0.0,0.0,1.0,0.0,0.0,1.0,21.703893229286845,12.282795198152524
58,1,4,3,1,high,1,"[0.25735148787498474, 0.04909671843051910, 0.97779321670532227]",1.0122844712367445,0.7675812244415283,14.745616982446109,2.779988107384156,-8.471765353485463,-9.19807972304327,,36.240997165000024,,0.5,15.005384169364023,0.25735148787498474,0.049096718430519104,0.9777932167053223,0.09621493518352509,-0.09708275645971298,0.9906147718429565,6.015515508485552,6.024587105440602
59,0,4,3,1,high,1,"[0.00000000000000000, 0.00000000000000000, 1.00000000000000000]",1.0,0.7450234293937683,-0.0,-0.0,0.0,0.0,,266.58447553789955,,0.9980934858322144,0.0,0.0,0.0,1.0,0.0,0.0,1.0,21.703893229286845,12.282795198152524
60,1,4,4,2,high,0,"[0.00973168574273586, 0.17366397380828857, 0.99809974431991577]",1.0131421327325019,0.4591188430786133,0.5586283891499022,9.869883077673066,-13.970697829867639,-1.8825182733200139,,35.9247660710889,,0.5,9.885679422482875,0.009731685742735863,0.17366397380828857,0.9980997443199158,-0.023045074194669724,-0.07148463279008865,0.9971754550933838,6.081894189125723,5.906838388494409
61,0,4,4,2,high,0,"[0.00000000000000000, 0.00000000000000000, 1.00000000000000000]",1.0,0.46176236867904663,-0.0,-0.0,0.0,0.0,,266.58447553789955,,0.9980934858322144,0.0,0.0,0.0,1.0,0.0,0.0,1.0,21.703893229286845,12.282795198152524
62,1,4,4,2,high,1,"[0.00973168574273586, 0.17366397380828857, 0.99809974431991577]",1.0131421327325019,0.4591188430786133,0.5586283891499022,9.869883077673066,-13.970697829867639,-1.8825182733200139,,35.9247660710889,,0.5,9.885679422482875,0.009731685742735863,0.17366397380828857,0.9980997443199158,-0.023045074194669724,-0.07148463279008865,0.9971754550933838,6.081894189125723,5.906838388494409
63,0,4,4,2,high,1,"[0.00000000000000000, 0.00000000000000000, 1.00000000000000000]",1.0,0.46176236867904663,-0.0,-0.0,0.0,0.0,,266.58447553789955,,0.9980934858322144,0.0,0.0,0.0,1.0,0.0,0.0,1.0,21.703893229286845,12.282795198152524
64,1,5,1,1,low,0,"[0.16371700167655945, 0.11524507403373718, 0.68878364562988281]",0.717291847307772,0.0,13.37052427415665,9.245608927900975,7.923409161097501,-11.607155583983465,,43.43439022443333,,0.5493408441543579,16.255835992451896,0.16371700167655945,0.11524507403373718,0.6887836456298828,0.029361343011260033,0.2992776036262512,0.9537142515182495,6.465480050283223,6.7178909975185315
65,0,5,1,1,low,0,"[0.00000000000000000, 0.00000000000000000, 1.00000000000000000]",1.0,0.0,-0.0,-0.0,0.0,0.0,,266.58447553789955,,1.4286518096923828,0.0,0.0,0.0,1.0,0.0,0.0,1.0,21.703893229286845,12.282795198152524
66,1,5,1,1,low,1,"[0.16371700167655945, 0.11524507403373718, 0.68878364562988281]",0.717291847307772,0.0,13.37052427415665,9.245608927900975,7.923409161097501,-11.607155583983465,,43.43439022443333,,0.5493408441543579,16.255835992451896,0.16371700167655945,0.11524507403373718,0.6887836456298828,0.029361343011260033,0.2992776036262512,0.9537142515182495,6.465480050283223,6.7178909975185315
67,0,5,1,1,low,1,"[0.00000000000000000, 0.00000000000000000, 1.00000000000000000]",1.0,0.0,-0.0,-0.0,0.0,0.0,,266.58447553789955,,1.4286518096923828,0.0,0.0,0.0,1.0,0.0,0.0,1.0,21.703893229286845,12.282795198152524
68,1,5,2,2,low,0,"[0.13480253517627716, 0.05953980237245560, 0.72004652023315430]",0.7349719061681043,0.0,10.60380485752816,4.646601663114751,5.037043182948751,14.061157569599487,,107.72272352318177,,0.5493408441543579,11.577201063823612,0.13480253517627716,0.0595398023724556,0.7200465202331543,0.41230034828186035,0.15450507402420044,0.8978511095046997,10.179198603178893,10.58263304633242
69,0,5,2,2,low,0,"[0.00000000000000000, 0.00000000000000000, 1.00000000000000000]",1.0,0.3344533443450928,-0.0,-0.0,0.0,0.0,,266.58447553789955,,0.8568286895751953,0.0,0.0,0.0,1.0,0.0,0.0,1.0,21.703893229286845,12.282795198152524
70,1,5,2,2,low,1,"[0.04842346161603928, 0.16560932993888855, 0.72581785917282104]",0.7460448019334394,0.0,3.816872981510045,12.825536123634322,4.568868940534049,-2.053504291336568,,109.37843713482135,,0.5493408441543579,13.381438495753372,0.048423461616039276,0.16560932993888855,0.725817859172821,0.029361343011260033,0.2992776036262512,0.9537142515182495,10.548390322797282,10.369206465410333
71,0,5,2,2,low,1,"[0.00000000000000000, 0.00000000000000000, 1.00000000000000000]",1.0,0.3344533443450928,-0.0,-0.0,0.0,0.0,,266.58447553789955,,0.8568286895751953,0.0,0.0,0.0,1.0,0.0,0.0,1.0,21.703893229286845,12.282795198152524
72,1,5,3,1,high,0,"[0.01842007040977478, 0.06011754274368286, 0.96199411153793335]",0.9640467253059353,0.19600963592529297,1.096954052147879,3.5752601345653687,-5.886477368739923,-1.465423537368964,,56.53777246502173,,0.6121689081192017,3.7397584443832774,0.01842007040977478,0.06011754274368286,0.9619941115379333,-0.006425733212381601,-0.040315181016922,0.9991663694381714,7.537354918450201,7.501009714512262
73,0,5,3,1,high,0,"[0.00000000000000000, 0.00000000000000000, 1.00000000000000000]",1.0,0.0,-0.0,-0.0,0.0,0.0,,266.58447553789955,,1.0359668731689453,0.0,0.0,0.0,1.0,0.0,0.0,1.0,21.703893229286845,12.282795198152524
74,1,5,3,1,high,1,"[0.18173092603683472, 0.15350809693336487, 0.82744407653808594]",0.860961419054463,0.19600963592529297,12.38715547999064,10.270665697730749,-0.7460563256365327,12.277808517753654,,70.11296435560868,,0.6121689081192017,16.0912459045285,0.18173092603683472,0.15350809693336487,0.8274440765380859,0.41230037808418274,0.15450510382652283,0.8978511095046997,8.295934425637771,8.451484879018745
75,0,5,3,1,high,1,"[0.00000000000000000, 0.00000000000000000, 1.00000000000000000]",1.0,0.0,-0.0,-0.0,0.0,0.0,,266.58447553789955,,1.0359668731689453,0.0,0.0,0.0,1.0,0.0,0.0,1.0,21.703893229286845,12.282795198152524
76,1,5,4,2,high,0,"[0.29023975133895874, 0.01275600865483284, 0.99320262670516968]",1.0348204127809577,0.19600963592529297,16.289741592917096,0.7062906381775633,-3.045883727289054,-16.349262704877674,,117.3286920417249,,0.6121689081192017,16.305046078732513,0.29023975133895874,0.01275600865483284,0.9932026267051697,-0.0010379949817433953,-0.04030715301632881,0.9991868138313293,10.626963708429072,11.040659896924499
77,0,5,4,2,high,0,"[0.00000000000000000, 0.00000000000000000, 1.00000000000000000]",1.0,0.0,-0.0,-0.0,0.0,0.0,,266.58447553789955,,0.6566053628921509,0.0,0.0,0.0,1.0,0.0,0.0,1.0,21.703893229286845,12.282795198152524
78,1,5,4,2,high,1,"[0.29023975133895874, 0.01275600865483284, 0.99320262670516968]",1.0348204127809577,0.19600963592529297,16.289741592917096,0.7062906381775633,-3.045883727289054,-16.349262704877674,,117.3286920417249,,0.6121689081192017,16.305046078732513,0.29023975133895874,0.01275600865483284,0.9932026267051697,-0.0010379949817433953,-0.04030715301632881,0.9991868138313293,10.626963708429072,11.040659896924499
79,0,5,4,2,high,1,"[0.00000000000000000, 0.00000000000000000, 1.00000000000000000]",1.0,0.0,-0.0,-0.0,0.0,0.0,,266.58447553789955,,0.6566053628921509,0.0,0.0,0.0,1.0,0.0,0.0,1.0,21.703893229286845,12.282795198152524
80,1,6,1,1,low,0,"[0.00758738815784454, -0.20716041326522827, 0.97571521997451782]",0.9974934565064574,0.13723397254943848,0.4455363079389798,-11.986485954877438,-4.391160068905044,-3.1950779143077943,,47.731851546896394,,0.6763827204704285,11.994763363575206,0.0075873881578445435,-0.20716041326522827,0.9757152199745178,-0.046027831733226776,-0.28167420625686646,0.9584054946899414,6.866756353234679,6.9511497265243225
81,0,6,1,1,low,0,"[0.00000000000000000, 0.00000000000000000, 1.00000000000000000]",1.0,0.2735569477081299,-0.0,-0.0,0.0,0.0,,266.58447553789955,,1.213684320449829,0.0,0.0,0.0,1.0,0.0,0.0,1.0,21.703893229286845,12.282795198152524
82,1,6,1,1,low,1,"[0.02666604146361351, -0.17044296860694885, 0.98258477449417114]",0.9976145159241868,0.18999671936035156,1.5545495373262952,-9.837274328403339,-4.4111071836815805,0.6969123252883634,,27.909208561616083,,0.6282760500907898,9.95934689004579,0.02666604146361351,-0.17044296860694885,0.9825847744941711,0.03807799145579338,-0.24600744247436523,0.9685196876525879,5.239746028308341,5.326443001403755
83,0,6,1,1,low,1,"[0.00000000000000000, 0.00000000000000000, 1.00000000000000000]",1.0,0.25803184509277344,-0.0,-0.0,0.0,0.0,,266.58447553789955,,1.4802002906799316,0.0,0.0,0.0,1.0,0.0,0.0,1.0,21.703893229286845,12.282795198152524
84,1,6,2,2,low,0,"[0.01378183346241713, -0.22338500618934631, 0.96799308061599731]",0.9935297700845449,0.18999671936035156,0.8156954407131423,-12.993456315542815,1.7864900942606001,-2.0076793839486795,,102.28805277914648,,0.8138944506645203,13.019034759763095,0.013781833462417126,-0.2233850061893463,0.9679930806159973,-0.020405948162078857,-0.19433492422103882,0.980722963809967,10.114332474993379,10.113178801670097
85,0,6,2,2,low,0,"[0.00000000000000000, 0.00000000000000000, 1.00000000000000000]",1.0,0.25803184509277344,-0.0,-0.0,0.0,0.0,,266.58447553789955,,0.994560718536377,0.0,0.0,0.0,1.0,0.0,0.0,1.0,21.703893229286845,12.282795198152524
86,1,6,2,2,low,1,"[0.01378183346241713, -0.22338500618934631, 0.96799308061599731]",0.9935297700845449,0.18999671936035156,0.8156954407131423,-12.993456315542815,1.7864900942606001,-2.0076793839486795,,102.28805277914648,,0.8138944506645203,13.019034759763095,0.013781833462417126,-0.2233850061893463,0.9679930806159973,-0.020405948162078857,-0.19433492422103882,0.980722963809967,10.114332474993379,10.113178801670097
87,0,6,2,2,low,1,"[0.00000000000000000, 0.00000000000000000, 1.00000000000000000]",1.0,0.25803184509277344,-0.0,-0.0,0.0,0.0,,266.58447553789955,,0.994560718536377,0.0,0.0,0.0,1.0,0.0,0.0,1.0,21.703893229286845,12.282795198152524
88,1,6,3,1,high,0,"[-0.25920793414115906, -0.06416756659746170, 1.01330888271331787]",1.0479032023572024,0.5572435855865479,-14.348768580951315,-3.5106603662926688,6.173462449816587,16.123031379780837,,19.72715782728789,,0.3604896068572998,14.771997021295185,-0.25920793414115906,-0.0641675665974617,1.0133088827133179,0.030931146815419197,0.04447092115879059,0.998531699180603,4.364961131487959,4.519434934936787
89,0,6,3,1,high,0,"[0.00000000000000000, 0.00000000000000000, 1.00000000000000000]",1.0,0.5108013153076172,-0.0,-0.0,0.0,0.0,,266.58447553789955,,0.9321951866149902,0.0,0.0,0.0,1.0,0.0,0.0,1.0,21.703893229286845,12.282795198152524
90,1,6,3,1,high,1,"[-0.25920793414115906, -0.06416756659746170, 1.01330888271331787]",1.0479032023572024,0.5572435855865479,-14.348768580951315,-3.5106603662926688,6.173462449816587,16.123031379780837,,19.72715782728789,,0.3604896068572998,14.771997021295185,-0.25920793414115906,-0.0641675665974617,1.0133088827133179,0.030931146815419197,0.04447092115879059,0.998531699180603,4.364961131487959,4.519434934936787
91,0,6,3,1,high,1,"[0.00000000000000000, 0.00000000000000000, 1.00000000000000000]",1.0,0.5108013153076172,-0.0,-0.0,0.0,0.0,,266.58447553789955,,0.9321951866149902,0.0,0.0,0.0,1.0,0.0,0.0,1.0,21.703893229286845,12.282795198152524
92,1,6,4,2,high,0,"[-0.00283812754787505, -0.17864562571048737, 0.89883714914321899]",0.9164226837182604,0.2964177131652832,-0.18091396194154186,-11.241103061316437,9.789918367821627,-8.687299623831917,,133.3272968464613,,0.7804583311080933,11.242558778888512,-0.0028381275478750467,-0.17864562571048737,0.898837149143219,-0.1541139930486679,-0.025023626163601875,0.987736165523529,11.54329695684327,11.55019205907375
93,0,6,4,2,high,0,"[0.00000000000000000, 0.00000000000000000, 1.00000000000000000]",1.0,0.29170942306518555,-0.0,-0.0,0.0,0.0,,266.58447553789955,,0.8927841782569885,0.0,0.0,0.0,1.0,0.0,0.0,1.0,21.703893229286845,12.282795198152524
94,1,6,4,2,high,1,"[-0.00283812754787505, -0.17864562571048737, 0.89883714914321899]",0.9164226837182604,0.2964177131652832,-0.18091396194154186,-11.241103061316437,9.789918367821627,-8.687299623831917,,133.3272968464613,,0.7804583311080933,11.242558778888512,-0.0028381275478750467,-0.17864562571048737,0.898837149143219,-0.1541139930486679,-0.025023626163601875,0.987736165523529,11.54329695684327,11.55019205907375
95,0,6,4,2,high,1,"[0.00000000000000000, 0.00000000000000000, 1.00000000000000000]",1.0,0.29170942306518555,-0.0,-0.0,0.0,0.0,,266.58447553789955,,0.8927841782569885,0.0,0.0,0.0,1.0,0.0,0.0,1.0,21.703893229286845,12.282795198152524
96,1,7,1,1,low,0,"[0.41035151481628418, -0.02468097209930420, 0.78447449207305908]",0.885662319853944,0.0,27.613659278147807,-1.5968824660003236,-5.390168419959657,15.584918797858682,,30.56129637452902,,0.6196929812431335,27.659794148544524,0.4103515148162842,-0.0246809720993042,0.7844744920730591,0.6816508769989014,-0.09160471707582474,0.725920557975769,6.036428777631905,5.062810728054052
97,0,7,1,1,low,0,"[0.00000000000000000, 0.00000000000000000, 1.00000000000000000]",1.0,0.0,-0.0,-0.0,0.0,0.0,,266.58447553789955,,1.7027533054351807,0.0,0.0,0.0,1.0,0.0,0.0,1.0,21.703893229286845,12.282795198152524
98,1,7,1,1,low,1,"[0.50189286470413208, -0.01815684325993061, 1.03156423568725586]",1.1473233593661023,0.0,25.944577214287364,-0.9067660895841669,12.780368701372922,-3.0873888475154447,,33.48277870467262,,0.6196929812431335,25.96041817015548,0.5018928647041321,-0.01815684325993061,1.0315642356872559,0.3814653754234314,0.1885903924703598,0.9049407839775085,5.851118301924173,5.722457994681395
99,0,7,1,1,low,1,"[0.00000000000000000, 0.00000000000000000, 1.00000000000000000]",1.0,0.0,-0.0,-0.0,0.0,0.0,,266.58447553789955,,1.1495959758758545,0.0,0.0,0.0,1.0,0.0,0.0,1.0,21.703893229286845,12.282795198152524
100,1,7,2,2,low,0,"[0.55025875568389893, -0.12815172970294952, 0.71286273002624512]",0.9096047690580353,0.0,37.66455113363339,-8.099191789468662,12.695930266836507,13.166587741644106,,42.350126345128885,,0.6196929812431335,38.52551517813462,0.5502587556838989,-0.12815172970294952,0.7128627300262451,0.7749921679496765,0.02761787176132202,0.6313671469688416,6.997953839469844,6.051787038986424
101,0,7,2,2,low,0,"[0.00000000000000000, 0.00000000000000000, 1.00000000000000000]",1.0,0.0,-0.0,-0.0,0.0,0.0,,266.58447553789955,,1.3792150020599365,0.0,0.0,0.0,1.0,0.0,0.0,1.0,21.703893229286845,12.282795198152524
102,1,7,2,2,low,1,"[0.48716843128204346, -0.04579370096325874, 1.05922365188598633]",1.1667839938053677,0.0,24.69910636000739,-2.249310826571673,14.78400500079247,-7.0810360945892405,,31.692532443873638,,0.6196929812431335,24.801315573523315,0.48716843128204346,-0.04579370096325874,1.0592236518859863,0.2963308095932007,0.20360003411769867,0.9331318736076355,5.670261033422185,5.589254578769573
103,0,7,2,2,low,1,"[0.00000000000000000, 0.00000000000000000, 1.00000000000000000]",1.0,0.0,-0.0,-0.0,0.0,0.0,,266.58447553789955,,1.1495959758758545,0.0,0.0,0.0,1.0,0.0,0.0,1.0,21.703893229286845,12.282795198152524
104,1,7,3,1,high,0,"[0.45344612002372742, -0.02981450781226158, 0.82829070091247559]",0.9447580504334113,0.0,28.698414369063393,-1.8084303504634818,3.334543485274809,10.490890396217571,,72.28365570736196,,0.7417585253715515,28.75533702864464,0.4534461200237274,-0.02981450781226158,0.8282907009124756,0.6317909359931946,0.017221450805664062,0.7749475240707397,8.66820493042218,8.338941717179894
105,0,7,3,1,high,0,"[0.00000000000000000, 0.00000000000000000, 1.00000000000000000]",1.0,0.0,-0.0,-0.0,0.0,0.0,,266.58447553789955,,1.1571955680847168,0.0,0.0,0.0,1.0,0.0,0.0,1.0,21.703893229286845,12.282795198152524
106,1,7,3,1,high,1,"[0.46369495987892151, -0.01412831805646420, 0.98722201585769653]",1.090788675125642,0.0,25.15929100919182,-0.7421379140015034,6.095440797906549,-4.729810494237546,,59.053912704959295,,0.7858311533927917,25.170234261297583,0.4636949598789215,-0.014128318056464195,0.9872220158576965,0.3477548360824585,0.08620654046535492,0.9336139559745789,7.733825612301775,7.635795745255162
107,0,7,3,1,high,1,"[0.00000000000000000, 0.00000000000000000, 1.00000000000000000]",1.0,0.0,-0.0,-0.0,0.0,0.0,,266.58447553789955,,1.1585804224014282,0.0,0.0,0.0,1.0,0.0,0.0,1.0,21.703893229286845,12.282795198152524
108,1,7,4,2,high,0,"[0.39830100536346436, 0.02282152697443962, 1.00160861015319824]",1.0781392864096981,0.0,21.685802358270777,1.2128997246870483,3.6422115546640503,1.6641571900847951,,54.58039499601722,,0.7417585253715515,21.719694971710084,0.39830100536346436,0.02282152697443962,1.0016086101531982,0.3951003849506378,0.07922540605068207,0.9152153134346008,7.459594008149156,7.316805034750073
109,0,7,4,2,high,0,"[0.00000000000000000, 0.00000000000000000, 1.00000000000000000]",1.0,0.0,-0.0,-0.0,0.0,0.0,,266.58447553789955,,1.1571955680847168,0.0,0.0,0.0,1.0,0.0,0.0,1.0,21.703893229286845,12.282795198152524
110,1,7,4,2,high,1,"[0.45538470149040222, -0.07180095463991165, 0.95060425996780396]",1.0564937588588215,0.0,25.59663973542324,-3.896913811894507,14.646805675948324,5.9915837333134,,83.43989035362024,,1.059826135635376,25.891579770311083,0.4553847014904022,-0.07180095463991165,0.950604259967804,0.517612099647522,0.15338772535324097,0.8417540788650513,9.47518381600218,8.806150041406335
111,0,7,4,2,high,1,"[0.00000000000000000, 0.00000000000000000, 1.00000000000000000]",1.0,0.0,-0.0,-0.0,0.0,0.0,,266.58447553789955,,1.3865602016448975,0.0,0.0,0.0,1.0,0.0,0.0,1.0,21.703893229286845,12.282795198152524
112,1,8,1,1,low,0,"[0.36564266681671143, -0.00168623193167150, 0.98652935028076172]",1.052111002765557,0.0,20.336487309094906,-0.09182872726636049,18.828960363157243,-10.46429988316127,,126.12058468408772,,1.0776855945587158,20.336694632809174,0.3656426668167114,-0.0016862319316715002,0.9865293502807617,0.16261690855026245,0.3168514668941498,0.9344307780265808,11.333757763712528,11.127870148053631
113,0,8,1,1,low,0,"[0.00000000000000000, 0.00000000000000000, 1.00000000000000000]",1.0,0.0,-0.0,-0.0,0.0,0.0,,266.58447553789955,,1.088850498199463,0.0,0.0,0.0,1.0,0.0,0.0,1.0,21.703893229286845,12.282795198152524
114,1,8,1,1,low,1,"[0.14520326256752014, 0.14665701985359192, 0.97767013311386108]",0.9992152711580543,0.0,8.447798346694839,8.439916645571031,-9.328287962715688,-10.261815316461236,,14.057193365238493,,0.3411438465118408,11.941419090317826,0.14520326256752014,0.14665701985359192,0.9776701331138611,-0.03165221959352493,-0.013905469328165054,0.9994022250175476,3.7427079931309897,3.7558883543780945
115,0,8,1,1,low,1,"[0.00000000000000000, 0.00000000000000000, 1.00000000000000000]",1.0,0.0,-0.0,-0.0,0.0,0.0,,266.58447553789955,,1.1054062843322754,0.0,0.0,0.0,1.0,0.0,0.0,1.0,21.703893229286845,12.282795198152524
116,1,8,2,2,low,0,"[0.28966856002807617, 0.00095622718799859, 0.99155336618423462]",1.032998967584412,0.0,16.284990859611213,0.053037603784403586,-5.353698307429573,-10.593092885872721,,103.31086882602486,,1.0123779773712158,16.285077226867422,0.28966856002807617,0.0009562271879985929,0.9915533661842346,0.09875941276550293,-0.09189210832118988,0.9908594489097595,10.103621339186422,10.225132688349918
117,0,8,2,2,low,0,"[0.00000000000000000, 0.00000000000000000, 1.00000000000000000]",1.0,0.0,-0.0,-0.0,0.0,0.0,,266.58447553789955,,1.173841953277588,0.0,0.0,0.0,1.0,0.0,0.0,1.0,21.703893229286845,12.282795198152524
118,1,8,2,2,low,1,"[-0.00349192391149700, 0.23556657135486603, 1.00901734828948975]",1.0361562682441507,0.0,-0.1982837105104096,13.140903268645744,-13.934759693709259,1.7721747599725242,,129.1254561230194,,1.0129883289337158,13.14239913964563,-0.003491923911496997,0.23556657135486603,1.0090173482894897,0.02746349200606346,-0.013848413713276386,0.999526858329773,11.526295761054369,11.202684609162558
119,0,8,2,2,low,1,"[0.00000000000000000, 0.00000000000000000, 1.00000000000000000]",1.0,0.0,-0.0,-0.0,0.0,0.0,,266.58447553789955,,1.040785312652588,0.0,0.0,0.0,1.0,0.0,0.0,1.0,21.703893229286845,12.282795198152524
120,1,8,3,1,high,0,"[0.32509589195251465, -0.01260650809854269, 0.98367452621459961]",1.0360800338460137,0.0,18.288272218649283,-0.6971638373085938,-6.973588389523296,-18.277959199074193,,90.61178299746429,,1.059826135635376,18.301555621298153,0.32509589195251465,-0.01260650809854269,0.9836745262145996,0.0001783698535291478,-0.13412170112133026,0.9909648299217224,9.292210935093921,9.751369575054575
121,0,8,3,1,high,0,"[0.00000000000000000, 0.00000000000000000, 1.00000000000000000]",1.0,0.017883777618408203,-0.0,-0.0,0.0,0.0,,266.58447553789955,,1.2857651710510254,0.0,0.0,0.0,1.0,0.0,0.0,1.0,21.703893229286845,12.282795198152524
122,1,8,3,1,high,1,"[0.14520326256752014, 0.14665701985359192, 0.97767013311386108]",0.9992152711580543,0.0,8.447798346694839,8.439916645571031,-9.328287962715688,-10.261815316461236,,14.057193365238493,,0.3411438465118408,11.941419090317826,0.14520326256752014,0.14665701985359192,0.9776701331138611,-0.03165221959352493,-0.013905469328165054,0.9994022250175476,3.7427079931309897,3.7558883543780945
123,0,8,3,1,high,1,"[0.00000000000000000, 0.00000000000000000, 1.00000000000000000]",1.0,0.0,-0.0,-0.0,0.0,0.0,,266.58447553789955,,1.1054062843322754,0.0,0.0,0.0,1.0,0.0,0.0,1.0,21.703893229286845,12.282795198152524
124,1,8,4,2,high,0,"[-0.00925408676266670, 0.20915968716144562, 0.93999803066253662]",0.9630315210338298,0.0,-0.5640469116013094,12.543972777468227,-2.9378199479329523,0.35465362567480196,,120.20115157823062,,1.102703332901001,12.55664771984748,-0.009254086762666702,0.20915968716144562,0.9399980306625366,-0.0036033443175256252,0.1668836772441864,0.9859700202941895,10.936787184911486,10.99053584438961
125,0,8,4,2,high,0,"[0.00000000000000000, 0.00000000000000000, 1.00000000000000000]",1.0,0.017883777618408203,-0.0,-0.0,0.0,0.0,,266.58447553789955,,1.2857651710510254,0.0,0.0,0.0,1.0,0.0,0.0,1.0,21.703893229286845,12.282795198152524
126,1,8,4,2,high,1,"[0.01263175066560507, 0.17041189968585968, 0.90775644779205322]",0.9236999216127867,0.0,0.7972394947049821,10.631305151057987,6.251621168580853,-3.3082889094325085,,73.43198129094921,,1.0598260164260864,10.661155660941713,0.012631750665605068,0.17041189968585968,0.9077564477920532,-0.04192693158984184,0.29017847776412964,0.9560536742210388,8.44444511737434,8.695891828329115
127,0,8,4,2,high,1,"[0.00000000000000000, 0.00000000000000000, 1.00000000000000000]",1.0,0.0,-0.0,-0.0,0.0,0.0,,266.58447553789955,,1.6692185401916504,0.0,0.0,0.0,1.0,0.0,0.0,1.0,21.703893229286845,12.282795198152524
128,1,9,1,1,low,0,"[-0.16614529490470886, -0.08078655600547791, 0.80030369758605957]",0.8213505554999753,0.3205254077911377,-11.728168169261593,-5.64463572858142,-11.993630336834434,-26.1685939199496,,44.86376271756514,,0.6310207843780518,13.015830404352185,-0.16614529490470886,-0.0807865560054779,0.8003036975860596,-0.595518171787262,-0.24501466751098633,0.7650659680366516,6.739437068603055,6.6569006077037916
129,0,9,1,1,low,0,"[0.00000000000000000, 0.00000000000000000, 1.00000000000000000]",1.0,0.0,-0.0,-0.0,0.0,0.0,,266.58447553789955,,1.4226263761520386,0.0,0.0,0.0,1.0,0.0,0.0,1.0,21.703893229286845,12.282795198152524
130,1,9,1,1,low,1,"[-0.20775617659091949, -0.07240197062492371, 0.73346811532974243]",0.7657546281070811,0.3205254077911377,-15.814870406620756,-5.425410399335817,-21.62232825106667,-24.01043324860058,,52.5357834998879,,0.6310207843780518,16.71960537750309,-0.2077561765909195,-0.0724019706249237,0.7334681153297424,-0.595518171787262,-0.367951899766922,0.7141215801239014,7.42499149625656,7.075534500797036
131,0,9,1,1,low,1,"[0.00000000000000000, 0.00000000000000000, 1.00000000000000000]",1.0,0.0,-0.0,-0.0,0.0,0.0,,266.58447553789955,,1.4226263761520386,0.0,0.0,0.0,1.0,0.0,0.0,1.0,21.703893229286845,12.282795198152524
132,1,9,2,2,low,0,"[-0.18663653731346130, -0.09124352782964706, 0.89008599519729614]",0.9140085652101514,0.0,-11.842421586880903,-5.729258531284927,1.4347536924292907,8.105344387241837,,34.98871843866665,,0.6271679401397705,13.15550654135841,-0.1866365373134613,-0.09124352782964706,0.8900859951972961,-0.06498519331216812,-0.07687366753816605,0.9949207901954651,5.885411061310731,5.944991449904668
133,0,9,2,2,low,0,"[0.00000000000000000, 0.00000000000000000, 1.00000000000000000]",1.0,0.0,-0.0,-0.0,0.0,0.0,,266.58447553789955,,1.4226263761520386,0.0,0.0,0.0,1.0,0.0,0.0,1.0,21.703893229286845,12.282795198152524
134,1,9,2,2,low,1,"[-0.18286210298538208, -0.08685205876827240, 0.88870739936828613]",0.9114728029472225,0.0,-11.627011795668153,-5.4678733561083135,1.1634635233620503,7.889934596029065,,35.63788398972443,,0.6310207843780518,12.848542420642334,-0.18286210298538208,-0.0868520587682724,0.8887073993682861,-0.06498519331216812,-0.07687365263700485,0.9949207901954651,5.940989156786022,5.998644846711679
135,0,9,2,2,low,1,"[0.00000000000000000, 0.00000000000000000, 1.00000000000000000]",1.0,0.0,-0.0,-0.0,0.0,0.0,,266.58447553789955,,1.4226263761520386,0.0,0.0,0.0,1.0,0.0,0.0,1.0,21.703893229286845,12.282795198152524
136,1,9,3,1,high,0,"[-0.68539470434188843, -0.53568625450134277, 1.15277647972106934]",1.4441673297092976,0.5912649631500244,-30.734020365224183,-21.773038348102318,12.302370422535374,14.297268680896545,,40.06197492811622,,1.059826135635376,37.66490683272625,-0.6853947043418884,-0.5356862545013428,1.1527764797210693,-0.27664828300476074,-0.20998220145702362,0.9377490282058716,6.329184893441958,6.329721062443095
137,0,9,3,1,high,0,"[0.00000000000000000, 0.00000000000000000, 1.00000000000000000]",1.0,0.0,-0.0,-0.0,0.0,0.0,,266.58447553789955,,1.4226263761520386,0.0,0.0,0.0,1.0,0.0,0.0,1.0,21.703893229286845,12.282795198152524
138,1,9,3,1,high,1,"[-0.31542661786079407, -0.11227539926767349, 0.76836520433425903]",0.838143665350662,0.5912649631500244,-22.318960597598732,-7.698325575485498,28.07342167923414,-16.502395825056166,,52.17651452683588,,1.059826135635376,23.609324827773854,-0.31542661786079407,-0.11227539926767349,0.768365204334259,-0.6036952137947083,0.26952406764030457,0.7502725720405579,8.152431282886447,6.40011705911151
139,0,9,3,1,high,1,"[0.00000000000000000, 0.00000000000000000, 1.00000000000000000]",1.0,0.0,-0.0,-0.0,0.0,0.0,,266.58447553789955,,2.3221843242645264,0.0,0.0,0.0,1.0,0.0,0.0,1.0,21.703893229286845,12.282795198152524
140,1,9,4,2,high,0,"[-0.29348018765449524, -0.04033761471509933, 1.05567836761474609]",1.0964554526091594,0.06342911720275879,-15.536011333870704,-2.1083362118037314,-15.439777992006032,2.824680883400718,,71.1392803655181,,1.0679895877838135,15.678416047170131,-0.29348018765449524,-0.040337614715099335,1.055678367614746,-0.2101738452911377,-0.29607143998146057,0.9317557215690613,8.533528684763617,8.336443573751074
141,0,9,4,2,high,0,"[0.00000000000000000, 0.00000000000000000, 1.00000000000000000]",1.0,0.0,-0.0,-0.0,0.0,0.0,,266.58447553789955,,1.4226263761520386,0.0,0.0,0.0,1.0,0.0,0.0,1.0,21.703893229286845,12.282795198152524
142,1,9,4,2,high,1,"[-0.17740474641323090, -0.07694836705923080, 0.91307055950164795]",0.9333227426092634,0.06342911720275879,-10.995272012397407,-4.729153668729211,-3.4966695266398746,-1.2622483426488094,,68.59031126592424,,0.8865768909454346,11.969164592780261,-0.1774047464132309,-0.0769483670592308,0.913070559501648,-0.2101738452911377,-0.1413656771183014,0.9673896431922913,8.325813727865077,8.238271177790608
143,0,9,4,2,high,1,"[0.00000000000000000, 0.00000000000000000, 1.00000000000000000]",1.0,0.0,-0.0,-0.0,0.0,0.0,,266.58447553789955,,1.4226263761520386,0.0,0.0,0.0,1.0,0.0,0.0,1.0,21.703893229286845,12.282795198152524
144,1,10,1,1,low,0,"[0.05100136995315552, 0.19338376820087433, 1.00129902362823486]",1.0210769590288111,0.0,2.915852331195822,10.917301907033917,-10.301027419891453,-3.4821426515571194,,57.47416868820756,,1.059826135635376,11.29998565249826,0.05100136995315552,0.19338376820087433,1.0012990236282349,-0.009882871992886066,0.010996324941515923,0.9998906850814819,7.635301808710728,7.527425912966296
145,0,10,1,1,low,0,"[0.00000000000000000, 0.00000000000000000, 1.00000000000000000]",1.0,0.0,-0.0,-0.0,0.0,0.0,,266.58447553789955,,1.6692185401916504,0.0,0.0,0.0,1.0,0.0,0.0,1.0,21.703893229286845,12.282795198152524
146,1,10,1,1,low,1,"[-0.00640022475272417, 0.19200514256954193, 1.01471495628356934]",1.0327407129360213,0.0,-0.36138326450334546,10.714661584671262,-10.085532596758094,1.49124331924795,,56.30951611379822,,1.059826135635376,10.720754205646783,-0.006400224752724171,0.19200514256954193,1.0147149562835693,0.01971731148660183,0.010981650091707706,0.9997453093528748,7.561067986022093,7.4472966276584
147,0,10,1,1,low,1,"[0.00000000000000000, 0.00000000000000000, 1.00000000000000000]",1.0,0.0,-0.0,-0.0,0.0,0.0,,266.58447553789955,,1.6692185401916504,0.0,0.0,0.0,1.0,0.0,0.0,1.0,21.703893229286845,12.282795198152524
148,1,10,2,2,low,0,"[0.05100136995315552, 0.19338376820087433, 1.00129902362823486]",1.0210769590288111,0.0,2.915852331195822,10.917301907033917,-10.301027419891453,-3.4821426515571194,,57.47416868820756,,1.059826135635376,11.29998565249826,0.05100136995315552,0.19338376820087433,1.0012990236282349,-0.009882871992886066,0.010996324941515923,0.9998906850814819,7.635301808710728,7.527425912966296
149,0,10,2,2,low,0,"[0.00000000000000000, 0.00000000000000000, 1.00000000000000000]",1.0,0.0,-0.0,-0.0,0.0,0.0,,266.58447553789955,,1.6692185401916504,0.0,0.0,0.0,1.0,0.0,0.0,1.0,21.703893229286845,12.282795198152524
150,1,10,2,2,low,1,"[-0.00640022475272417, 0.19200514256954193, 1.01471495628356934]",1.0327407129360213,0.0,-0.36138326450334546,10.714661584671262,-10.085532596758094,1.49124331924795,,56.30951611379822,,1.059826135635376,10.720754205646783,-0.006400224752724171,0.19200514256954193,1.0147149562835693,0.01971731148660183,0.010981650091707706,0.9997453093528748,7.561067986022093,7.4472966276584
151,0,10,2,2,low,1,"[0.00000000000000000, 0.00000000000000000, 1.00000000000000000]",1.0,0.0,-0.0,-0.0,0.0,0.0,,266.58447553789955,,1.6692185401916504,0.0,0.0,0.0,1.0,0.0,0.0,1.0,21.703893229286845,12.282795198152524
152,1,10,3,1,high,0,"[0.05100136995315552, 0.19338376820087433, 1.00129902362823486]",1.0210769590288111,0.0,2.915852331195822,10.917301907033917,-10.301027419891453,-3.4821426515571194,,57.47416868820756,,1.059826135635376,11.29998565249826,0.05100136995315552,0.19338376820087433,1.0012990236282349,-0.009882871992886066,0.010996324941515923,0.9998906850814819,7.635301808710728,7.527425912966296
153,0,10,3,1,high,0,"[0.00000000000000000, 0.00000000000000000, 1.00000000000000000]",1.0,0.0,-0.0,-0.0,0.0,0.0,,266.58447553789955,,1.6692185401916504,0.0,0.0,0.0,1.0,0.0,0.0,1.0,21.703893229286845,12.282795198152524
154,1,10,3,1,high,1,"[-0.00640022475272417, 0.19200514256954193, 1.01471495628356934]",1.0327407129360213,0.0,-0.36138326450334546,10.714661584671262,-10.085532596758094,1.49124331924795,,56.30951611379822,,1.059826135635376,10.720754205646783,-0.006400224752724171,0.19200514256954193,1.0147149562835693,0.01971731148660183,0.010981650091707706,0.9997453093528748,7.561067986022093,7.4472966276584
155,0,10,3,1,high,1,"[0.00000000000000000, 0.00000000000000000, 1.00000000000000000]",1.0,0.0,-0.0,-0.0,0.0,0.0,,266.58447553789955,,1.6692185401916504,0.0,0.0,0.0,1.0,0.0,0.0,1.0,21.703893229286845,12.282795198152524
156,1,10,4,2,high,0,"[0.05100136995315552, 0.19338376820087433, 1.00129902362823486]",1.0210769590288111,0.0,2.915852331195822,10.917301907033917,-10.301027419891453,-3.4821426515571194,,57.47416868820756,,1.059826135635376,11.29998565249826,0.05100136995315552,0.19338376820087433,1.0012990236282349,-0.009882871992886066,0.010996324941515923,0.9998906850814819,7.635301808710728,7.527425912966296
157,0,10,4,2,high,0,"[0.00000000000000000, 0.00000000000000000, 1.00000000000000000]",1.0,0.0,-0.0,-0.0,0.0,0.0,,266.58447553789955,,1.6692185401916504,0.0,0.0,0.0,1.0,0.0,0.0,1.0,21.703893229286845,12.282795198152524
158,1,10,4,2,high,1,"[-0.00640022475272417, 0.19200514256954193, 1.01471495628356934]",1.0327407129360213,0.0,-0.36138326450334546,10.714661584671262,-10.085532596758094,1.49124331924795,,56.30951611379822,,1.059826135635376,10.720754205646783,-0.006400224752724171,0.19200514256954193,1.0147149562835693,0.01971731148660183,0.010981650091707706,0.9997453093528748,7.561067986022093,7.4472966276584
159,0,10,4,2,high,1,"[0.00000000000000000, 0.00000000000000000, 1.00000000000000000]",1.0,0.0,-0.0,-0.0,0.0,0.0,,266.58447553789955,,1.6692185401916504,0.0,0.0,0.0,1.0,0.0,0.0,1.0,21.703893229286845,12.282795198152524
160,1,11,1,1,low,0,"[-0.27002796530723572, 0.00140062475111336, 0.90246087312698364]",0.9419939974982733,0.0,-16.657863182630706,0.08519153699786841,6.486909713912504,-9.738275628747575,,29.27861508857049,,0.8513517379760742,16.658081024212233,-0.2700279653072357,0.0014006247511133552,0.9024608731269836,-0.44222351908683777,0.10271187871694565,0.8910042643547058,5.693326722289746,5.142619862995531
161,0,11,1,1,low,0,"[0.00000000000000000, 0.00000000000000000, 1.00000000000000000]",1.0,0.21197474002838135,-0.0,-0.0,0.0,0.0,,266.58447553789955,,2.158848285675049,0.0,0.0,0.0,1.0,0.0,0.0,1.0,21.703893229286845,12.282795198152524
162,1,11,1,1,low,1,"[-0.29429569840431213, 0.05223644897341728, 0.88684916496276855]",0.9358632624992789,0.0,-18.35812249952619,3.199702803560612,2.4207307348460665,-13.51598778688417,,26.8211369986079,,0.7478697299957275,18.6348801911556,-0.29429569840431213,0.05223644897341728,0.8868491649627686,-0.5261066555976868,0.08581647276878357,0.8460776209831238,5.5070402234889375,4.87033613522721
163,0,11,1,1,low,1,"[0.00000000000000000, 0.00000000000000000, 1.00000000000000000]",1.0,0.19948029518127441,-0.0,-0.0,0.0,0.0,,266.58447553789955,,2.023601531982422,0.0,0.0,0.0,1.0,0.0,0.0,1.0,21.703893229286845,12.282795198152524
164,1,11,2,2,low,0,"[-0.27002796530723572, 0.00140062475111336, 0.90246087312698364]",0.9419939974982733,0.0,-16.657863182630706,0.08519153699786841,6.486909713912504,-9.738275628747575,,29.27861508857049,,0.8513517379760742,16.658081024212233,-0.2700279653072357,0.0014006247511133552,0.9024608731269836,-0.44222351908683777,0.10271187871694565,0.8910042643547058,5.693326722289746,5.142619862995531
165,0,11,2,2,low,0,"[0.00000000000000000, 0.00000000000000000, 1.00000000000000000]",1.0,0.21197474002838135,-0.0,-0.0,0.0,0.0,,266.58447553789955,,2.158848285675049,0.0,0.0,0.0,1.0,0.0,0.0,1.0,21.703893229286845,12.282795198152524
166,1,11,2,2,low,1,"[-0.29429569840431213, 0.05223644897341728, 0.88684916496276855]",0.9358632624992789,0.0,-18.35812249952619,3.199702803560612,2.4207307348460665,-13.51598778688417,,26.8211369986079,,0.7478697299957275,18.6348801911556,-0.29429569840431213,0.05223644897341728,0.8868491649627686,-0.5261066555976868,0.08581647276878357,0.8460776209831238,5.5070402234889375,4.87033613522721
167,0,11,2,2,low,1,"[0.00000000000000000, 0.00000000000000000, 1.00000000000000000]",1.0,0.19948029518127441,-0.0,-0.0,0.0,0.0,,266.58447553789955,,2.023601531982422,0.0,0.0,0.0,1.0,0.0,0.0,1.0,21.703893229286845,12.282795198152524
168,1,11,3,1,high,0,"[-0.30570593476295471, 0.06958650052547455, 0.93411618471145630]",0.9853280906097021,0.3541865348815918,-18.121593394370137,4.049752092869625,16.25613265652444,-20.823866048647538,,42.113059587717785,,0.6421095728874207,18.568592815950844,-0.3057059347629547,0.06958650052547455,0.9341161847114563,-0.6035383939743042,0.279447078704834,0.7467601895332336,6.545639626008185,6.433757737041835
169,0,11,3,1,high,0,"[0.00000000000000000, 0.00000000000000000, 1.00000000000000000]",1.0,0.18632078170776367,-0.0,-0.0,0.0,0.0,,266.58447553789955,,1.2368335723876953,0.0,0.0,0.0,1.0,0.0,0.0,1.0,21.703893229286845,12.282795198152524
170,1,11,3,1,high,1,"[-0.38584598898887634, 0.02821877971291542, 0.92421662807464600]",1.0019230521137632,0.3541865348815918,-22.659773283830475,1.6139271464041514,20.60770931688716,-27.15897437850848,,90.19461184336146,,0.6421095728874207,22.717176015264258,-0.38584598898887634,0.02821877971291542,0.924216628074646,-0.7384495735168457,0.25648635625839233,0.6236242055892944,7.875262841619428,11.452901783378993
171,0,11,3,1,high,1,"[0.00000000000000000, 0.00000000000000000, 1.00000000000000000]",1.0,0.18632078170776367,-0.0,-0.0,0.0,0.0,,266.58447553789955,,0.682482898235321,0.0,0.0,0.0,1.0,0.0,0.0,1.0,21.703893229286845,12.282795198152524
172,1,11,4,2,high,0,"[-0.29368290305137634, 0.10123654454946518, 0.87581330537796021]",0.9292725280422681,0.3541865348815918,-18.53763749361707,6.254313783221832,-1.3927621449512337,-15.324877885157116,,45.563215648471015,,0.6421095728874207,19.56426448256504,-0.29368290305137634,0.10123654454946518,0.8758133053779602,-0.5556171536445618,0.07536808401346207,0.8280152082443237,6.896245666660771,6.606959474883841
173,0,11,4,2,high,0,"[0.00000000000000000, 0.00000000000000000, 1.00000000000000000]",1.0,0.5041255950927734,-0.0,-0.0,0.0,0.0,,266.58447553789955,,1.282266616821289,0.0,0.0,0.0,1.0,0.0,0.0,1.0,21.703893229286845,12.282795198152524
174,1,11,4,2,high,1,"[-0.23939956724643707, 0.04210355877876282, 0.86875700950622559]",0.9021217235084289,0.3541865348815918,-15.406376215364858,2.6750634667335333,28.851520303598477,-29.184110706314662,,46.35666546749823,,0.6421095728874207,15.636892039034242,-0.23939956724643707,0.04210355877876282,0.8687570095062256,-0.6429235935211182,0.4016342759132385,0.6521803140640259,6.821626672310328,6.795544185328204
175,0,11,4,2,high,1,"[0.00000000000000000, 0.00000000000000000, 1.00000000000000000]",1.0,0.5041255950927734,-0.0,-0.0,0.0,0.0,,266.58447553789955,,1.245187759399414,0.0,0.0,0.0,1.0,0.0,0.0,1.0,21.703893229286845,12.282795198152524
176,1,12,1,1,low,0,"[-0.00282963737845421, 0.17583282291889191, 0.96755576133728027]",0.9834070061578186,0.5173602104187012,-0.16756224664887043,10.299850291478492,9.694574022312008,-0.01888411917376149,,41.83320206800754,,1.059826135635376,10.301213187453776,-0.0028296373784542084,0.1758328229188919,0.9675557613372803,-0.003057960420846939,0.34192779660224915,0.9397212266921997,6.3118370828608015,6.627737934111394
177,0,12,1,1,low,0,"[0.00000000000000000, 0.00000000000000000, 1.00000000000000000]",1.0,0.2334359884262085,-0.0,-0.0,0.0,0.0,,266.58447553789955,,2.101207733154297,0.0,0.0,0.0,1.0,0.0,0.0,1.0,21.703893229286845,12.282795198152524
178,1,12,1,1,low,1,"[0.00450182054191828, 0.17985822260379791, 0.99043607711791992]",1.0066443609751774,0.5173602104187012,0.26042421805080096,10.292362815154164,7.356732829029719,-0.44429961222180653,,39.61795829477549,,1.059826135635376,10.29565700147958,0.004501820541918278,0.1798582226037979,0.9904360771179199,-0.003058170899748802,0.3031868636608124,0.9529262185096741,6.16624710336611,6.424970915153292
179,0,12,1,1,low,1,"[0.00000000000000000, 0.00000000000000000, 1.00000000000000000]",1.0,0.2334359884262085,-0.0,-0.0,0.0,0.0,,266.58447553789955,,2.101207733154297,0.0,0.0,0.0,1.0,0.0,0.0,1.0,21.703893229286845,12.282795198152524
180,1,12,2,2,low,0,"[-0.00282963737845421, 0.17583282291889191, 0.96755576133728027]",0.9834070061578186,0.5173602104187012,-0.16756224664887043,10.299850291478492,9.694574022312008,-0.01888411917376149,,41.83320206800754,,1.059826135635376,10.301213187453776,-0.0028296373784542084,0.1758328229188919,0.9675557613372803,-0.003057960420846939,0.34192779660224915,0.9397212266921997,6.3118370828608015,6.627737934111394
181,0,12,2,2,low,0,"[0.00000000000000000, 0.00000000000000000, 1.00000000000000000]",1.0,0.2334359884262085,-0.0,-0.0,0.0,0.0,,266.58447553789955,,2.101207733154297,0.0,0.0,0.0,1.0,0.0,0.0,1.0,21.703893229286845,12.282795198152524
182,1,12,2,2,low,1,"[0.00450182054191828, 0.17985822260379791, 0.99043607711791992]",1.0066443609751774,0.5173602104187012,0.26042421805080096,10.292362815154164,7.356732829029719,-0.44429961222180653,,39.61795829477549,,1.059826135635376,10.29565700147958,0.004501820541918278,0.1798582226037979,0.9904360771179199,-0.003058170899748802,0.3031868636608124,0.9529262185096741,6.16624710336611,6.424970915153292
183,0,12,2,2,low,1,"[0.00000000000000000, 0.00000000000000000, 1.00000000000000000]",1.0,0.2334359884262085,-0.0,-0.0,0.0,0.0,,266.58447553789955,,2.101207733154297,0.0,0.0,0.0,1.0,0.0,0.0,1.0,21.703893229286845,12.282795198152524
184,1,12,3,1,high,0,"[0.00722318608313799, 0.17161500453948975, 0.83537662029266357]",0.8528528489322609,0.8112610131502151,0.4954026168621226,11.608581578109892,19.493117798740975,-4.1936081198551145,,74.7855345972037,,0.9870154857635498,11.619147559456596,0.007223186083137989,0.17161500453948975,0.8353766202926636,-0.0552595779299736,0.515775740146637,0.8549396395683289,8.40063778922603,8.902363900645437
185,0,12,3,1,high,0,"[0.00000000000000000, 0.00000000000000000, 1.00000000000000000]",1.0,0.03978961706161499,-0.0,-0.0,0.0,0.0,,266.58447553789955,,1.6925115585327148,0.0,0.0,0.0,1.0,0.0,0.0,1.0,21.703893229286845,12.282795198152524
186,1,12,3,1,high,1,"[-0.02085758745670319, 0.21820797026157379, 0.85665094852447510]",0.8842514375719571,0.8112610131502151,-1.394752050742241,14.28654249890252,4.827716407529968,-2.0268597473490377,,68.59338269569197,,0.9870154857635498,14.354463760656389,-0.020857587456703186,0.2182079702615738,0.8566509485244751,-0.056401822715997696,0.32699865102767944,0.9433401823043823,8.115682536388503,8.451954889578047
187,0,12,3,1,high,1,"[0.00000000000000000, 0.00000000000000000, 1.00000000000000000]",1.0,0.03978961706161499,-0.0,-0.0,0.0,0.0,,266.58447553789955,,1.6925115585327148,0.0,0.0,0.0,1.0,0.0,0.0,1.0,21.703893229286845,12.282795198152524
188,1,12,4,2,high,0,"[0.00722318608313799, 0.17161500453948975, 0.83537662029266357]",0.8528528489322609,0.8112610131502151,0.4954026168621226,11.608581578109892,19.493117798740975,-4.1936081198551145,,74.7855345972037,,0.9870154857635498,11.619147559456596,0.007223186083137989,0.17161500453948975,0.8353766202926636,-0.0552595779299736,0.515775740146637,0.8549396395683289,8.40063778922603,8.902363900645437
189,0,12,4,2,high,0,"[0.00000000000000000, 0.00000000000000000, 1.00000000000000000]",1.0,0.03978961706161499,-0.0,-0.0,0.0,0.0,,266.58447553789955,,1.6925115585327148,0.0,0.0,0.0,1.0,0.0,0.0,1.0,21.703893229286845,12.282795198152524
190,1,12,4,2,high,1,"[-0.02085758745670319, 0.21820797026157379, 0.85665094852447510]",0.8842514375719571,0.8112610131502151,-1.394752050742241,14.28654249890252,4.827716407529968,-2.0268597473490377,,68.59338269569197,,0.9870154857635498,14.354463760656389,-0.020857587456703186,0.2182079702615738,0.8566509485244751,-0.056401822715997696,0.32699865102767944,0.9433401823043823,8.115682536388503,8.451954889578047
191,0,12,4,2,high,1,"[0.00000000000000000, 0.00000000000000000, 1.00000000000000000]",1.0,0.03978961706161499,-0.0,-0.0,0.0,0.0,,266.58447553789955,,1.6925115585327148,0.0,0.0,0.0,1.0,0.0,0.0,1.0,21.703893229286845,12.282795198152524
192,1,13,1,1,low,0,"[0.43422728776931763, -0.05088088288903236, 0.85725307464599609]",0.9623019462087141,0.0,26.863735462676367,-3.0308781182679496,-18.200114649506215,11.822551345968806,,17.522229002621806,,0.27621525526046753,27.034172914599242,0.4342272877693176,-0.050880882889032364,0.8572530746459961,0.5971947312355042,-0.29523006081581116,0.7457866072654724,4.028783586953074,4.349260421772538
193,0,13,1,1,low,0,"[0.00000000000000000, 0.00000000000000000, 1.00000000000000000]",1.0,0.0,-0.0,-0.0,0.0,0.0,,266.58447553789955,,0.7739188075065613,0.0,0.0,0.0,1.0,0.0,0.0,1.0,21.703893229286845,12.282795198152524
194,1,13,1,1,low,1,"[0.43422728776931763, -0.05088088288903236, 0.85725307464599609]",0.9623019462087141,0.0,26.863735462676367,-3.0308781182679496,-18.200114649506215,11.822551345968806,,17.522229002621806,,0.27621525526046753,27.034172914599242,0.4342272877693176,-0.050880882889032364,0.8572530746459961,0.5971947312355042,-0.29523006081581116,0.7457866072654724,4.028783586953074,4.349260421772538
195,0,13,1,1,low,1,"[0.00000000000000000, 0.00000000000000000, 1.00000000000000000]",1.0,0.0,-0.0,-0.0,0.0,0.0,,266.58447553789955,,0.7739188075065613,0.0,0.0,0.0,1.0,0.0,0.0,1.0,21.703893229286845,12.282795198152524
196,1,13,2,2,low,0,"[0.25681564211845398, -0.03493352606892586, 0.95697438716888428]",0.991450756708362,0.04576998949050903,15.022070019729412,-2.0192207974117338,-3.4164143040649186,-15.022069593933601,,83.92254665363927,,0.6100000143051147,15.157171250149327,0.256815642118454,-0.03493352606892586,0.9569743871688843,7.397238377393478e-09,-0.09596769511699677,0.9953844547271729,9.022926295128645,9.301034266338617
197,0,13,2,2,low,0,"[0.00000000000000000, 0.00000000000000000, 1.00000000000000000]",1.0,0.08742302656173706,-0.0,-0.0,0.0,0.0,,266.58447553789955,,0.8100000023841858,0.0,0.0,0.0,1.0,0.0,0.0,1.0,21.703893229286845,12.282795198152524
198,1,13,2,2,low,1,"[0.25681564211845398, -0.03493352606892586, 0.95697438716888428]",0.991450756708362,0.04576998949050903,15.022070019729412,-2.0192207974117338,-3.4164143040649186,-15.022069593933601,,83.92254665363927,,0.6100000143051147,15.157171250149327,0.256815642118454,-0.03493352606892586,0.9569743871688843,7.397238377393478e-09,-0.09596769511699677,0.9953844547271729,9.022926295128645,9.301034266338617
199,0,13,2,2,low,1,"[0.00000000000000000, 0.00000000000000000, 1.00000000000000000]",1.0,0.08742302656173706,-0.0,-0.0,0.0,0.0,,266.58447553789955,,0.8100000023841858,0.0,0.0,0.0,1.0,0.0,0.0,1.0,21.703893229286845,12.282795198152524
200,1,13,3,1,high,0,"[0.33565428853034973, -0.06918521970510483, 0.95961743593215942]",1.0189779287989857,0.0,19.278778843028533,-3.89318843902808,-30.045810485652662,-23.074585943805683,,16.432023605746053,,0.2723052501678467,19.667949305918665,0.33565428853034973,-0.06918521970510483,0.9596174359321594,-0.054811157286167145,-0.5607988834381104,0.8261358141899109,4.440107207760273,3.7008168579863803
201,0,13,3,1,high,0,"[0.00000000000000000, 0.00000000000000000, 1.00000000000000000]",1.0,0.0,-0.0,-0.0,0.0,0.0,,266.58447553789955,,0.6859111785888672,0.0,0.0,0.0,1.0,0.0,0.0,1.0,21.703893229286845,12.282795198152524
202,1,13,3,1,high,1,"[0.23896370828151703, -0.05618600919842720, 0.98834937810897827]",1.01837862051091,0.0,13.5921588805883,-3.1627300137866854,-11.100355390435558,-18.77300719681455,,20.80884306879196,,0.2723052501678467,13.955272988202793,0.23896370828151703,-0.0561860091984272,0.9883493781089783,-0.08750268071889877,-0.24696163833141327,0.9650664329528809,4.533910515611132,4.589601624721768
203,0,13,3,1,high,1,"[0.00000000000000000, 0.00000000000000000, 1.00000000000000000]",1.0,0.0,-0.0,-0.0,0.0,0.0,,266.58447553789955,,0.6859111785888672,0.0,0.0,0.0,1.0,0.0,0.0,1.0,21.703893229286845,12.282795198152524
204,1,13,4,2,high,0,"[0.19030264019966125, -0.05279849842190742, 0.96110999584197998]",0.9811907054237421,0.008777141571044922,11.199870146935666,-3.084612332427483,-1.677861863890045,-14.120468977458167,,37.452956126273385,,0.34060972929000854,11.616881016416775,0.19030264019966125,-0.052798498421907425,0.96110999584198,-0.050772104412317276,-0.08395621925592422,0.9951751232147217,6.036735755575927,6.2041735207109845
205,0,13,4,2,high,0,"[0.00000000000000000, 0.00000000000000000, 1.00000000000000000]",1.0,0.0,-0.0,-0.0,0.0,0.0,,266.58447553789955,,0.6859111785888672,0.0,0.0,0.0,1.0,0.0,0.0,1.0,21.703893229286845,12.282795198152524
206,1,13,4,2,high,1,"[0.24484777450561523, -0.04583534598350525, 0.96273028850555420]",0.9944349752637263,0.008777141571044922,14.269310523234736,-2.641804339474774,-2.7812397772950237,-14.269310100014176,,111.46703050605642,,0.5192901492118835,14.5118004732895,0.24484777450561523,-0.04583534598350525,0.9627302885055542,7.3524986099471334e-09,-0.09596769511699677,0.9953844547271729,10.43553531398563,10.68148658906545
207,0,13,4,2,high,1,"[0.00000000000000000, 0.00000000000000000, 1.00000000000000000]",1.0,0.0,-0.0,-0.0,0.0,0.0,,266.58447553789955,,0.5961132049560547,0.0,0.0,0.0,1.0,0.0,0.0,1.0,21.703893229286845,12.282795198152524
208,1,14,1,1,low,0,"[0.11599411070346832, -0.08530122786760330, 0.90960794687271118]",0.9209329781301124,0.0,7.267192142540907,-5.31462770301188,-12.397016511734263,-1.9103098485893084,,8.258228099515119,,0.3730465769767761,9.003185506154454,0.11599411070346832,-0.0853012278676033,0.9096079468727112,0.08894864469766617,-0.30372926592826843,0.9485971927642822,2.8540106459229753,2.893551960400779
209,0,14,1,1,low,0,"[0.00000000000000000, 0.00000000000000000, 1.00000000000000000]",1.0,0.1651597023010254,-0.0,-0.0,0.0,0.0,,266.58447553789955,,1.7533925771713257,0.0,0.0,0.0,1.0,0.0,0.0,1.0,21.703893229286845,12.282795198152524
210,1,14,1,1,low,1,"[0.25764787197113037, 0.02765472605824471, 1.00235557556152344]",1.0353086060030032,0.0,14.415373627166858,1.5306427123519057,2.897331293585334,9.833148860485807,,9.448679745102048,,0.3332211375236511,14.496408656066984,0.25764787197113037,0.027654726058244705,1.0023555755615234,0.409652441740036,0.0712197870016098,0.9094573259353638,3.1099318363564064,3.038227280303389
211,0,14,1,1,low,1,"[0.00000000000000000, 0.00000000000000000, 1.00000000000000000]",1.0,0.1651597023010254,-0.0,-0.0,0.0,0.0,,266.58447553789955,,1.3061211109161377,0.0,0.0,0.0,1.0,0.0,0.0,1.0,21.703893229286845,12.282795198152524
212,1,14,2,2,low,0,"[0.23897810280323029, 0.06057924032211304, 0.94565725326538086]",0.9772655824446395,0.0,14.182348240999062,3.553958718912341,7.975407904267335,15.230829951994858,,18.192194417420602,,0.3966750502586365,14.620862635450147,0.23897810280323029,0.06057924032211304,0.9456572532653809,0.48338210582733154,0.1766360104084015,0.8574038743972778,4.274293641263161,4.256187324566768
213,0,14,2,2,low,0,"[0.00000000000000000, 0.00000000000000000, 1.00000000000000000]",1.0,0.1651597023010254,-0.0,-0.0,0.0,0.0,,266.58447553789955,,1.1704978942871094,0.0,0.0,0.0,1.0,0.0,0.0,1.0,21.703893229286845,12.282795198152524
214,1,14,2,2,low,1,"[0.23582147061824799, 0.06205846741795540, 0.97609311342239380]",1.00609183748475,0.0,13.582236587175458,3.536403693277208,-18.979944849762102,-5.81016915241654,,16.421867909899994,,0.3966750502586365,14.03507398597643,0.23582147061824799,0.0620584674179554,0.9760931134223938,0.13049688935279846,-0.2623186409473419,0.9561169147491455,4.140107538268155,3.9665317284896937
215,0,14,2,2,low,1,"[0.00000000000000000, 0.00000000000000000, 1.00000000000000000]",1.0,0.1651597023010254,-0.0,-0.0,0.0,0.0,,266.58447553789955,,1.1704978942871094,0.0,0.0,0.0,1.0,0.0,0.0,1.0,21.703893229286845,12.282795198152524
216,1,14,3,1,high,0,"[0.30383738875389099, -0.05126642063260078, 0.94826287031173706]",0.997069644458759,0.16537070274353027,17.766223917969583,-2.947281912643291,-0.7924711198075022,-5.838209319718508,,62.18716999643199,,1.059826135635376,18.009030595121683,0.303837388753891,-0.051266420632600784,0.9482628703117371,0.2062273919582367,-0.06633292138576508,0.9762531518936157,7.927474338421582,7.844512305140292
217,0,14,3,1,high,0,"[0.00000000000000000, 0.00000000000000000, 1.00000000000000000]",1.0,0.19357061386108398,-0.0,-0.0,0.0,0.0,,266.58447553789955,,1.6692185401916504,0.0,0.0,0.0,1.0,0.0,0.0,1.0,21.703893229286845,12.282795198152524
218,1,14,3,1,high,1,"[0.22522509098052979, -0.13216835260391235, 0.90119475126266479]",0.9382679759751988,0.0,14.031839516468679,-8.097855912509715,7.229690579684818,-14.031844639318026,,23.302291766846412,,0.6255322694778442,16.200857711729356,0.22522509098052979,-0.13216835260391235,0.9011947512626648,-8.939369422478194e-08,-0.01943778060376644,0.999811053276062,4.773954088265319,4.881130261416824
219,0,14,3,1,high,1,"[0.00000000000000000, 0.00000000000000000, 1.00000000000000000]",1.0,0.11926001310348511,-0.0,-0.0,0.0,0.0,,266.58447553789955,,1.6692185401916504,0.0,0.0,0.0,1.0,0.0,0.0,1.0,21.703893229286845,12.282795198152524
220,1,14,4,2,high,0,"[0.17687080800533295, -0.09335285425186157, 0.90937221050262451]",0.9311046425380223,0.0,11.006481258095874,-5.754161351246893,-3.7338458062822806,3.2896171998438324,,25.325152404544458,,0.6255322694778442,12.419863225535103,0.17687080800533295,-0.09335285425186157,0.9093722105026245,0.2436850219964981,-0.16165947914123535,0.9562864899635315,5.0701325682493215,4.99496848724195
221,0,14,4,2,high,0,"[0.00000000000000000, 0.00000000000000000, 1.00000000000000000]",1.0,0.3020439147949219,-0.0,-0.0,0.0,0.0,,266.58447553789955,,1.6692185401916504,0.0,0.0,0.0,1.0,0.0,0.0,1.0,21.703893229286845,12.282795198152524
222,1,14,4,2,high,1,"[0.23960283398628235, -0.05100705847144127, 1.00790607929229736]",1.0372491999237878,0.0,13.372332868204111,-2.8186749393652235,3.1213987297976926,-13.37233286820407,,17.000331336112485,,0.3354150056838989,13.666170449392819,0.23960283398628235,-0.05100705847144127,1.0079060792922974,0.0,0.003914855420589447,0.999992311000824,4.070049365240057,4.176934924009155
223,0,14,4,2,high,1,"[0.00000000000000000, 0.00000000000000000, 1.00000000000000000]",1.0,0.11579656600952148,-0.0,-0.0,0.0,0.0,,266.58447553789955,,0.9519219398498535,0.0,0.0,0.0,1.0,0.0,0.0,1.0,21.703893229286845,12.282795198152524
224,1,15,1,1,low,0,"[0.22704979777336121, -0.08614087849855423, 0.97635751962661743]",1.0061043026192003,0.0,13.09133130149337,-4.911576951500351,-11.263334008518807,1.4367196731062986,,7.950056888578895,,0.535388171672821,13.982365443513824,0.2270497977733612,-0.08614087849855423,0.9763575196266174,0.2413637936115265,-0.2724548876285553,0.9314031600952148,2.853298419606534,2.7862689839765156
225,0,15,1,1,low,0,"[0.00000000000000000, 0.00000000000000000, 1.00000000000000000]",1.0,0.0,-0.0,-0.0,0.0,0.0,,266.58447553789955,,2.3955178260803223,0.0,0.0,0.0,1.0,0.0,0.0,1.0,21.703893229286845,12.282795198152524
226,1,15,1,1,low,1,"[-0.00743893068283796, -0.14066691696643829, 0.91032099723815918]",0.9211551645793578,0.0,-0.4681973134365336,-8.783838641373663,8.784127345106057,0.4681973134364516,,15.971301247964652,,0.5986291170120239,8.79630774825428,-0.007438930682837963,-0.1406669169664383,0.9103209972381592,0.0,0.0,1.0,4.019912794175472,3.9730466967108775
227,0,15,1,1,low,1,"[0.00000000000000000, 0.00000000000000000, 1.00000000000000000]",1.0,0.35069990158081055,-0.0,-0.0,0.0,0.0,,266.58447553789955,,1.9905686378479004,0.0,0.0,0.0,1.0,0.0,0.0,1.0,21.703893229286845,12.282795198152524
228,1,15,2,2,low,0,"[0.27096429467201233, -0.05629229545593262, 1.02840292453765869]",1.0649896932423377,0.0,14.760857507173014,-3.0299022738149404,3.1331061211647433,-14.760857507173002,,34.152747551706206,,0.8517402410507202,15.068617127524838,0.27096429467201233,-0.05629229545593262,1.0284029245376587,0.0,0.0,1.0,5.751731278854399,5.9378204397804515
229,0,15,2,2,low,0,"[0.00000000000000000, 0.00000000000000000, 1.00000000000000000]",1.0,0.35069990158081055,-0.0,-0.0,0.0,0.0,,266.58447553789955,,1.6553986072540283,0.0,0.0,0.0,1.0,0.0,0.0,1.0,21.703893229286845,12.282795198152524
230,1,15,2,2,low,1,"[0.22618137300014496, -0.03401862457394600, 0.96755754947662354]",0.9942247692847642,0.0,13.157491572182721,-1.9608283725801385,2.013648755730059,-13.157491572182726,,39.479159802891786,,0.8517402410507202,13.30279791543022,0.22618137300014496,-0.034018624573946,0.9675575494766235,0.0,0.0,1.0,6.202781817606828,6.364750681835804
231,0,15,2,2,low,1,"[0.00000000000000000, 0.00000000000000000, 1.00000000000000000]",1.0,0.35069990158081055,-0.0,-0.0,0.0,0.0,,266.58447553789955,,1.6553986072540283,0.0,0.0,0.0,1.0,0.0,0.0,1.0,21.703893229286845,12.282795198152524
232,1,15,3,1,high,0,"[-0.24677936732769012, -0.04430107027292252, 0.91544675827026367]",0.9491603701132469,0.0,-15.086748610202406,-2.6751926470340663,13.958497244074819,-6.520664651844712,,27.603703946154024,,0.958202600479126,15.322096440310945,-0.24677936732769012,-0.044301070272922516,0.9154467582702637,-0.36217236518859863,0.18085575103759766,0.9143972992897034,5.5164160205077275,5.003919908058964
233,0,15,3,1,high,0,"[0.00000000000000000, 0.00000000000000000, 1.00000000000000000]",1.0,0.0,-0.0,-0.0,0.0,0.0,,266.58447553789955,,2.4483323097229004,0.0,0.0,0.0,1.0,0.0,0.0,1.0,21.703893229286845,12.282795198152524
234,1,15,3,1,high,1,"[-0.28381204605102539, 0.02780119143426418, 0.86452198028564453]",0.9103408362398373,0.0,-18.174378831779293,1.750046330818492,16.02746940185595,10.098980670962833,,15.416578150628618,,0.6801779270172119,18.25844210443592,-0.2838120460510254,0.027801191434264183,0.8645219802856445,-0.13382375240325928,0.30408740043640137,0.9431977868080139,3.8720978266582415,3.9814536824173357
235,0,15,3,1,high,1,"[0.00000000000000000, 0.00000000000000000, 1.00000000000000000]",1.0,0.3586733937263489,-0.0,-0.0,0.0,0.0,,266.58447553789955,,2.3571419715881348,0.0,0.0,0.0,1.0,0.0,0.0,1.0,21.703893229286845,12.282795198152524
236,1,15,4,2,high,0,"[0.13160993158817291, -0.22450006008148193, -0.04024219512939453]",0.26332657544969673,0.0,107.00199105792993,-58.49052560838163,28.806638641888252,-54.438110021828116,,195.3453407478004,,0.535388171672821,121.94493706712905,0.1316099315881729,-0.22450006008148193,-0.04024219512939453,0.38534191250801086,-0.8743488788604736,0.29500123858451843,10.789441086693456,18.10523262309838
237,0,15,4,2,high,0,"[0.00000000000000000, 0.00000000000000000, 1.00000000000000000]",1.0,0.0,-0.0,-0.0,0.0,0.0,,266.58447553789955,,2.3955178260803223,0.0,0.0,0.0,1.0,0.0,0.0,1.0,21.703893229286845,12.282795198152524
238,1,15,4,2,high,1,"[-0.12179853022098541, 0.02351393364369869, 0.42506402730941772]",0.442794776789309,0.0,-15.989210918752505,3.0440358266468053,-24.520392699668836,6.9094613280783514,,46.91345845965173,,0.535388171672821,16.276394561396685,-0.12179853022098541,0.023513933643698692,0.4250640273094177,-0.14721839129924774,-0.36016321182250977,0.9211998581886292,6.982494542104478,6.7187246873969375
239,0,15,4,2,high,1,"[0.00000000000000000, 0.00000000000000000, 1.00000000000000000]",1.0,0.5294939875602722,-0.0,-0.0,0.0,0.0,,266.58447553789955,,2.1570229530334473,0.0,0.0,0.0,1.0,0.0,0.0,1.0,21.703893229286845,12.282795198152524
240,1,16,1,1,low,0,"[0.29312697052955627, -0.02991660311818123, 0.93304407596588135]",0.9784629127815686,0.12844514846801758,17.44073584335655,-1.7520973484011364,0.13693430360418082,21.885648396734712,,83.76211205535171,,1.0768872499465942,17.528522809296174,0.2931269705295563,-0.02991660311818123,0.9330440759658813,0.6335703134536743,-0.022946074604988098,0.7733448147773743,9.504808593250171,8.812603771404222
241,0,16,1,1,low,0,"[0.00000000000000000, 0.00000000000000000, 1.00000000000000000]",1.0,0.1931304931640625,-0.0,-0.0,0.0,0.0,,266.58447553789955,,1.536545991897583,0.0,0.0,0.0,1.0,0.0,0.0,1.0,21.703893229286845,12.282795198152524
242,1,16,1,1,low,1,"[0.33055961132049561, -0.02899140492081642, 0.97645682096481323]",1.0312992201123539,0.12844514846801758,18.702485470002657,-1.6108845722474143,5.779371205098038,20.68278262776366,,75.80684969967965,,1.0768872499465942,18.771731722480087,0.3305596113204956,-0.02899140492081642,0.9764568209648132,0.6335703134536743,0.05503010004758835,0.771725594997406,9.064382909111115,8.363156153021952
243,0,16,1,1,low,1,"[0.00000000000000000, 0.00000000000000000, 1.00000000000000000]",1.0,0.1931304931640625,-0.0,-0.0,0.0,0.0,,266.58447553789955,,1.536545991897583,0.0,0.0,0.0,1.0,0.0,0.0,1.0,21.703893229286845,12.282795198152524
244,1,16,2,2,low,0,"[0.35989943146705627, -0.01709303073585033, 0.91348391771316528]",0.9819738491378678,0.08709478378295898,21.50372181434527,-0.9973870332379704,-2.008482524673184,7.384511486213491,,116.95769176798794,,0.9977312088012695,21.52683982294707,0.3598994314670563,-0.017093030735850334,0.9134839177131653,0.48256716132164,-0.0470673143863678,0.8745933771133423,10.955662702077756,10.675546970408897
245,0,16,2,2,low,0,"[0.00000000000000000, 0.00000000000000000, 1.00000000000000000]",1.0,0.10552978515625,-0.0,-0.0,0.0,0.0,,266.58447553789955,,1.1689814329147339,0.0,0.0,0.0,1.0,0.0,0.0,1.0,21.703893229286845,12.282795198152524
246,1,16,2,2,low,1,"[0.47581571340560913, -0.04052126407623291, 0.94798433780670166]",1.0614692038362843,0.08709478378295898,26.65315473477758,-2.187780557651891,12.934453435747816,-3.9171358385431883,,309.92383472615893,,1.2693196535110474,26.74279418992032,0.47581571340560913,-0.04052126407623291,0.9479843378067017,0.38097408413887024,0.16828379034996033,0.9091420769691467,17.556340871964732,17.653099639974997
247,0,16,2,2,low,1,"[0.00000000000000000, 0.00000000000000000, 1.00000000000000000]",1.0,0.1786489486694336,-0.0,-0.0,0.0,0.0,,266.58447553789955,,0.8038284778594971,0.0,0.0,0.0,1.0,0.0,0.0,1.0,21.703893229286845,12.282795198152524
248,1,16,3,1,high,0,"[0.58676660060882568, -0.14329129457473755, 0.37185490131378174]",0.7092978967415762,0.0,57.63610833248053,-11.655020082056183,-6.339802009366839,13.209047061419682,,98.20866711827293,,0.6360799074172974,58.80272507993626,0.5867666006088257,-0.14329129457473755,0.37185490131378174,0.9312463998794556,-0.1677689552307129,0.3234716057777405,10.493635901708874,9.358878851731436
249,0,16,3,1,high,0,"[0.00000000000000000, 0.00000000000000000, 1.00000000000000000]",1.0,0.0,-0.0,-0.0,0.0,0.0,,266.58447553789955,,1.181016206741333,0.0,0.0,0.0,1.0,0.0,0.0,1.0,21.703893229286845,12.282795198152524
250,1,16,3,1,high,1,"[0.38323381543159485, 0.73004484176635742, 0.64860045909881592]",1.049054900290313,0.10695910453796387,30.57725653517948,44.09955221900003,-39.59634263305672,27.33084333818218,,37.90415943713744,,0.6360799074172974,53.663200828263,0.38323381543159485,0.7300448417663574,0.6486004590988159,0.8443562984466553,0.08182398974895477,0.5294973850250244,6.65753118699348,5.693425741840923
251,0,16,3,1,high,1,"[0.00000000000000000, 0.00000000000000000, 1.00000000000000000]",1.0,0.42276477813720703,-0.0,-0.0,0.0,0.0,,266.58447553789955,,1.0629409551620483,0.0,0.0,0.0,1.0,0.0,0.0,1.0,21.703893229286845,12.282795198152524
252,1,16,4,2,high,0,"[0.57693773508071899, -0.14644695818424225, 0.36027789115905762]",0.6957758407558463,0.0,58.016631405091395,-12.150487934473361,-7.197853462580035,13.776575240832441,,101.98866088448639,,0.6360799074172974,59.27532266162724,0.576937735080719,-0.14644695818424225,0.3602778911590576,0.9356398582458496,-0.1728314459323883,0.30774566531181335,10.695364663464193,9.535781536545814
253,0,16,4,2,high,0,"[0.00000000000000000, 0.00000000000000000, 1.00000000000000000]",1.0,0.1931304931640625,-0.0,-0.0,0.0,0.0,,266.58447553789955,,1.181016206741333,0.0,0.0,0.0,1.0,0.0,0.0,1.0,21.703893229286845,12.282795198152524
254,1,16,4,2,high,1,"[0.38323381543159485, 0.73004484176635742, 0.64860045909881592]",1.049054900290313,0.10695910453796387,30.57725653517948,44.09955221900003,-39.59634263305672,27.33084333818218,,37.90415943713744,,0.6360799074172974,53.663200828263,0.38323381543159485,0.7300448417663574,0.6486004590988159,0.8443562984466553,0.08182398974895477,0.5294973850250244,6.65753118699348,5.693425741840923
255,0,16,4,2,high,1,"[0.00000000000000000, 0.00000000000000000, 1.00000000000000000]",1.0,0.42276477813720703,-0.0,-0.0,0.0,0.0,,266.58447553789955,,1.0629409551620483,0.0,0.0,0.0,1.0,0.0,0.0,1.0,21.703893229286845,12.282795198152524
