{
    "participant": [{
        "position": [-0.175941721, -0.183787584, 1.09347093],
        "rotation": [0.630830765, 327.7912, 0],
        "scale": [0.72471416, 0.72471416, 1],
        "time": "12:57:25",
        "transparency": 0.654613256,
        "windowType": false
    }, {
        "position": [-0.304165363, -0.184694052, 1.12076187],
        "rotation": [0.6308308, 336.8147, 0],
        "scale": [0.5200653, 0.5200653, 1],
        "time": "12:58:30",
        "transparency": 0.427568436,
        "windowType": false
    }, {
        "position": [-0.1100817, -0.173552275, 1.18000972],
        "rotation": [350.955048, 354.2224, 0],
        "scale": [0.5200653, 0.5200653, 1],
        "time": "12:59:21",
        "transparency": 0.427568436,
        "windowType": false
    }, {
        "position": [-0.134518087, -0.175303936, 1.02484608],
        "rotation": [350.955048, 343.213074, -1.08065464e-7],
        "scale": [0.5200653, 0.5200653, 1],
        "time": "13:00:52",
        "transparency": 0.427568436,
        "windowType": false
    }, {
        "position": [0.02740708, -0.186327934, 1.03225768],
        "rotation": [350.955048, 345.325745, -1.08065464e-7],
        "scale": [0.5200653, 0.5200653, 1],
        "time": "13:02:22",
        "transparency": 0.427568436,
        "windowType": false
    }, {
        "position": [0.02740708, -0.186327934, 1.03225768],
        "rotation": [350.955048, 345.325745, -3.24196378e-7],
        "scale": [0.5200653, 0.5200653, 1],
        "time": "13:07:20",
        "transparency": 0.427568436,
        "windowType": false
    }, {
        "position": [0.1287426, -0.189757317, 0.8895632],
        "rotation": [350.955048, 18.38676, -1.08065464e-7],
        "scale": [0.5200653, 0.5200653, 1],
        "time": "13:08:13",
        "transparency": 0.669719934,
        "windowType": false
    }, {
        "position": [0.228452116, -0.222305074, 0.929224432],
        "rotation": [350.955048, 2.947347, -2.7016366e-8],
        "scale": [0.5, 0.5, 1],
        "time": "13:12:24",
        "transparency": 0.105257556,
        "windowType": false
    }, {
        "position": [-0.465744048, -0.2984587, 0.785887659],
        "rotation": [350.955048, 327.514832, 2.161309e-7],
        "scale": [0.5514984, 0.5514984, 1],
        "time": "13:15:10",
        "transparency": 0.1396585,
        "windowType": false
    }, {
        "position": [-0.5348286, -0.151054978, 0.82080996],
        "rotation": [350.955048, 327.514832, 2.161309e-7],
        "scale": [0.5514984, 0.5514984, 1],
        "time": "13:15:12",
        "transparency": 0.1396585,
        "windowType": false
    }, {
        "position": [-0.45655, -0.292955518, 0.770781755],
        "rotation": [350.955048, 327.514832, 2.161309e-7],
        "scale": [0.5514984, 0.5514984, 1],
        "time": "13:15:23",
        "transparency": 0.1396585,
        "windowType": false
    }, {
        "position": [-0.45655, -0.292955518, 0.770781755],
        "rotation": [350.955048, 327.514832, 2.161309e-7],
        "scale": [0.5514984, 0.5514984, 1],
        "time": "13:15:25",
        "transparency": 0.1396585,
        "windowType": false
    }, {
        "position": [-0.45655, -0.292955518, 0.770781755],
        "rotation": [350.955048, 327.514832, 2.161309e-7],
        "scale": [0.5514984, 0.5514984, 1],
        "time": "13:16:31",
        "transparency": 0.1396585,
        "windowType": false
    }, {
        "position": [-0.45655, -0.292955518, 0.770781755],
        "rotation": [350.955048, 327.514832, 2.161309e-7],
        "scale": [0.5514984, 0.5514984, 1],
        "time": "13:16:31",
        "transparency": 0.1396585,
        "windowType": false
    }, {
        "position": [-0.45655, -0.292955518, 0.770781755],
        "rotation": [350.955048, 327.514832, 2.161309e-7],
        "scale": [0.5514984, 0.5514984, 1],
        "time": "13:16:35",
        "transparency": 0.1396585,
        "windowType": false
    }, {
        "position": [-0.45655, -0.292955518, 0.770781755],
        "rotation": [350.955048, 327.514832, 2.161309e-7],
        "scale": [0.5514984, 0.5514984, 1],
        "time": "13:16:41",
        "transparency": 0.1396585,
        "windowType": false
    }, {
        "position": [-0.45655, -0.292955518, 0.770781755],
        "rotation": [350.955048, 327.514832, 2.161309e-7],
        "scale": [0.5514984, 0.5514984, 1],
        "time": "13:20:11",
        "transparency": 0.1396585,
        "windowType": false
    }, {
        "position": [-0.45655, -0.292955518, 0.770781755],
        "rotation": [350.955048, 327.514832, 2.161309e-7],
        "scale": [0.5514984, 0.5514984, 1],
        "time": "13:20:34",
        "transparency": 0.1396585,
        "windowType": false
    }, {
        "position": [-0.673414946, -0.2738539, 0.5261875],
        "rotation": [350.955048, 333.665039, 0],
        "scale": [0.5514984, 0.5514984, 1],
        "time": "13:21:33",
        "transparency": 0.1396585,
        "windowType": false
    }, {
        "position": [-0.676230252, -0.29049933, 0.518436849],
        "rotation": [350.955048, 302.470978, -4.32261857e-7],
        "scale": [0.5514984, 0.5514984, 1],
        "time": "13:21:50",
        "transparency": 0.1396585,
        "windowType": false
    }],
    "playerId": "0723_125448",
    "presentation": [{
        "position": [-0.269640058, 0.0688982, 1.0551976],
        "rotation": [356.839783, 325.6378, 0],
        "scale": [1.42441535, 1.42441535, 1],
        "time": "12:57:25",
        "transparency": 0.5787623,
        "windowType": false
    }, {
        "position": [-0.269640058, 0.0688982, 1.0551976],
        "rotation": [356.839783, 325.6378, 0],
        "scale": [1.42441535, 1.42441535, 1],
        "time": "12:58:30",
        "transparency": 0.5787623,
        "windowType": false
    }, {
        "position": [-0.08417892, 0.1289916, 1.12086344],
        "rotation": [356.839783, 346.484131, 0],
        "scale": [1.42441535, 1.42441535, 1],
        "time": "12:59:21",
        "transparency": 0.5787623,
        "windowType": false
    }, {
        "position": [-0.310421884, 0.073313, 1.001494],
        "rotation": [355.814575, 335.928131, 0],
        "scale": [1.42441535, 1.42441535, 1],
        "time": "13:00:52",
        "transparency": 0.5787623,
        "windowType": false
    }, {
        "position": [-0.133694768, 0.0507936478, 0.9697162],
        "rotation": [355.814575, 335.928131, 0],
        "scale": [1.42441535, 1.42441535, 1],
        "time": "13:02:22",
        "transparency": 0.5787623,
        "windowType": false
    }, {
        "position": [-0.180241674, 0.02208817, 0.962289333],
        "rotation": [355.814575, 335.928131, -2.14014165e-7],
        "scale": [1.42441535, 1.42441535, 1],
        "time": "13:07:20",
        "transparency": 0.5787623,
        "windowType": false
    }, {
        "position": [-0.00388431549, -0.403066725, 0.8788692],
        "rotation": [355.814575, 5.113194, -1.33758853e-8],
        "scale": [1.42441535, 1.42441535, 1],
        "time": "13:08:13",
        "transparency": 0.5787623,
        "windowType": false
    }, {
        "position": [-0.00388431549, -0.403066725, 0.8788692],
        "rotation": [355.814575, 5.113194, -1.33758853e-8],
        "scale": [1.42441535, 1.42441535, 1],
        "time": "13:12:24",
        "transparency": 0.5787623,
        "windowType": false
    }, {
        "position": [-0.5038054, -0.150285244, 0.728161037],
        "rotation": [355.814575, 330.950928, 0],
        "scale": [0.7241895, 0.7241895, 1],
        "time": "13:15:10",
        "transparency": 0.356150866,
        "windowType": false
    }, {
        "position": [-0.5038054, -0.150285244, 0.728161037],
        "rotation": [355.814575, 330.950928, 0],
        "scale": [0.7241895, 0.7241895, 1],
        "time": "13:15:12",
        "transparency": 0.356150866,
        "windowType": false
    }, {
        "position": [-0.5038054, -0.150285244, 0.728161037],
        "rotation": [355.814575, 330.950928, 0],
        "scale": [0.7241895, 0.7241895, 1],
        "time": "13:15:23",
        "transparency": 0.356150866,
        "windowType": false
    }, {
        "position": [-0.5038054, -0.150285244, 0.728161037],
        "rotation": [355.814575, 330.950928, 0],
        "scale": [0.7241895, 0.7241895, 1],
        "time": "13:15:25",
        "transparency": 0.356150866,
        "windowType": false
    }, {
        "position": [-0.5038054, -0.150285244, 0.728161037],
        "rotation": [355.814575, 330.950928, 0],
        "scale": [0.7241895, 0.7241895, 1],
        "time": "13:16:31",
        "transparency": 0.356150866,
        "windowType": false
    }, {
        "position": [-0.5038054, -0.150285244, 0.728161037],
        "rotation": [355.814575, 330.950928, 0],
        "scale": [0.7241895, 0.7241895, 1],
        "time": "13:16:31",
        "transparency": 0.356150866,
        "windowType": false
    }, {
        "position": [-0.5381562, -0.190311432, 0.6356077],
        "rotation": [355.814575, 330.950928, 0],
        "scale": [0.7241895, 0.7241895, 1],
        "time": "13:16:35",
        "transparency": 0.356150866,
        "windowType": false
    }, {
        "position": [-0.517349243, -0.154768229, 0.7245701],
        "rotation": [355.814575, 349.941254, 2.675177e-8],
        "scale": [0.7241895, 0.7241895, 1],
        "time": "13:16:41",
        "transparency": 0.356150866,
        "windowType": false
    }, {
        "position": [-0.5244603, -0.173644543, 0.7656496],
        "rotation": [355.814575, 353.7529, 0],
        "scale": [0.7241895, 0.7241895, 1],
        "time": "13:20:11",
        "transparency": 0.05,
        "windowType": false
    }, {
        "position": [-0.483677149, -0.161717653, 0.706194],
        "rotation": [355.814575, 330.006226, 1.07007082e-7],
        "scale": [0.7241895, 0.7241895, 1],
        "time": "13:20:34",
        "transparency": 0.348378241,
        "windowType": false
    }, {
        "position": [-0.6896119, -0.13521719, 0.423116744],
        "rotation": [355.814575, 290, 0],
        "scale": [0.7241895, 0.7241895, 1],
        "time": "13:21:33",
        "transparency": 0.348378241,
        "windowType": false
    }, {
        "position": [-0.6896119, -0.13521719, 0.423116744],
        "rotation": [355.814575, 290, 0],
        "scale": [0.7241895, 0.7241895, 1],
        "time": "13:21:50",
        "transparency": 0.348378241,
        "windowType": false
    }]
}