{
    "participant": [{
        "position": [0.6662507, -0.248688459, 0.696825564],
        "rotation": [15.0000124, 35.12831, -4.41945758e-7],
        "scale": [1.05982614, 1.0598259, 1.00000012],
        "time": "11:26:08",
        "transparency": 1,
        "windowType": false
    }, {
        "position": [0.477917254, -0.266580939, 0.6703831],
        "rotation": [15.0000553, 57.75082, -4.41945872e-7],
        "scale": [1.059826, 1.059826, 1],
        "time": "11:31:54",
        "transparency": 1,
        "windowType": false
    }, {
        "position": [0.373069942, -0.216529727, 0.6454407],
        "rotation": [15.0000582, 36.49392, 0],
        "scale": [0.6360799, 0.6360799, 1],
        "time": "11:36:32",
        "transparency": 1,
        "windowType": false
    }, {
        "position": [0.342944145, -0.163845375, 0.5886301],
        "rotation": [0.4331208, 37.1201172, 0],
        "scale": [0.6360799, 0.6360799, 1],
        "time": "11:48:02",
        "transparency": 0.8930409,
        "windowType": false
    }, {
        "position": [0.5050475, -0.340034574, 0.786833465],
        "rotation": [15.0000124, 28.67887, 0],
        "scale": [0.849384, 0.849384, 1],
        "time": "11:50:55",
        "transparency": 0.8625841,
        "windowType": false
    }, {
        "position": [0.5050475, -0.340034574, 0.786833465],
        "rotation": [15.0000124, 28.67887, 0],
        "scale": [0.849384, 0.849384, 1],
        "time": "11:50:56",
        "transparency": 0.8625841,
        "windowType": false
    }, {
        "position": [0.5050475, -0.340034574, 0.786833465],
        "rotation": [15.0000124, 28.67887, 0],
        "scale": [0.849384, 0.849384, 1],
        "time": "11:50:58",
        "transparency": 0.8625841,
        "windowType": false
    }, {
        "position": [0.5050475, -0.340034574, 0.786833465],
        "rotation": [15.0000143, 9.123361, 1.1048644e-7],
        "scale": [0.849384, 0.849384, 1],
        "time": "11:53:04",
        "transparency": 0.6535561,
        "windowType": false
    }, {
        "position": [0.5050475, -0.340034574, 0.786833465],
        "rotation": [15.0000143, 9.123361, 1.1048644e-7],
        "scale": [0.849384, 0.849384, 1],
        "time": "11:53:07",
        "transparency": 0.6535561,
        "windowType": false
    }, {
        "position": [0.5050475, -0.340034574, 0.786833465],
        "rotation": [15.0000143, 9.123361, 1.1048644e-7],
        "scale": [0.849384, 0.849384, 1],
        "time": "11:53:10",
        "transparency": 0.6535561,
        "windowType": false
    }, {
        "position": [0.5050475, -0.340034574, 0.786833465],
        "rotation": [15.0000143, 9.123361, 1.1048644e-7],
        "scale": [0.849384, 0.849384, 1],
        "time": "11:53:10",
        "transparency": 0.6535561,
        "windowType": false
    }, {
        "position": [0.373069942, -0.216529727, 0.6454407],
        "rotation": [15.0000582, 36.493927, 0],
        "scale": [0.6360799, 0.6360799, 1],
        "time": "12:04:58",
        "transparency": 1,
        "windowType": false
    }, {
        "position": [0.373069942, -0.216529727, 0.6454407],
        "rotation": [15.0000582, 36.493927, 0],
        "scale": [0.6360799, 0.6360799, 1],
        "time": "12:05:39",
        "transparency": 1,
        "windowType": false
    }, {
        "position": [0.373069942, -0.216529727, 0.6454407],
        "rotation": [15.0000582, 36.493927, 0],
        "scale": [0.6360799, 0.6360799, 1],
        "time": "12:05:41",
        "transparency": 1,
        "windowType": false
    }, {
        "position": [0.392898023, -0.29753235, 0.5882703],
        "rotation": [15.0000582, 36.493927, 0],
        "scale": [0.6360799, 0.6360799, 1],
        "time": "12:19:53",
        "transparency": 0.871554852,
        "windowType": false
    }, {
        "position": [0.436273962, -0.448830426, 0.75768733],
        "rotation": [15.0000582, 36.493927, 0],
        "scale": [1.07688725, 1.07688725, 1],
        "time": "12:22:53",
        "transparency": 0.871554852,
        "windowType": false
    }, {
        "position": [0.5038436, -0.483024538, 0.7220138],
        "rotation": [15.00006, 36.4939346, 4.41945872e-7],
        "scale": [1.07688725, 1.07688725, 1],
        "time": "12:28:44",
        "transparency": 0.871554852,
        "windowType": false
    }, {
        "position": [0.5038436, -0.483024538, 0.7220138],
        "rotation": [15.00006, 36.4939346, 4.41945872e-7],
        "scale": [1.07688725, 1.07688725, 1],
        "time": "12:28:46",
        "transparency": 0.871554852,
        "windowType": false
    }, {
        "position": [0.5038436, -0.483024538, 0.7220138],
        "rotation": [15.00006, 36.4939346, 4.41945872e-7],
        "scale": [1.07688725, 1.07688725, 1],
        "time": "12:28:51",
        "transparency": 0.871554852,
        "windowType": false
    }, {
        "position": [0.232552141, -0.490821153, 0.7488492],
        "rotation": [15.0000658, 13.6623392, 0],
        "scale": [1.26931965, 1.26931965, 1],
        "time": "12:33:55",
        "transparency": 0.871554852,
        "windowType": false
    }, {
        "position": [0.232552141, -0.490821153, 0.7488492],
        "rotation": [15.0000658, 13.6623392, 0],
        "scale": [1.26931965, 1.26931965, 1],
        "time": "12:33:56",
        "transparency": 0.871554852,
        "windowType": false
    }, {
        "position": [0.232552141, -0.490821153, 0.7488492],
        "rotation": [15.0000668, 18.7338657, 0],
        "scale": [1.26931965, 1.26931965, 1],
        "time": "12:34:25",
        "transparency": 0.9129052,
        "windowType": false
    }, {
        "position": [0.272413015, -0.4150477, 0.765972137],
        "rotation": [15.0000639, 18.7338657, -2.20972964e-7],
        "scale": [1.00673032, 1.00673032, 1],
        "time": "12:40:08",
        "transparency": 0.9129052,
        "windowType": false
    }, {
        "position": [0.2576489, -0.463680565, 0.8323159],
        "rotation": [15.0000639, 18.7338657, -2.20972964e-7],
        "scale": [1.27113056, 1.27113056, 1],
        "time": "12:41:01",
        "transparency": 0.9129052,
        "windowType": false
    }, {
        "position": [0.288449675, -0.4013694, 0.8538864],
        "rotation": [15.0000639, 18.7338657, -2.20972964e-7],
        "scale": [0.9977312, 0.9977312, 1],
        "time": "12:51:43",
        "transparency": 0.9129052,
        "windowType": false
    }],
    "playerId": "0102_112125",
    "presentation": [{
        "position": [-0.285796046, -0.144726038, 0.7222705],
        "rotation": [0, 335.262665, 0],
        "scale": [1.03580809, 1.03580809, 1.00000012],
        "time": "11:26:08",
        "transparency": 1,
        "windowType": false
    }, {
        "position": [-0.597776651, -0.266632676, 0.502892852],
        "rotation": [17.84432, 317.221, -4.48461066e-7],
        "scale": [1.55375719, 1.55375719, 1],
        "time": "11:31:54",
        "transparency": 1,
        "windowType": false
    }, {
        "position": [-0.5732104, -0.247925162, 0.7290772],
        "rotation": [17.8443241, 321.893524, -4.48461122e-7],
        "scale": [1.18101621, 1.18101621, 1],
        "time": "11:36:32",
        "transparency": 1,
        "windowType": false
    }, {
        "position": [-0.114652544, -0.9875486, 0.649503231],
        "rotation": [9.592922, 339.514526, 0],
        "scale": [1.062941, 1.062941, 1],
        "time": "11:48:02",
        "transparency": 0.5772352,
        "windowType": false
    }, {
        "position": [-0.371822625, -0.305972427, 0.761063933],
        "rotation": [15.0000124, 335.864136, 0],
        "scale": [1.13376236, 1.13376236, 1],
        "time": "11:50:55",
        "transparency": 0.7541549,
        "windowType": false
    }, {
        "position": [-0.371822625, -0.305972427, 0.761063933],
        "rotation": [15.0000124, 335.864136, 0],
        "scale": [1.13376236, 1.13376236, 1],
        "time": "11:50:56",
        "transparency": 0.7541549,
        "windowType": false
    }, {
        "position": [-0.371822625, -0.305972427, 0.761063933],
        "rotation": [15.0000124, 335.864136, 0],
        "scale": [1.13376236, 1.13376236, 1],
        "time": "11:50:58",
        "transparency": 0.7541549,
        "windowType": false
    }, {
        "position": [-0.371822625, -0.305972427, 0.761063933],
        "rotation": [15.0000124, 335.864136, 0],
        "scale": [1.13376236, 1.13376236, 1],
        "time": "11:53:04",
        "transparency": 0.7541549,
        "windowType": false
    }, {
        "position": [-0.371822625, -0.305972427, 0.761063933],
        "rotation": [15.0000124, 335.864136, 0],
        "scale": [1.13376236, 1.13376236, 1],
        "time": "11:53:07",
        "transparency": 0.7541549,
        "windowType": false
    }, {
        "position": [-0.371822625, -0.305972427, 0.761063933],
        "rotation": [15.0000124, 335.864136, 0],
        "scale": [1.13376236, 1.13376236, 1],
        "time": "11:53:10",
        "transparency": 0.7541549,
        "windowType": false
    }, {
        "position": [-0.371822625, -0.305972427, 0.761063933],
        "rotation": [15.0000124, 335.864136, 0],
        "scale": [1.13376236, 1.13376236, 1],
        "time": "11:53:10",
        "transparency": 0.7541549,
        "windowType": false
    }, {
        "position": [-0.5732104, -0.247925162, 0.7290772],
        "rotation": [17.8443241, 321.8935, -4.48461122e-7],
        "scale": [1.18101621, 1.18101621, 1],
        "time": "12:04:58",
        "transparency": 1,
        "windowType": false
    }, {
        "position": [-0.5732104, -0.247925162, 0.7290772],
        "rotation": [17.844326, 320.8795, -4.48461066e-7],
        "scale": [1.18101621, 1.18101621, 1],
        "time": "12:05:39",
        "transparency": 0.8068695,
        "windowType": false
    }, {
        "position": [-0.5732104, -0.247925162, 0.7290772],
        "rotation": [17.844326, 320.8795, -4.48461066e-7],
        "scale": [1.18101621, 1.18101621, 1],
        "time": "12:05:41",
        "transparency": 0.8068695,
        "windowType": false
    }, {
        "position": [-0.2294496, -0.275008947, 0.8043993],
        "rotation": [17.8443546, 355.504456, -1.121153e-7],
        "scale": [1.18101621, 1.18101621, 1],
        "time": "12:19:53",
        "transparency": 0.8068695,
        "windowType": false
    }, {
        "position": [-0.0188431814, -0.425591052, 0.7999656],
        "rotation": [17.8443546, 355.504456, -1.121153e-7],
        "scale": [1.536546, 1.536546, 1],
        "time": "12:22:53",
        "transparency": 0.8068695,
        "windowType": false
    }, {
        "position": [-0.00560373254, -0.451644719, 0.721501648],
        "rotation": [23.6226273, 355.504456, -1.164824e-7],
        "scale": [1.536546, 1.536546, 1],
        "time": "12:28:44",
        "transparency": 0.8068695,
        "windowType": false
    }, {
        "position": [-0.00560373254, -0.451644719, 0.721501648],
        "rotation": [23.6226273, 355.504456, -1.164824e-7],
        "scale": [1.536546, 1.536546, 1],
        "time": "12:28:46",
        "transparency": 0.8068695,
        "windowType": false
    }, {
        "position": [-0.00350952265, -0.425898373, 0.665433645],
        "rotation": [23.6226273, 355.504456, -1.164824e-7],
        "scale": [1.536546, 1.536546, 1],
        "time": "12:28:51",
        "transparency": 0.8068695,
        "windowType": false
    }, {
        "position": [-0.1535352, -0.485139549, 0.7797912],
        "rotation": [26.74294, 355.504456, 0],
        "scale": [0.8038285, 0.8038285, 1],
        "time": "12:33:55",
        "transparency": 0.8068695,
        "windowType": false
    }, {
        "position": [-0.1535352, -0.485139549, 0.7797912],
        "rotation": [26.74294, 355.504456, 0],
        "scale": [0.8038285, 0.8038285, 1],
        "time": "12:33:56",
        "transparency": 0.8068695,
        "windowType": false
    }, {
        "position": [-0.1535352, -0.485139549, 0.7797912],
        "rotation": [26.74294, 355.504456, 0],
        "scale": [0.8038285, 0.8038285, 1],
        "time": "12:34:25",
        "transparency": 0.821351051,
        "windowType": false
    }, {
        "position": [-0.151254222, -0.391694129, 0.7916731],
        "rotation": [14.1073008, 355.504456, 0],
        "scale": [0.8038285, 0.8038285, 1],
        "time": "12:40:08",
        "transparency": 0.821351051,
        "windowType": false
    }, {
        "position": [-0.127440676, -0.4218133, 0.8358693],
        "rotation": [14.1073112, 348.760956, 0],
        "scale": [0.8295115, 0.8295115, 1],
        "time": "12:41:01",
        "transparency": 0.821351051,
        "windowType": false
    }, {
        "position": [-0.141500726, -0.4030779, 0.858962357],
        "rotation": [14.1073112, 348.760956, 0],
        "scale": [1.16898143, 1.16898143, 1],
        "time": "12:51:43",
        "transparency": 0.8944702,
        "windowType": false
    }],
    "time": [],
    "velocity": []
}