{
    "participant": [{
        "position": [0.268661678, 0.176911116, 0.673467],
        "rotation": [331.236755, 15.1387644, 0],
        "scale": [1.05982614, 1.0598259, 1.00000012],
        "time": "14:25:18",
        "transparency": 1,
        "windowType": false
    }, {
        "position": [-0.183520332, 0.450152218, 0.9745445],
        "rotation": [330.003, 355.984253, 0],
        "scale": [0.9582026, 0.958202362, 1.00000012],
        "time": "14:33:00",
        "transparency": 1,
        "windowType": false
    }, {
        "position": [-0.452028453, -0.525579154, 1.179836],
        "rotation": [358.652954, 355.984253, -3.33597527e-9],
        "scale": [0.6801779, 0.6801777, 1.00000012],
        "time": "14:48:48",
        "transparency": 1,
        "windowType": false
    }, {
        "position": [-0.176140457, -0.384672225, 0.460432947],
        "rotation": [37.3803749, 353.0002, 0],
        "scale": [0.5353882, 0.5353882, 1.00000012],
        "time": "14:58:28",
        "transparency": 1,
        "windowType": false
    }, {
        "position": [0.2682006, -0.265954077, 0.579510748],
        "rotation": [32.37471, 20.8739834, -5.05452135e-7],
        "scale": [0.5353882, 0.5353882, 1.00000012],
        "time": "15:09:27",
        "transparency": 1,
        "windowType": false
    }, {
        "position": [0.1331809, -0.309453458, 0.41909644],
        "rotation": [28.860445, 14.8566809, 2.437131e-7],
        "scale": [0.5353882, 0.5353882, 1.00000012],
        "time": "15:14:47",
        "transparency": 1,
        "windowType": false
    }, {
        "position": [0.536798835, -0.810813069, 0.465825438],
        "rotation": [28.86044, 30.7935638, 0],
        "scale": [0.5353882, 0.5353882, 1.00000012],
        "time": "15:29:23",
        "transparency": 1,
        "windowType": false
    }, {
        "position": [0.8455944, -0.9637497, 0.491641819],
        "rotation": [28.8605518, 50.202095, 0],
        "scale": [0.5353882, 0.5353882, 1.00000012],
        "time": "15:33:31",
        "transparency": 1,
        "windowType": false
    }, {
        "position": [-0.030879084, -0.7285688, 0.7947514],
        "rotation": [15.0000019, 0, 0],
        "scale": [0.5986291, 0.5986291, 1],
        "time": "15:37:44",
        "transparency": 1,
        "windowType": false
    }, {
        "position": [0.281791151, -0.4779839, 0.690214157],
        "rotation": [15.0000019, 0, 0],
        "scale": [0.851740241, 0.851740241, 1],
        "time": "15:42:12",
        "transparency": 1,
        "windowType": false
    }, {
        "position": [0.281791151, -0.4779839, 0.690214157],
        "rotation": [15.0000057, 0, 0],
        "scale": [0.851740241, 0.851740241, 1],
        "time": "15:46:00",
        "transparency": 1,
        "windowType": false
    }, {
        "position": [0.281791151, -0.4779839, 0.690214157],
        "rotation": [15.0000057, 0, 0],
        "scale": [0.851740241, 0.851740241, 1],
        "time": "15:46:01",
        "transparency": 1,
        "windowType": false
    }, {
        "position": [0.281791151, -0.4779839, 0.690214157],
        "rotation": [15.0000057, 0, 0],
        "scale": [0.851740241, 0.851740241, 1],
        "time": "15:46:02",
        "transparency": 1,
        "windowType": false
    }, {
        "position": [0.307782441, -0.669601262, 0.694130659],
        "rotation": [15.0000057, 0, 0],
        "scale": [0.851740241, 0.851740241, 1],
        "time": "15:46:38",
        "transparency": 1,
        "windowType": false
    }],
    "playerId": "1230_142020",
    "presentation": [{
        "position": [-0.0255755037, -0.4598614, 0.6472926],
        "rotation": [32.4788971, 349.904724, 0.000001518109],
        "scale": [1.66921854, 1.66921854, 1.00000012],
        "time": "14:25:18",
        "transparency": 1,
        "windowType": false
    }, {
        "position": [0.395619929, 0.581885755, 0.7978765],
        "rotation": [338.751221, 20.7044773, 0],
        "scale": [2.44833231, 2.44833231, 1.00000012],
        "time": "14:33:00",
        "transparency": 1,
        "windowType": false
    }, {
        "position": [0.222715557, -0.6269093, 1.2479732],
        "rotation": [16.5100746, 3.67698765, 0],
        "scale": [2.357142, 2.357142, 1.00000012],
        "time": "14:48:48",
        "transparency": 0.6413266,
        "windowType": false
    }, {
        "position": [0.120467886, -0.5966887, 0.979296565],
        "rotation": [16.5100746, 3.67698765, 0],
        "scale": [2.157023, 2.157023, 1.00000012],
        "time": "14:58:28",
        "transparency": 0.470506,
        "windowType": false
    }, {
        "position": [0.411406934, -0.6276099, 0.779017],
        "rotation": [45.80829, 10.2797556, 0],
        "scale": [2.157023, 2.157023, 1.00000012],
        "time": "15:09:27",
        "transparency": 0.9107878,
        "windowType": false
    }, {
        "position": [-0.264705479, 0.769731, 0.803506851],
        "rotation": [320.182739, 348.753479, 2.778883e-7],
        "scale": [2.39551783, 2.39551783, 1.00000012],
        "time": "15:14:47",
        "transparency": 1,
        "windowType": false
    }, {
        "position": [0.435814083, -0.7686456, 0.8563113],
        "rotation": [13.5218315, 34.20472, 0],
        "scale": [2.39551783, 2.39551783, 1.00000012],
        "time": "15:29:23",
        "transparency": 1,
        "windowType": false
    }, {
        "position": [0.435814083, -0.7686456, 0.8563113],
        "rotation": [13.5218315, 34.20472, 0],
        "scale": [2.39551783, 2.39551783, 1.00000012],
        "time": "15:33:31",
        "transparency": 1,
        "windowType": false
    }, {
        "position": [-0.016071381, -0.4813133, 0.953845859],
        "rotation": [15.0000019, 0, 0],
        "scale": [1.99056864, 1.99056864, 1],
        "time": "15:37:44",
        "transparency": 0.6493001,
        "windowType": false
    }, {
        "position": [-0.09262917, -0.4319851, 0.7361264],
        "rotation": [15.0000019, 0, 0],
        "scale": [1.65539861, 1.65539861, 1],
        "time": "15:42:12",
        "transparency": 0.6493001,
        "windowType": false
    }, {
        "position": [-0.09262917, -0.4319851, 0.7361264],
        "rotation": [15.0000057, 0, 0],
        "scale": [1.65539861, 1.65539861, 1],
        "time": "15:46:00",
        "transparency": 0.6493001,
        "windowType": false
    }, {
        "position": [-0.09262917, -0.4319851, 0.7361264],
        "rotation": [15.0000057, 0, 0],
        "scale": [1.65539861, 1.65539861, 1],
        "time": "15:46:01",
        "transparency": 0.6493001,
        "windowType": false
    }, {
        "position": [-0.09262917, -0.4319851, 0.7361264],
        "rotation": [15.0000057, 0, 0],
        "scale": [1.65539861, 1.65539861, 1],
        "time": "15:46:02",
        "transparency": 0.6493001,
        "windowType": false
    }, {
        "position": [-0.1407715, -0.5722391, 0.6908139],
        "rotation": [15.0000057, 0, 0],
        "scale": [1.65539861, 1.65539861, 1],
        "time": "15:46:38",
        "transparency": 0.6493001,
        "windowType": false
    }],
    "time": [],
    "velocity": []
}