{
    "participant": [{
        "position": [-0.1073925, -0.2266849, 0.7179167],
        "rotation": [13.18101, 358.017456, 2.74023524e-8],
        "scale": [0.62827605, 0.62827605, 1.00000012],
        "time": "17:00:56",
        "transparency": 1,
        "windowType": false
    }, {
        "position": [-0.1073925, -0.2266849, 0.7179167],
        "rotation": [13.18101, 358.017456, 2.74023524e-8],
        "scale": [0.62827605, 0.62827605, 1.00000012],
        "time": "17:03:08",
        "transparency": 0.8100033,
        "windowType": false
    }, {
        "position": [-0.2624493, -0.198245332, 0.737504959],
        "rotation": [13.4367142, 333.53894, 0],
        "scale": [0.813894451, 0.813894451, 1.00000012],
        "time": "17:15:22",
        "transparency": 0.8100033,
        "windowType": false
    }],
    "playerId": "0729_165353",
    "presentation": [{
        "position": [-0.1476947, 0.02588411, 0.7277148],
        "rotation": [358.9388, 355.776154, 0],
        "scale": [1.48020029, 1.48020029, 1.00000012],
        "time": "17:00:56",
        "transparency": 1,
        "windowType": false
    }, {
        "position": [-0.1476947, 0.02588411, 0.7277148],
        "rotation": [358.9388, 355.776154, 0],
        "scale": [1.48020029, 1.48020029, 1.00000012],
        "time": "17:03:08",
        "transparency": 0.741968155,
        "windowType": false
    }, {
        "position": [-0.292183965, 0.0225099716, 0.7684038],
        "rotation": [2.23132753, 334.7411, 3.738094e-7],
        "scale": [0.9945607, 0.9945607, 1.00000012],
        "time": "17:15:22",
        "transparency": 0.741968155,
        "windowType": false
    }],
    "time": [],
    "velocity": []
}