{
    "participant": [{
        "position": [0.117125362, -0.408145428, 0.837896466],
        "rotation": [15.000001, 10.3089819, 0],
        "scale": [0.619693, 0.619693, 1.00000012],
        "time": "13:34:04",
        "transparency": 1,
        "windowType": false
    }, {
        "position": [0.302170575, -0.410168648, 0.7475439],
        "rotation": [15.000001, 10.3089819, 0],
        "scale": [0.619693, 0.619693, 1.00000012],
        "time": "13:45:32",
        "transparency": 1,
        "windowType": false
    }, {
        "position": [0.302170575, -0.410168648, 0.7475439],
        "rotation": [15.000001, 10.3089819, 0],
        "scale": [0.619693, 0.619693, 1.00000012],
        "time": "13:54:02",
        "transparency": 1,
        "windowType": false
    }, {
        "position": [0.233315974, -0.226402044, 0.6029491],
        "rotation": [15.0000248, 12.6457882, 0.00000110486451],
        "scale": [0.7417585, 0.7417585, 1.00000012],
        "time": "14:20:48",
        "transparency": 1,
        "windowType": false
    }, {
        "position": [0.29924494, -0.309562981, 0.577529848],
        "rotation": [14.5136127, 16.6427956, 0],
        "scale": [0.7417585, 0.7417585, 1.00000012],
        "time": "14:35:01",
        "transparency": 1,
        "windowType": false
    }, {
        "position": [0.3109643, -0.304636717, 0.6144856],
        "rotation": [15.0000076, 19.4078712, 0],
        "scale": [1.05982614, 1.0598259, 1.00000012],
        "time": "14:43:50",
        "transparency": 1,
        "windowType": false
    }, {
        "position": [0.3109643, -0.304636717, 0.6144856],
        "rotation": [15.0000076, 19.4078712, 0],
        "scale": [1.05982614, 1.0598259, 1.00000012],
        "time": "14:43:50",
        "transparency": 1,
        "windowType": false
    }, {
        "position": [0.415863276, -0.340673536, 0.5517447],
        "rotation": [15.0000076, 19.4078712, 0],
        "scale": [1.05982614, 1.0598259, 1.00000012],
        "time": "14:46:22",
        "transparency": 1,
        "windowType": false
    }, {
        "position": [0.469454646, -0.3282237, 0.555102468],
        "rotation": [15.0000076, 19.4078712, 0],
        "scale": [1.05982614, 1.0598259, 1.00000012],
        "time": "14:50:47",
        "transparency": 1,
        "windowType": false
    }, {
        "position": [0.469454646, -0.3282237, 0.555102468],
        "rotation": [15.0000076, 19.4078712, 0],
        "scale": [1.05982614, 1.0598259, 1.00000012],
        "time": "14:50:55",
        "transparency": 1,
        "windowType": false
    }],
    "playerId": "User7",
    "presentation": [{
        "position": [-0.582681835, -0.417685032, 0.6219881],
        "rotation": [13.5236568, 325.4231, 4.39060472e-7],
        "scale": [1.70275331, 1.70275331, 1.00000012],
        "time": "13:34:04",
        "transparency": 1,
        "windowType": false
    }, {
        "position": [-0.256077677, -0.376910329, 0.600630045],
        "rotation": [28.0316715, 347.047882, 0],
        "scale": [1.149596, 1.149596, 1.00000012],
        "time": "13:45:32",
        "transparency": 1,
        "windowType": false
    }, {
        "position": [-0.249391541, -0.335867465, 0.6465988],
        "rotation": [28.03168, 352.443451, 0],
        "scale": [1.149596, 1.149596, 1.00000012],
        "time": "13:54:02",
        "transparency": 1,
        "windowType": false
    }, {
        "position": [-0.3107676, -0.255060554, 0.507223547],
        "rotation": [20.7787685, 331.796, -4.5658436e-7],
        "scale": [1.15719557, 1.15719557, 1.00000012],
        "time": "14:20:48",
        "transparency": 1,
        "windowType": false
    }, {
        "position": [-0.15637365, -0.33368358, 0.5070321],
        "rotation": [20.7787762, 352.555725, -2.2829218e-7],
        "scale": [1.15719557, 1.15719557, 1.00000012],
        "time": "14:35:01",
        "transparency": 1,
        "windowType": false
    }, {
        "position": [-0.201891869, -0.264314175, 0.555446267],
        "rotation": [14.6081848, 343.2789, 0],
        "scale": [1.27063155, 1.27063155, 1.00000012],
        "time": "14:43:50",
        "transparency": 1,
        "windowType": false
    }, {
        "position": [-0.201891869, -0.264314175, 0.555446267],
        "rotation": [14.6081848, 343.2789, 0],
        "scale": [1.27063155, 1.27063155, 1.00000012],
        "time": "14:43:50",
        "transparency": 1,
        "windowType": false
    }, {
        "position": [-0.181754008, -0.345492154, 0.5477155],
        "rotation": [14.6081848, 343.2789, 0],
        "scale": [1.27063155, 1.27063155, 1.00000012],
        "time": "14:46:22",
        "transparency": 1,
        "windowType": false
    }, {
        "position": [-0.166093469, -0.263407856, 0.501083136],
        "rotation": [27.9348564, 347.004852, 0],
        "scale": [1.3865602, 1.3865602, 1.00000012],
        "time": "14:50:47",
        "transparency": 1,
        "windowType": false
    }, {
        "position": [-0.166093469, -0.263407856, 0.501083136],
        "rotation": [27.9348564, 347.004852, 0],
        "scale": [1.3865602, 1.3865602, 1.00000012],
        "time": "14:50:55",
        "transparency": 1,
        "windowType": false
    }],
    "time": [],
    "velocity": []
}