{
    "participant": [{
        "position": [0.25662142, 0.00658297539, 0.8422054],
        "rotation": [3.80338955, 0, 0],
        "scale": [1.05982614, 1.0598259, 1.00000012],
        "time": "11:23:29",
        "transparency": 0.8346293,
        "windowType": false
    }, {
        "position": [0.25662142, 0.00658297539, 0.8422054],
        "rotation": [3.80338955, 0, 0],
        "scale": [1.05982614, 1.0598259, 1.00000012],
        "time": "11:23:30",
        "transparency": 0.8346293,
        "windowType": false
    }, {
        "position": [0.25662142, 0.00658297539, 0.8422054],
        "rotation": [3.80338955, 0, 0],
        "scale": [1.05982614, 1.0598259, 1.00000012],
        "time": "11:23:30",
        "transparency": 0.8346293,
        "windowType": false
    }, {
        "position": [0.4747464, -0.00654605776, 0.848401546],
        "rotation": [3.80338955, 0, 0],
        "scale": [1.05982614, 1.0598259, 1.00000012],
        "time": "11:32:10",
        "transparency": 0.8346293,
        "windowType": false
    }, {
        "position": [0.05846578, 0.00479221344, 0.865475237],
        "rotation": [10.6456432, 337.7364, 0],
        "scale": [0.625532269, 0.625532269, 1],
        "time": "11:39:11",
        "transparency": 1,
        "windowType": false
    }, {
        "position": [0.511086941, -0.243804455, 0.664533],
        "rotation": [3.062272, 23.7321, 0],
        "scale": [0.625532269, 0.625532269, 1],
        "time": "11:44:53",
        "transparency": 1,
        "windowType": false
    }, {
        "position": [0.511086941, -0.243804455, 0.664533],
        "rotation": [3.062272, 23.7321, 0],
        "scale": [0.625532269, 0.625532269, 1],
        "time": "11:44:54",
        "transparency": 1,
        "windowType": false
    }, {
        "position": [0.6663391, -0.33752203, 0.5330339],
        "rotation": [36.23544, 23.7321, 0],
        "scale": [0.625532269, 0.625532269, 1],
        "time": "11:45:00",
        "transparency": 1,
        "windowType": false
    }, {
        "position": [0.6663391, -0.33752203, 0.5330339],
        "rotation": [36.23544, 23.7321, 0],
        "scale": [0.625532269, 0.625532269, 1],
        "time": "11:45:01",
        "transparency": 1,
        "windowType": false
    }, {
        "position": [0.716730058, 0.00518798828, 0.7305488],
        "rotation": [1.58971477, 23.7320976, 0],
        "scale": [0.625532269, 0.625532269, 1],
        "time": "11:51:37",
        "transparency": 1,
        "windowType": false
    }, {
        "position": [0.716730058, 0.00518798828, 0.7305488],
        "rotation": [1.58971477, 23.7320976, 0],
        "scale": [0.625532269, 0.625532269, 1],
        "time": "11:52:05",
        "transparency": 1,
        "windowType": false
    }, {
        "position": [0.716730058, 0.00518798828, 0.7305488],
        "rotation": [1.58971477, 23.7320976, 0],
        "scale": [0.625532269, 0.625532269, 1],
        "time": "11:52:06",
        "transparency": 1,
        "windowType": false
    }, {
        "position": [0.716730058, 0.00518798828, 0.7305488],
        "rotation": [1.58971477, 23.7320976, 0],
        "scale": [0.625532269, 0.625532269, 1],
        "time": "11:52:28",
        "transparency": 1,
        "windowType": false
    }, {
        "position": [0.146811113, -0.347864717, 0.6212038],
        "rotation": [15.0000019, 0, 0],
        "scale": [0.335415, 0.335415, 1],
        "time": "11:54:08",
        "transparency": 1,
        "windowType": false
    }, {
        "position": [0.163725, -0.306393385, 0.6201961],
        "rotation": [15.0000019, 0, 0],
        "scale": [0.335415, 0.335415, 1],
        "time": "11:54:21",
        "transparency": 1,
        "windowType": false
    }, {
        "position": [0.163725, -0.306393385, 0.6201961],
        "rotation": [15.0000019, 0, 0],
        "scale": [0.335415, 0.335415, 1],
        "time": "11:54:38",
        "transparency": 1,
        "windowType": false
    }, {
        "position": [0.408212125, -0.0256631374, 0.513110161],
        "rotation": [15.0000038, 23.3639755, 2.20972879e-7],
        "scale": [0.373046577, 0.373046577, 1.00000012],
        "time": "12:12:37",
        "transparency": 1,
        "windowType": false
    }, {
        "position": [0.460805565, -0.19397068, 0.4201259],
        "rotation": [15.0000038, 23.3639755, 2.20972879e-7],
        "scale": [0.373046577, 0.373046577, 1.00000012],
        "time": "12:15:44",
        "transparency": 1,
        "windowType": false
    }, {
        "position": [0.2825507, -0.147404745, 0.453928679],
        "rotation": [3.25170541, 23.3639774, 0],
        "scale": [0.333221138, 0.333221138, 1.00000012],
        "time": "12:20:50",
        "transparency": 1,
        "windowType": false
    }, {
        "position": [0.305113137, -0.14604871, 0.4663489],
        "rotation": [27.6526489, 23.36398, 0],
        "scale": [0.333221138, 0.333221138, 1.00000012],
        "time": "12:21:05",
        "transparency": 1,
        "windowType": false
    }, {
        "position": [0.339220881, -0.151116058, 0.469969928],
        "rotation": [20.227972, 23.3639812, 4.54945877e-7],
        "scale": [0.333221138, 0.333221138, 1.00000012],
        "time": "12:24:12",
        "transparency": 1,
        "windowType": false
    }, {
        "position": [0.339220881, -0.151116058, 0.469969928],
        "rotation": [12.2047434, 23.3639812, 2.18379128e-7],
        "scale": [0.333221138, 0.333221138, 1.00000012],
        "time": "12:24:25",
        "transparency": 1,
        "windowType": false
    }, {
        "position": [0.09651068, -0.2044605, 0.5468248],
        "rotation": [0.781356633, 6.46017933, -3.33536354e-9],
        "scale": [0.39667505, 0.39667505, 1.00000012],
        "time": "12:29:40",
        "transparency": 1,
        "windowType": false
    }, {
        "position": [0.0996852443, -0.18292129, 0.56824],
        "rotation": [0.781356633, 6.46017933, -3.33536354e-9],
        "scale": [0.39667505, 0.39667505, 1.00000012],
        "time": "12:29:50",
        "transparency": 1,
        "windowType": false
    }, {
        "position": [0.0996852443, -0.18292129, 0.56824],
        "rotation": [0.781356633, 6.46017933, -3.33536354e-9],
        "scale": [0.39667505, 0.39667505, 1.00000012],
        "time": "12:29:50",
        "transparency": 1,
        "windowType": false
    }, {
        "position": [0.273751169, -0.195901722, 0.494349539],
        "rotation": [21.128191, 6.46017933, 0],
        "scale": [0.39667505, 0.39667505, 1.00000012],
        "time": "12:37:06",
        "transparency": 1,
        "windowType": false
    }],
    "playerId": "1230_112022",
    "presentation": [{
        "position": [-0.250292033, 0.09215784, 0.788002],
        "rotation": [0, 348.072, 0],
        "scale": [1.66921854, 1.66921854, 1.00000012],
        "time": "11:23:29",
        "transparency": 0.8064294,
        "windowType": false
    }, {
        "position": [-0.250292033, 0.09215784, 0.788002],
        "rotation": [0, 348.072, 0],
        "scale": [1.66921854, 1.66921854, 1.00000012],
        "time": "11:23:30",
        "transparency": 0.8064294,
        "windowType": false
    }, {
        "position": [-0.250292033, 0.09215784, 0.788002],
        "rotation": [0, 348.072, 0],
        "scale": [1.66921854, 1.66921854, 1.00000012],
        "time": "11:23:30",
        "transparency": 0.8064294,
        "windowType": false
    }, {
        "position": [-0.0202845018, -0.0374248438, 0.8250403],
        "rotation": [2.276388, 355.0818, 0],
        "scale": [1.75970316, 1.75970316, 1.00000012],
        "time": "11:32:10",
        "transparency": 0.8064294,
        "windowType": false
    }, {
        "position": [-0.217827946, 0.125128746, 0.857907057],
        "rotation": [359.176, 335.0838, 1.33415918e-8],
        "scale": [1.66921854, 1.66921854, 1],
        "time": "11:39:11",
        "transparency": 0.6979561,
        "windowType": false
    }, {
        "position": [0.313406825, -0.0820384, 0.899971664],
        "rotation": [359.274353, 23.7321014, 1.33412819e-8],
        "scale": [1.66921854, 1.66921854, 1],
        "time": "11:44:53",
        "transparency": 0.6979561,
        "windowType": false
    }, {
        "position": [0.313406825, -0.0820384, 0.899971664],
        "rotation": [359.274353, 23.7321014, 1.33412819e-8],
        "scale": [1.66921854, 1.66921854, 1],
        "time": "11:44:54",
        "transparency": 0.6979561,
        "windowType": false
    }, {
        "position": [0.313406825, -0.0820384, 0.899971664],
        "rotation": [359.274353, 23.7321014, 1.33412819e-8],
        "scale": [1.66921854, 1.66921854, 1],
        "time": "11:45:00",
        "transparency": 0.6979561,
        "windowType": false
    }, {
        "position": [0.313406825, -0.0820384, 0.899971664],
        "rotation": [359.274353, 23.7321014, 1.33412819e-8],
        "scale": [1.66921854, 1.66921854, 1],
        "time": "11:45:01",
        "transparency": 0.6979561,
        "windowType": false
    }, {
        "position": [0.3497455, 0.08222103, 0.909135342],
        "rotation": [0.4759419, 23.7321, 6.670337e-9],
        "scale": [1.66921854, 1.66921854, 1],
        "time": "11:51:37",
        "transparency": 0.88074,
        "windowType": false
    }, {
        "position": [0.4130729, 0.2249775, 0.9739784],
        "rotation": [0.4759419, 23.7321, 6.670337e-9],
        "scale": [1.66921854, 1.66921854, 1],
        "time": "11:52:05",
        "transparency": 0.88074,
        "windowType": false
    }, {
        "position": [0.4130729, 0.2249775, 0.9739784],
        "rotation": [0.4759419, 23.7321, 6.670337e-9],
        "scale": [1.66921854, 1.66921854, 1],
        "time": "11:52:06",
        "transparency": 0.88074,
        "windowType": false
    }, {
        "position": [0.4130729, 0.2249775, 0.9739784],
        "rotation": [0.4759419, 23.7321, 1.33406743e-8],
        "scale": [1.66921854, 1.66921854, 1],
        "time": "11:52:28",
        "transparency": 0.88074,
        "windowType": false
    }, {
        "position": [-0.101371072, -0.295621485, 0.638155937],
        "rotation": [15.2243071, 0, 0],
        "scale": [0.95192194, 0.95192194, 1],
        "time": "11:54:08",
        "transparency": 0.884203434,
        "windowType": false
    }, {
        "position": [-0.06759207, -0.238438845, 0.6427929],
        "rotation": [15.2243071, 0, 0],
        "scale": [0.95192194, 0.95192194, 1],
        "time": "11:54:21",
        "transparency": 0.884203434,
        "windowType": false
    }, {
        "position": [-0.0643581748, -0.257466555, 0.625317931],
        "rotation": [15.2243071, 0, 0],
        "scale": [0.95192194, 0.95192194, 1],
        "time": "11:54:38",
        "transparency": 0.884203434,
        "windowType": false
    }, {
        "position": [0.240712523, 0.127985716, 0.6553828],
        "rotation": [357.306671, 18.080328, 2.670993e-8],
        "scale": [1.75339258, 1.75339258, 1.00000012],
        "time": "12:12:37",
        "transparency": 0.8348403,
        "windowType": false
    }, {
        "position": [0.2806033, -0.0613954067, 0.6187713],
        "rotation": [357.306671, 18.080328, 2.670993e-8],
        "scale": [1.75339258, 1.75339258, 1.00000012],
        "time": "12:15:44",
        "transparency": 0.8348403,
        "windowType": false
    }, {
        "position": [-0.00113457441, -0.2393885, 0.4568864],
        "rotation": [28.2604122, 358.5846, 3.02909626e-8],
        "scale": [1.28807592, 1.28807592, 1.00000012],
        "time": "12:20:50",
        "transparency": 0.8348403,
        "windowType": false
    }, {
        "position": [-0.00113457441, -0.2393885, 0.4568864],
        "rotation": [28.2604122, 358.5846, 3.02909626e-8],
        "scale": [1.28807592, 1.28807592, 1.00000012],
        "time": "12:21:05",
        "transparency": 0.8348403,
        "windowType": false
    }, {
        "position": [0.00313346088, -0.184769288, 0.4483315],
        "rotation": [28.2604122, 358.5846, 3.02909626e-8],
        "scale": [1.30612111, 1.30612111, 1.00000012],
        "time": "12:24:12",
        "transparency": 0.8348403,
        "windowType": false
    }, {
        "position": [0.00313346088, -0.184769288, 0.4483315],
        "rotation": [17.8774242, 358.5846, 2.80340355e-8],
        "scale": [1.30612111, 1.30612111, 1.00000012],
        "time": "12:24:25",
        "transparency": 0.8348403,
        "windowType": false
    }, {
        "position": [-0.173221216, -0.263932228, 0.49622947],
        "rotation": [12.5333633, 337.55072, 0],
        "scale": [1.17049789, 1.17049789, 1.00000012],
        "time": "12:29:40",
        "transparency": 0.8348403,
        "windowType": false
    }, {
        "position": [-0.173221216, -0.263932228, 0.49622947],
        "rotation": [12.5333633, 337.55072, 0],
        "scale": [1.17049789, 1.17049789, 1.00000012],
        "time": "12:29:50",
        "transparency": 0.8348403,
        "windowType": false
    }, {
        "position": [-0.173221216, -0.263932228, 0.49622947],
        "rotation": [12.5333633, 337.55072, 0],
        "scale": [1.17049789, 1.17049789, 1.00000012],
        "time": "12:29:50",
        "transparency": 0.8348403,
        "windowType": false
    }, {
        "position": [-0.00261974335, -0.2706356, 0.502935767],
        "rotation": [5.977219, 358.41803, 6.70656775e-9],
        "scale": [1.17049789, 1.17049789, 1.00000012],
        "time": "12:37:06",
        "transparency": 0.8348403,
        "windowType": false
    }],
    "time": [],
    "velocity": []
}