{
    "participant": [{
        "position": [0.152876958, 0.116214991, 0.471726716],
        "rotation": [6.3295517, 355.219177, -2.6844063e-8],
        "scale": [0.27230525, 0.27230525, 1.00000012],
        "time": "10:27:20",
        "transparency": 1,
        "windowType": false
    }, {
        "position": [0.152876958, 0.116214991, 0.471726716],
        "rotation": [6.3295517, 355.219177, -2.6844063e-8],
        "scale": [0.27230525, 0.27230525, 1.00000012],
        "time": "10:28:40",
        "transparency": 1,
        "windowType": false
    }, {
        "position": [0.152876958, 0.116214991, 0.471726716],
        "rotation": [6.3295517, 355.219177, -2.6844063e-8],
        "scale": [0.27230525, 0.27230525, 1.00000012],
        "time": "10:32:17",
        "transparency": 1,
        "windowType": false
    }, {
        "position": [0.152876958, 0.116214991, 0.471726716],
        "rotation": [6.3295517, 355.219177, -2.6844063e-8],
        "scale": [0.27230525, 0.27230525, 1.00000012],
        "time": "10:34:30",
        "transparency": 1,
        "windowType": false
    }, {
        "position": [0.152876958, 0.116214991, 0.471726716],
        "rotation": [6.3295517, 355.219177, -2.6844063e-8],
        "scale": [0.27230525, 0.27230525, 1.00000012],
        "time": "10:34:30",
        "transparency": 1,
        "windowType": false
    }, {
        "position": [0.152876958, 0.116214991, 0.471726716],
        "rotation": [6.3295517, 355.219177, -2.6844063e-8],
        "scale": [0.27230525, 0.27230525, 1.00000012],
        "time": "10:36:14",
        "transparency": 1,
        "windowType": false
    }, {
        "position": [0.152876958, 0.116214991, 0.471726716],
        "rotation": [6.3295517, 355.219177, -2.6844063e-8],
        "scale": [0.27230525, 0.27230525, 1.00000012],
        "time": "10:36:40",
        "transparency": 1,
        "windowType": false
    }, {
        "position": [0.152876958, 0.116214991, 0.471726716],
        "rotation": [6.3295517, 355.219177, -2.6844063e-8],
        "scale": [0.27230525, 0.27230525, 1.00000012],
        "time": "10:36:44",
        "transparency": 1,
        "windowType": false
    }, {
        "position": [0.152876958, 0.116214991, 0.471726716],
        "rotation": [6.3295517, 355.219177, -2.6844063e-8],
        "scale": [0.27230525, 0.27230525, 1.00000012],
        "time": "10:36:45",
        "transparency": 1,
        "windowType": false
    }, {
        "position": [0.152876958, 0.116214991, 0.471726716],
        "rotation": [6.3295517, 355.219177, -2.6844063e-8],
        "scale": [0.27230525, 0.27230525, 1.00000012],
        "time": "10:50:20",
        "transparency": 1,
        "windowType": false
    }, {
        "position": [0.152876958, 0.116214991, 0.471726716],
        "rotation": [6.3295517, 355.219177, -2.6844063e-8],
        "scale": [0.27230525, 0.27230525, 1.00000012],
        "time": "10:50:29",
        "transparency": 1,
        "windowType": false
    }, {
        "position": [0.152876958, 0.116214991, 0.471726716],
        "rotation": [6.3295517, 355.219177, -2.6844063e-8],
        "scale": [0.27230525, 0.27230525, 1.00000012],
        "time": "10:51:13",
        "transparency": 1,
        "windowType": false
    }, {
        "position": [0.152876958, 0.116214991, 0.471726716],
        "rotation": [6.3295517, 355.219177, -2.6844063e-8],
        "scale": [0.27230525, 0.27230525, 1.00000012],
        "time": "10:51:16",
        "transparency": 1,
        "windowType": false
    }, {
        "position": [0.05332947, 0.126851559, 0.464983135],
        "rotation": [337.023224, 355.219177, 1.159183e-7],
        "scale": [0.340609729, 0.340609729, 1.00000012],
        "time": "10:59:09",
        "transparency": 0.991222858,
        "windowType": false
    }, {
        "position": [0.05332947, 0.126851559, 0.464983135],
        "rotation": [337.023224, 355.219177, 2.318366e-7],
        "scale": [0.340609729, 0.340609729, 1.00000012],
        "time": "11:03:42",
        "transparency": 0.991222858,
        "windowType": false
    }, {
        "position": [0.05332947, 0.126851559, 0.464983135],
        "rotation": [337.023224, 355.219177, 2.318366e-7],
        "scale": [0.340609729, 0.340609729, 1.00000012],
        "time": "11:03:44",
        "transparency": 0.991222858,
        "windowType": false
    }, {
        "position": [0.05332947, 0.126851559, 0.464983135],
        "rotation": [337.023224, 355.219177, 2.318366e-7],
        "scale": [0.340609729, 0.340609729, 1.00000012],
        "time": "11:03:49",
        "transparency": 0.991222858,
        "windowType": false
    }, {
        "position": [0.0601793751, 0.08715227, 0.489254981],
        "rotation": [336.4325, 355.219177, 0],
        "scale": [0.5050995, 0.5050995, 1.00000012],
        "time": "11:05:09",
        "transparency": 0.991222858,
        "windowType": false
    }, {
        "position": [0.0471885242, 0.08386314, 0.4868096],
        "rotation": [347.873962, 355.219177, -5.457861e-8],
        "scale": [0.519290149, 0.519290149, 1.00000012],
        "time": "11:05:16",
        "transparency": 0.991222858,
        "windowType": false
    }],
    "playerId": "1225_101839",
    "presentation": [{
        "position": [0.0105010578, -0.1690445, 0.5837349],
        "rotation": [21.5697136, 342.08374, 0.000001147581],
        "scale": [0.632276535, 0.632276535, 1.00000012],
        "time": "10:27:20",
        "transparency": 1,
        "windowType": false
    }, {
        "position": [0.235129267, -0.169955254, 0.609250546],
        "rotation": [21.5697441, 15.7855291, 0],
        "scale": [0.632276535, 0.632276535, 1.00000012],
        "time": "10:28:40",
        "transparency": 1,
        "windowType": false
    }, {
        "position": [0.1788262, -0.3016113, 0.4402875],
        "rotation": [37.3121758, 15.7855387, 5.367318e-7],
        "scale": [0.6859112, 0.6859112, 1.00000012],
        "time": "10:32:17",
        "transparency": 1,
        "windowType": false
    }, {
        "position": [0.1371509, -0.305712432, 0.636478662],
        "rotation": [31.31079, 15.7855511, 0.0000014989688],
        "scale": [0.6859112, 0.6859112, 1.00000012],
        "time": "10:34:30",
        "transparency": 1,
        "windowType": false
    }, {
        "position": [0.1371509, -0.305712432, 0.636478662],
        "rotation": [31.31079, 15.7855511, 0.0000014989688],
        "scale": [0.6859112, 0.6859112, 1.00000012],
        "time": "10:34:30",
        "transparency": 1,
        "windowType": false
    }, {
        "position": [0.103598692, -0.462584645, 0.7813801],
        "rotation": [31.31079, 15.7855558, 4.99656267e-7],
        "scale": [0.6859112, 0.6859112, 1.00000012],
        "time": "10:36:14",
        "transparency": 1,
        "windowType": false
    }, {
        "position": [0.123333216, -0.3129842, 0.478672773],
        "rotation": [32.28274, 15.7855558, 0],
        "scale": [0.6859112, 0.6859112, 1.00000012],
        "time": "10:36:40",
        "transparency": 1,
        "windowType": false
    }, {
        "position": [0.123333216, -0.3129842, 0.478672773],
        "rotation": [32.28274, 15.7855558, 0],
        "scale": [0.6859112, 0.6859112, 1.00000012],
        "time": "10:36:44",
        "transparency": 1,
        "windowType": false
    }, {
        "position": [0.123333216, -0.3129842, 0.478672773],
        "rotation": [32.28274, 15.7855558, 0],
        "scale": [0.6859112, 0.6859112, 1.00000012],
        "time": "10:36:45",
        "transparency": 1,
        "windowType": false
    }, {
        "position": [-0.0259187166, 0.186212659, 0.4277268],
        "rotation": [332.169617, 358.3805, 0],
        "scale": [0.6859112, 0.6859112, 1.00000012],
        "time": "10:50:20",
        "transparency": 1,
        "windowType": false
    }, {
        "position": [-0.0120082842, 0.2720753, 0.504781842],
        "rotation": [332.169617, 358.3805, 0],
        "scale": [0.6859112, 0.6859112, 1.00000012],
        "time": "10:50:29",
        "transparency": 1,
        "windowType": false
    }, {
        "position": [-0.0776432455, 0.177033782, 0.4787716],
        "rotation": [332.169617, 358.3805, 0],
        "scale": [0.6859112, 0.6859112, 1.00000012],
        "time": "10:51:13",
        "transparency": 1,
        "windowType": false
    }, {
        "position": [-0.0776432455, 0.177033782, 0.4787716],
        "rotation": [332.169617, 358.3805, 0],
        "scale": [0.6859112, 0.6859112, 1.00000012],
        "time": "10:51:16",
        "transparency": 1,
        "windowType": false
    }, {
        "position": [-0.0776432455, 0.177033782, 0.4787716],
        "rotation": [332.169617, 358.3805, 0],
        "scale": [0.6859112, 0.6859112, 1.00000012],
        "time": "10:59:09",
        "transparency": 1,
        "windowType": false
    }, {
        "position": [-0.0776432455, 0.177033782, 0.4787716],
        "rotation": [332.169617, 358.3805, 0],
        "scale": [0.6859112, 0.6859112, 1.00000012],
        "time": "11:03:42",
        "transparency": 1,
        "windowType": false
    }, {
        "position": [-0.0776432455, 0.177033782, 0.4787716],
        "rotation": [332.169617, 358.3805, 0],
        "scale": [0.6859112, 0.6859112, 1.00000012],
        "time": "11:03:44",
        "transparency": 1,
        "windowType": false
    }, {
        "position": [-0.0776432455, 0.177033782, 0.4787716],
        "rotation": [332.169617, 358.3805, 0],
        "scale": [0.6859112, 0.6859112, 1.00000012],
        "time": "11:03:49",
        "transparency": 1,
        "windowType": false
    }, {
        "position": [-0.100531116, 0.121192172, 0.5017921],
        "rotation": [342.366943, 355.219177, 5.599156e-8],
        "scale": [0.5961132, 0.5961132, 1.00000012],
        "time": "11:05:09",
        "transparency": 1,
        "windowType": false
    }, {
        "position": [-0.100531116, 0.121192172, 0.5017921],
        "rotation": [342.366943, 355.219177, 5.599156e-8],
        "scale": [0.5961132, 0.5961132, 1.00000012],
        "time": "11:05:16",
        "transparency": 1,
        "windowType": false
    }],
    "time": [],
    "velocity": []
}