{
    "participant": [{
        "position": [0.233529016, -0.444152117, 0.7821493],
        "rotation": [17.709465, 12.2807493, 0],
        "scale": [0.9078646, 0.9078646, 1],
        "time": "17:29:24",
        "transparency": 0.38239336,
        "windowType": false
    }, {
        "position": [0.21304974, -0.424478531, 0.7803955],
        "rotation": [17.70947, 9.294674, 2.24061381e-7],
        "scale": [0.9078646, 0.9078646, 1],
        "time": "17:34:14",
        "transparency": 0.568939,
        "windowType": false
    }, {
        "position": [0.4039041, -0.499630421, 0.6373895],
        "rotation": [18.1512623, 9.294678, -1.12310566e-7],
        "scale": [0.9078646, 0.9078646, 1],
        "time": "17:40:23",
        "transparency": 0.568939,
        "windowType": false
    }, {
        "position": [0.226352751, -0.604193449, 0.872924447],
        "rotation": [20.85701, 6.1867094, 0],
        "scale": [0.7289629, 0.7289629, 1],
        "time": "17:47:40",
        "transparency": 1,
        "windowType": false
    }, {
        "position": [0.180501521, -0.5876121, 0.880459],
        "rotation": [20.85701, 6.1867094, 0],
        "scale": [0.7289629, 0.7289629, 1],
        "time": "17:53:10",
        "transparency": 1,
        "windowType": false
    }],
    "playerId": "0723_172501",
    "presentation": [{
        "position": [-0.138209224, -0.397928238, 0.73435235],
        "rotation": [21.53446, 348.526428, 2.2946044e-7],
        "scale": [1.222142, 1.222142, 1],
        "time": "17:29:24",
        "transparency": 1,
        "windowType": false
    }, {
        "position": [-0.138350785, -0.405219078, 0.7071108],
        "rotation": [21.534462, 351.1921, -1.1473022e-7],
        "scale": [1.222142, 1.222142, 1],
        "time": "17:34:14",
        "transparency": 0.832775354,
        "windowType": false
    }, {
        "position": [0.0537113547, -0.5123577, 0.799120545],
        "rotation": [26.0152073, 4.22734, 0],
        "scale": [1.222142, 1.222142, 1],
        "time": "17:40:23",
        "transparency": 0.832775354,
        "windowType": false
    }, {
        "position": [-0.0530887246, -0.6051378, 1.33251894],
        "rotation": [29.293644, 2.78811526, 1.22369926e-7],
        "scale": [1.9835937, 1.9835937, 1],
        "time": "17:47:40",
        "transparency": 0.5657718,
        "windowType": false
    }, {
        "position": [-0.0530887246, -0.6051378, 1.33251894],
        "rotation": [29.293644, 2.78811526, 1.22369926e-7],
        "scale": [1.9835937, 1.9835937, 1],
        "time": "17:53:10",
        "transparency": 0.5657718,
        "windowType": false
    }]
}