{
    "participant": [{
        "position": [-0.386548877, 0.145517886, 0.6156904],
        "rotation": [353.4869, 335.768982, -1.07414969e-7],
        "scale": [0.74786973, 0.7478695, 1.00000012],
        "time": "11:57:50",
        "transparency": 1,
        "windowType": false
    }, {
        "position": [-0.386548877, 0.145517886, 0.6156904],
        "rotation": [353.4869, 335.768982, -1.07414969e-7],
        "scale": [0.74786973, 0.7478695, 1.00000012],
        "time": "11:58:04",
        "transparency": 1,
        "windowType": false
    }, {
        "position": [-0.386548877, 0.145517886, 0.6156904],
        "rotation": [353.4869, 335.768982, -1.07414969e-7],
        "scale": [0.74786973, 0.7478695, 1.00000012],
        "time": "Case 1 Head",
        "transparency": 1,
        "windowType": false
    }, {
        "position": [-0.386548877, 0.145517886, 0.6156904],
        "rotation": [353.4869, 335.768982, -3.222449e-7],
        "scale": [0.74786973, 0.7478695, 1.00000012],
        "time": "12:04:56",
        "transparency": 1,
        "windowType": false
    }],
    "playerId": "1219_115343",
    "presentation": [{
        "position": [0.219260186, 0.0435677245, 0.65094465],
        "rotation": [7.66038656, 7.742292, 1.076827e-7],
        "scale": [2.02360153, 2.02360153, 1.00000012],
        "time": "11:57:50",
        "transparency": 0.8005197,
        "windowType": false
    }, {
        "position": [0.219260186, 0.0435677245, 0.65094465],
        "rotation": [358.1266, 7.742293, -1.33473455e-8],
        "scale": [2.02360153, 2.02360153, 1.00000012],
        "time": "11:58:04",
        "transparency": 0.8005197,
        "windowType": false
    }, {
        "position": [0.219260186, 0.0435677245, 0.65094465],
        "rotation": [358.1266, 7.742293, -1.33473455e-8],
        "scale": [2.02360153, 2.02360153, 1.00000012],
        "time": "Case 1 Head",
        "transparency": 0.8005197,
        "windowType": false
    }, {
        "position": [0.23621735, 0.0698609948, 0.6661847],
        "rotation": [345.56665, 1.63645, 0],
        "scale": [2.02360153, 2.02360153, 1.00000012],
        "time": "12:04:56",
        "transparency": 0.8005197,
        "windowType": false
    }],
    "time": [],
    "velocity": []
}