{
    "participant": [{
        "position": [-0.186076269, 0.05853032, 0.418786466],
        "rotation": [337.166382, 329.5448, 9.26367761e-7],
        "scale": [0.6421096, 0.642109334, 1.00000012],
        "time": "10:52:39",
        "transparency": 0.645813465,
        "windowType": false
    }, {
        "position": [-0.186076269, 0.05853032, 0.418786466],
        "rotation": [337.166382, 329.5448, 9.26367761e-7],
        "scale": [0.6421096, 0.642109334, 1.00000012],
        "time": "10:52:59",
        "transparency": 0.645813465,
        "windowType": false
    }, {
        "position": [-0.285580218, 0.0637792945, 0.4838621],
        "rotation": [337.166382, 329.5448, 0.0000027791034],
        "scale": [0.6421096, 0.642109334, 1.00000012],
        "time": "11:03:56",
        "transparency": 0.645813465,
        "windowType": false
    }, {
        "position": [-0.186076269, 0.05853032, 0.418786466],
        "rotation": [337.166382, 329.5448, 0.000007410942],
        "scale": [0.6421096, 0.642109334, 1.00000012],
        "time": "11:18:37",
        "transparency": 0.645813465,
        "windowType": false
    }, {
        "position": [-0.186076269, 0.05853032, 0.418786466],
        "rotation": [337.166382, 329.5448, 0.00000185273552],
        "scale": [0.6421096, 0.642109334, 1.00000012],
        "time": "11:23:25",
        "transparency": 0.645813465,
        "windowType": false
    }, {
        "position": [-0.344935477, 0.249585509, 0.318869263],
        "rotation": [337.166382, 329.5448, 0.000003705471],
        "scale": [0.6421096, 0.642109334, 1.00000012],
        "time": "11:29:09",
        "transparency": 0.645813465,
        "windowType": false
    }],
    "playerId": "1219_104546",
    "presentation": [{
        "position": [0.193712875, 0.05595488, 0.481623173],
        "rotation": [347.868958, 24.8605671, 0],
        "scale": [1.059021, 1.059021, 1.00000012],
        "time": "10:52:39",
        "transparency": 0.8136792,
        "windowType": false
    }, {
        "position": [0.193712875, 0.05595488, 0.481623173],
        "rotation": [347.868958, 24.8605671, 0],
        "scale": [1.059021, 1.059021, 1.00000012],
        "time": "10:52:59",
        "transparency": 0.8136792,
        "windowType": false
    }, {
        "position": [0.100407645, -0.0114585273, 0.491986483],
        "rotation": [351.393066, 10.4535017, 1.07937261e-7],
        "scale": [1.23683357, 1.23683357, 1.00000012],
        "time": "11:03:56",
        "transparency": 0.8136792,
        "windowType": false
    }, {
        "position": [0.08697509, 0.0565087, 0.388831228],
        "rotation": [347.222778, 22.7932663, 0],
        "scale": [0.6824829, 0.6824829, 1.00000012],
        "time": "11:18:37",
        "transparency": 0.8136792,
        "windowType": false
    }, {
        "position": [0.13443625, 0.0033996217, 0.4741732],
        "rotation": [1.18538952, 13.7787409, -1.3343068e-8],
        "scale": [1.24518776, 1.24518776, 1.00000012],
        "time": "11:23:25",
        "transparency": 0.4958744,
        "windowType": false
    }, {
        "position": [0.04810455, 0.17752707, 0.4389234],
        "rotation": [337.3787, 6.61979055, 0],
        "scale": [1.28226662, 1.28226662, 1.00000012],
        "time": "11:29:09",
        "transparency": 0.4958744,
        "windowType": false
    }],
    "time": [],
    "velocity": []
}