{
    "participant": [{
        "position": [0.255103052, -0.137742043, 0.5463557],
        "rotation": [16.64414, 16.0281181, 2.22777246e-7],
        "scale": [0.5, 0.5, 1],
        "time": "15:59:00",
        "transparency": 0.479930162,
        "windowType": false
    }, {
        "position": [0.218495682, -0.215335876, 0.7194167],
        "rotation": [16.64414, 16.0281181, 2.227773e-7],
        "scale": [0.5, 0.5, 1],
        "time": "16:08:42",
        "transparency": 0.232418776,
        "windowType": false
    }, {
        "position": [0.303876638, -0.216214463, 0.644140661],
        "rotation": [16.64414, 16.0281181, 2.227773e-7],
        "scale": [0.5, 0.5, 1],
        "time": "16:08:57",
        "transparency": 0.232418776,
        "windowType": false
    }, {
        "position": [0.04298854, -0.193075135, 0.760752261],
        "rotation": [15.22296, 3.63630271, 0],
        "scale": [0.5, 0.5, 1],
        "time": "16:10:43",
        "transparency": 0.185771465,
        "windowType": false
    }, {
        "position": [0.08981091, -0.211115167, 0.762491643],
        "rotation": [15.2229633, 3.63630342, 0],
        "scale": [0.5, 0.5, 1],
        "time": "16:10:55",
        "transparency": 0.185771465,
        "windowType": false
    }, {
        "position": [0.07817625, -0.0384151936, 0.88886714],
        "rotation": [15.2229633, 3.63630342, 0],
        "scale": [0.5, 0.5, 1],
        "time": "16:13:37",
        "transparency": 0.540881157,
        "windowType": false
    }, {
        "position": [0.07817625, -0.0384151936, 0.88886714],
        "rotation": [15.2229633, 3.63630342, 0],
        "scale": [0.5, 0.5, 1],
        "time": "16:13:38",
        "transparency": 0.540881157,
        "windowType": false
    }],
    "playerId": "",
    "presentation": [{
        "position": [0.009126384, -0.2108972, 0.661213],
        "rotation": [18.628746, 3.74818087, -5.631109e-8],
        "scale": [0.9980935, 0.9980935, 1],
        "time": "15:59:00",
        "transparency": 0.505432367,
        "windowType": false
    }, {
        "position": [0.0239914358, -0.214882612, 0.6930861],
        "rotation": [11.1267433, 6.37627745, 0],
        "scale": [0.9980935, 0.9980935, 1],
        "time": "16:08:42",
        "transparency": 0.254976571,
        "windowType": false
    }, {
        "position": [0.0239914358, -0.214882612, 0.6930861],
        "rotation": [11.1267433, 6.37627745, 0],
        "scale": [0.9980935, 0.9980935, 1],
        "time": "16:08:57",
        "transparency": 0.254976571,
        "windowType": false
    }, {
        "position": [0.0392236263, -0.360218585, 0.7169918],
        "rotation": [11.1267452, 5.0048337, 0],
        "scale": [0.9980935, 0.9980935, 1],
        "time": "16:10:43",
        "transparency": 0.183416426,
        "windowType": false
    }, {
        "position": [0.0392236263, -0.360218585, 0.7169918],
        "rotation": [11.126749, 5.0048337, 5.43831078e-8],
        "scale": [0.9980935, 0.9980935, 1],
        "time": "16:10:55",
        "transparency": 0.183416426,
        "windowType": false
    }, {
        "position": [0.058724314, -0.198039532, 0.836708963],
        "rotation": [11.126749, 5.0048337, 5.43831078e-8],
        "scale": [0.9980935, 0.9980935, 1],
        "time": "16:13:37",
        "transparency": 0.538237631,
        "windowType": false
    }, {
        "position": [0.058724314, -0.198039532, 0.836708963],
        "rotation": [11.126749, 5.0048337, 5.43831078e-8],
        "scale": [0.9980935, 0.9980935, 1],
        "time": "16:13:38",
        "transparency": 0.538237631,
        "windowType": false
    }]
}