{
    "participant": [{
        "position": [0.117125362, -0.408145428, 0.837896466],
        "rotation": [15.000001, 10.3089819, 0],
        "scale": [0.619693, 0.619693, 1.00000012],
        "time": "Case 1 Path",
        "transparency": 1,
        "windowType": false
    }, {
        "position": [0.302170575, -0.410168648, 0.7475439],
        "rotation": [15.000001, 10.3089819, 0],
        "scale": [0.619693, 0.619693, 1.00000012],
        "time": "Case 1 Head",
        "transparency": 1,
        "windowType": false
    }, {
        "position": [0.518000007,-0.416999996,0.684000015],
        "rotation": [15.00001, 31.87384, 0],
        "scale": [0.619693, 0.619693, 1.00000012],
        "time": "Case 2 Path",
        "transparency": 1,
        "windowType": false
    }, {
        "position": [0.302170575, -0.410168648, 0.7475439],
        "rotation": [15.000001, 10.3089819, 0],
        "scale": [0.619693, 0.619693, 1.00000012],
        "time": "Case 2 Head",
        "transparency": 1,
        "windowType": false
    }, {
        "position": [0.312000006,-0.358541727,0.556999981],
        "rotation": [14.5136147, 13.6079187, 1.10239654e-7],
        "scale": [0.785831153, 0.785831153, 1.00000012],
        "time": "Case 3 Head",
        "transparency": 1,
        "windowType": false
    }, {
        "position": [0.233315974, -0.226402044, 0.6029491],
        "rotation": [15.0000248, 12.6457882, 0.00000110486451],
        "scale": [0.7417585, 0.7417585, 1.00000012],
        "time": "Case 3 Path",
        "transparency": 1,
        "windowType": false
    }, {
        "position": [0.29924494, -0.309562981, 0.577529848],
        "rotation": [14.5136127, 16.6427956, 0],
        "scale": [0.7417585, 0.7417585, 1.00000012],
        "time": "Case 4 Path",
        "transparency": 1,
        "windowType": false
    }, {
        "position": [0.469454646, -0.3282237, 0.555102468],
        "rotation": [15.0000076, 19.4078712, 0],
        "scale": [1.05982614, 1.0598259, 1.00000012],
        "time": "Case 4 Head",
        "transparency": 1,
        "windowType": false
    }],
    "playerId": "User 7",
    "presentation": [{
        "position": [-0.582681835, -0.417685032, 0.6219881],
        "rotation": [13.5236568, 325.4231, 4.39060472e-7],
        "scale": [1.70275331, 1.70275331, 1.00000012],
        "time": "Case 1 Path",
        "transparency": 1,
        "windowType": false
    }, {
        "position": [-0.256077677, -0.376910329, 0.600630045],
        "rotation": [28.0316715, 347.047882, 0],
        "scale": [1.149596, 1.149596, 1.00000012],
        "time": "Case 1 Head",
        "transparency": 1,
        "windowType": false
    }, {
        "position": [-0.311222583, -0.388001442, 0.7187032],
        "rotation": [26.6808167, 338.520569, 0],
        "scale": [1.379215, 1.379215, 1.00000012],
        "time": "Case 2 Path",
        "transparency": 1,
        "windowType": false
    }, {
        "position": [-0.249391541, -0.335867465, 0.6465988],
        "rotation": [28.03168, 352.443451, 0],
        "scale": [1.149596, 1.149596, 1.00000012],
        "time": "Case 2 Head",
        "transparency": 1,
        "windowType": false
    }, {
        "position": [-0.223000005,-0.347770721,0.504999995],
        "rotation": [20.7787762, 352.555725, -2.2829218e-7],
        "scale": [1.15858042,1.15858042,1.00000012],
        "time": "Case 3 Head",
        "transparency": 1,
        "windowType": false
    }, {
        "position": [-0.3107676, -0.255060554, 0.507223547],
        "rotation": [20.7787685, 331.796, -4.5658436e-7],
        "scale": [1.15719557, 1.15719557, 1.00000012],
        "time": "Case 3 Path",
        "transparency": 1,
        "windowType": false
    }, {
        "position": [-0.15637365, -0.33368358, 0.5070321],
        "rotation": [20.7787762, 352.555725, -2.2829218e-7],
        "scale": [1.15719557, 1.15719557, 1.00000012],
        "time": "Case 4 Path",
        "transparency": 1,
        "windowType": false
    },  {
        "position": [-0.166093469, -0.263407856, 0.501083136],
        "rotation": [27.9348564, 347.004852, 0],
        "scale": [1.3865602, 1.3865602, 1.00000012],
        "time": "Case 4 Head",
        "transparency": 1,
        "windowType": false
    }],
    "time": [],
    "velocity": []
}