{
    "participant": [{
        "position": [0.02508381, -0.156995, 0.8428616],
        "rotation": [349.6102, 0, 0],
        "scale": [1.05982614, 1.0598259, 1.00000012],
        "time": "15:10:30",
        "transparency": 0.7284354,
        "windowType": false
    }, {
        "position": [0.0198203921, -0.07437843, 1.11831],
        "rotation": [358.731781, 0, 0],
        "scale": [1.05982614, 1.0598259, 1.00000012],
        "time": "15:12:16",
        "transparency": 0.4826398,
        "windowType": false
    }, {
        "position": [0.04036729, -0.209554821, 1.10416353],
        "rotation": [1.07704628, 0, 0],
        "scale": [1.05982614, 1.0598259, 1.00000012],
        "time": "15:16:59",
        "transparency": 0.4826398,
        "windowType": false
    }],
    "playerId": "1219_150839",
    "presentation": [{
        "position": [0.0101483464, -0.531982243, 0.8564975],
        "rotation": [10.8723221, 0.17525132, 0],
        "scale": [2.10120773, 2.10120773, 1.00000012],
        "time": "15:10:30",
        "transparency": 0.737787,
        "windowType": false
    }, {
        "position": [0.0254971981, -0.4346978, 1.03040457],
        "rotation": [18.7262421, 0.175251454, 0],
        "scale": [2.10120773, 2.10120773, 1.00000012],
        "time": "15:12:16",
        "transparency": 0.766564,
        "windowType": false
    }, {
        "position": [0.0305646658, -0.570539, 0.9919207],
        "rotation": [18.7262459, 0.175251484, 3.521468e-9],
        "scale": [2.10120773, 2.10120773, 1.00000012],
        "time": "15:16:59",
        "transparency": 0.766564,
        "windowType": false
    }],
    "time": [],
    "velocity": []
}