{
    "participant": [{
        "position": [0.202, -0.322, 0.855],
        "rotation": [17.7094555, 10.6503248, 3.27399349],
        "scale": [1.059826, 1.059826, 1],
        "time": "09:11:32",
        "transparency": 1,
        "windowType": false
    }, {
        "position": [0.07708156, -0.440291643, 0.7942561],
        "rotation": [17.7094669, 2.38346529, 0],
        "scale": [0.854766846, 0.854766846, 1],
        "time": "09:21:18",
        "transparency": 1,
        "windowType": false
    }, {
        "position": [0.09414366, -0.416029453, 0.7957852],
        "rotation": [17.7094688, 359.195251, 0],
        "scale": [0.9155731, 0.9155731, 1],
        "time": "09:23:08",
        "transparency": 1,
        "windowType": false
    }, {
        "position": [0.408693075, -0.4617275, 0.887038231],
        "rotation": [17.7094765, 7.68427038, 1.12030712e-7],
        "scale": [1.059826, 1.059826, 1],
        "time": "09:27:32",
        "transparency": 0.89621973,
        "windowType": false
    }, {
        "position": [0.347933829, -0.568261862, 1.0989753],
        "rotation": [17.7094784, 7.78468275, 0],
        "scale": [1.059826, 1.059826, 1],
        "time": "09:30:36",
        "transparency": 0.89621973,
        "windowType": false
    }, {
        "position": [0.347933829, -0.568261862, 1.0989753],
        "rotation": [17.7094784, 7.78468275, 0],
        "scale": [1.059826, 1.059826, 1],
        "time": "09:30:36",
        "transparency": 0.89621973,
        "windowType": false
    }, {
        "position": [0.915235341, -1.12073517, 0.8287512],
        "rotation": [38.93496, 15.1331367, 0],
        "scale": [1.27970517, 1.27970517, 1],
        "time": "09:36:15",
        "transparency": 0.89621973,
        "windowType": false
    }, {
        "position": [0.2397576, -0.7177573, 1.41180182],
        "rotation": [20.3352737, 349.645477, 0],
        "scale": [1.27970517, 1.27970517, 1],
        "time": "09:41:16",
        "transparency": 0.89621973,
        "windowType": false
    }, {
        "position": [-0.776174963, -1.0139482, 0.9914917],
        "rotation": [20.3352928, 339.731262, 0],
        "scale": [0.9392053, 0.9392053, 1],
        "time": "09:49:38",
        "transparency": 0.6141417,
        "windowType": false
    }, {
        "position": [-0.369302034, -1.03723478, 1.31245422],
        "rotation": [20.3352947, 359.8945, 0],
        "scale": [0.9392053, 0.9392053, 1],
        "time": "09:50:35",
        "transparency": 0.6141417,
        "windowType": false
    }, {
        "position": [-0.624522567, -0.844648659, 1.25319862],
        "rotation": [20.3352966, 4.941273, 0],
        "scale": [0.6646472, 0.6646472, 1],
        "time": "09:56:47",
        "transparency": 0.6141417,
        "windowType": false
    }, {
        "position": [-0.04553923, -0.8112075, 1.16223013],
        "rotation": [20.3352947, 4.24733162, -5.69076164e-8],
        "scale": [0.7183342, 0.7183342, 1],
        "time": "10:03:20",
        "transparency": 0.6141417,
        "windowType": false
    }, {
        "position": [-0.04553923, -0.8112075, 1.16223013],
        "rotation": [20.3352947, 4.24733162, -5.69076164e-8],
        "scale": [0.7183342, 0.7183342, 1],
        "time": "10:03:55",
        "transparency": 0.6141417,
        "windowType": false
    }, {
        "position": [-0.04553923, -0.8112075, 1.16223013],
        "rotation": [20.3352947, 5.07013845, 5.69076164e-8],
        "scale": [0.7183342, 0.7183342, 1],
        "time": "10:04:23",
        "transparency": 0.6141417,
        "windowType": false
    }],
    "playerId": "0723_090641",
    "presentation": [{
        "position": [-0.3212002, -0.263015747, 0.757485032],
        "rotation": [7.74632072, 342.060852, -1.07704551e-7],
        "scale": [1.56434643, 1.56434643, 1],
        "time": "09:11:32",
        "transparency": 0.915667355,
        "windowType": false
    }, {
        "position": [-0.330319822, -0.36779815, 0.6791688],
        "rotation": [14.3298836, 338.513855, 0],
        "scale": [1.51663065, 1.51663065, 1],
        "time": "09:21:18",
        "transparency": 0.805004,
        "windowType": false
    }, {
        "position": [-0.330319822, -0.36779815, 0.6791688],
        "rotation": [14.3298836, 338.513855, 0],
        "scale": [1.51663065, 1.51663065, 1],
        "time": "09:23:08",
        "transparency": 0.7548064,
        "windowType": false
    }, {
        "position": [-0.07421988, -0.406718254, 0.9165423],
        "rotation": [14.3298826, 2.049942, 0],
        "scale": [1.66921854, 1.66921854, 1],
        "time": "09:27:32",
        "transparency": 0.756570458,
        "windowType": false
    }, {
        "position": [-0.131528765, -0.511809051, 1.11519051],
        "rotation": [14.3298826, 359.85376, 0],
        "scale": [1.66921854, 1.66921854, 1],
        "time": "09:30:36",
        "transparency": 0.756570458,
        "windowType": false
    }, {
        "position": [-0.131528765, -0.511809051, 1.11519051],
        "rotation": [14.3298826, 359.85376, 0],
        "scale": [1.66921854, 1.66921854, 1],
        "time": "09:30:36",
        "transparency": 0.756570458,
        "windowType": false
    }, {
        "position": [0.2536132, -1.01327753, 1.09780908],
        "rotation": [36.1301727, 12.2154522, -5.285349e-7],
        "scale": [2.84048319, 2.84048319, 1],
        "time": "09:36:15",
        "transparency": 0.756570458,
        "windowType": false
    }, {
        "position": [-0.438560784, -0.5804382, 1.28196526],
        "rotation": [17.69685, 346.5417, -2.2404565e-7],
        "scale": [2.63014078, 2.63014078, 1],
        "time": "09:41:16",
        "transparency": 0.756570458,
        "windowType": false
    }, {
        "position": [-0.443523645, -0.584199667, 1.24747],
        "rotation": [17.6968575, 338.020966, 0],
        "scale": [2.6160264, 2.6160264, 1],
        "time": "09:49:38",
        "transparency": 0.756570458,
        "windowType": false
    }, {
        "position": [0.0324476063, -0.611418, 1.42107761],
        "rotation": [17.69686, 2.6705, 2.800571e-8],
        "scale": [2.6160264, 2.6160264, 1],
        "time": "09:50:35",
        "transparency": 0.756570458,
        "windowType": false
    }, {
        "position": [-0.2822645, -0.531987548, 1.40659392],
        "rotation": [17.69686, 2.228031, -2.80057062e-8],
        "scale": [2.291646, 2.291646, 1],
        "time": "09:56:47",
        "transparency": 0.756570458,
        "windowType": false
    }, {
        "position": [-0.03121978, -0.4531058, 1.27071238],
        "rotation": [17.6968651, 2.90898085, 0],
        "scale": [2.291646, 2.291646, 1],
        "time": "10:03:20",
        "transparency": 0.756570458,
        "windowType": false
    }, {
        "position": [-0.0427370667, -0.4699897, 1.27671289],
        "rotation": [17.6968727, 354.5777, -5.601142e-8],
        "scale": [2.291646, 2.291646, 1],
        "time": "10:03:55",
        "transparency": 0.756570458,
        "windowType": false
    }, {
        "position": [-0.06515312, -0.4566735, 1.2953223],
        "rotation": [17.6968727, 354.5777, -5.601142e-8],
        "scale": [2.291646, 2.291646, 1],
        "time": "10:04:23",
        "transparency": 0.756570458,
        "windowType": false
    }],
    "time": [4.92, 5.92, 6.92, 7.9199996, 8.92, 9.92, 10.92, 11.92, 12.92, 13.92, 14.92, 15.92, 16.92, 17.92, 18.92, 19.92, 20.92, 21.92, 22.92, 23.92, 24.92, 25.92, 26.92, 27.92, 28.92, 29.92, 30.92, 31.92, 32.92, 33.92, 34.92, 35.92, 36.92, 37.92, 38.92, 39.92, 40.92, 41.92, 42.92, 43.92, 44.92, 45.92, 46.92, 47.92, 48.92, 49.92, 50.92, 51.92, 52.92, 53.92, 54.92, 55.92, 56.92, 57.92, 58.92, 59.92, 60.92, 61.92, 62.92, 63.92, 64.92, 65.92, 66.92, 67.92, 68.92, 69.92, 70.92, 71.92, 72.92, 73.92, 74.92, 75.92, 76.92, 77.92, 78.92, 79.92, 80.92, 81.92, 82.92, 83.92, 84.92, 85.92, 86.92, 87.92, 88.92, 89.92, 90.92, 91.92, 92.92, 93.92, 94.92, 95.92, 96.92, 97.92, 98.92, 99.92, 100.92, 101.92, 102.92, 103.92, 104.92, 105.92, 106.92, 107.92, 108.92, 109.92, 110.92, 111.92, 112.92, 113.92, 114.92, 115.92, 116.92, 117.92, 118.92, 119.92, 120.92, 121.92, 122.92, 123.92, 124.92, 125.92, 126.92, 127.92, 128.92, 129.92, 130.92, 131.92, 132.92, 133.92, 134.92, 135.92, 136.92, 137.92, 138.92, 139.92, 140.92, 141.92, 142.92, 143.92, 144.92, 145.92, 146.92, 147.92, 148.92, 149.92, 150.92, 151.92, 152.92, 153.92, 154.92, 155.92, 156.92, 157.92, 158.92, 159.92, 160.92, 161.92, 162.92, 163.92, 164.92, 165.92, 166.92, 167.92, 168.92, 169.92, 170.92, 171.92, 172.92, 173.92, 174.92, 175.92, 176.92, 177.92, 178.92, 179.92, 180.92, 181.92, 182.92, 183.92, 184.92, 185.92, 186.92, 187.92, 188.92, 189.92, 190.92, 191.92, 192.92, 193.92, 194.92, 195.92, 196.92, 197.92, 198.92, 199.92, 200.92, 201.92, 202.92, 203.92, 204.92, 205.92, 206.92, 207.92, 208.92, 209.92, 210.92, 211.92, 212.92, 213.92, 214.92, 215.92, 216.92, 217.92, 218.92, 219.92, 220.92, 221.92, 222.92, 223.92, 224.92, 225.92, 226.92, 227.92, 228.92, 229.92, 230.92, 231.92, 232.92, 233.92, 234.92, 235.92, 236.92, 237.92, 238.92, 239.92, 240.92, 241.92, 242.92, 243.92, 244.92, 245.92, 246.92, 247.92, 248.92, 249.92, 250.92, 251.92, 252.92, 253.92, 254.92, 255.92, 256.919983, 257.919983, 258.919983, 259.919983, 260.919983, 261.919983, 262.919983, 263.919983, 264.919983, 265.919983, 266.919983, 267.919983, 268.919983, 269.919983, 270.919983, 271.919983, 272.919983, 273.919983, 274.919983, 275.919983, 276.919983, 277.919983, 278.919983, 279.919983, 280.919983, 281.919983, 282.919983, 283.919983, 284.919983, 285.919983, 286.919983, 287.919983, 288.919983, 289.919983, 290.919983, 291.919983, 292.919983, 293.919983, 294.919983, 295.919983, 296.919983, 297.919983, 298.919983, 299.919983, 300.919983, 301.919983, 302.919983, 303.919983, 304.919983, 305.919983, 306.919983, 307.919983, 308.919983, 309.919983, 310.919983, 311.919983, 312.919983, 313.919983, 314.919983, 315.919983, 316.919983, 317.919983, 318.919983, 319.919983, 320.919983, 321.919983, 322.919983, 323.919983, 324.919983, 325.919983, 326.919983, 327.919983, 328.919983, 329.919983, 330.919983, 331.919983, 332.919983, 333.919983, 334.919983, 335.919983, 336.919983, 337.919983, 338.919983, 339.919983, 340.919983, 341.919983, 342.919983, 343.919983, 344.919983, 345.919983, 346.919983, 347.919983, 348.919983, 349.919983, 350.919983, 351.919983, 352.919983, 353.919983, 354.919983, 355.919983, 356.919983, 357.919983, 358.919983, 359.919983, 360.919983, 361.919983, 362.919983, 363.919983, 364.919983, 365.919983, 366.919983, 367.919983, 368.919983, 369.919983, 370.919983, 371.919983, 372.919983, 373.919983, 374.919983, 375.919983, 376.919983, 377.919983, 378.919983, 379.919983, 380.919983, 381.919983, 382.919983, 383.919983, 384.919983, 385.919983, 386.919983, 387.919983, 388.919983, 389.919983, 390.919983, 391.919983, 392.919983, 393.919983, 394.919983, 395.919983, 396.919983, 397.919983, 398.919983, 399.919983, 400.919983, 401.919983, 402.919983, 403.919983, 404.919983, 405.919983, 406.919983, 407.919983, 408.919983, 409.919983, 410.919983, 411.919983, 412.919983, 413.919983, 414.919983, 415.919983, 416.919983, 417.919983, 418.919983, 419.919983, 420.919983, 421.919983, 422.919983, 423.919983, 424.919983, 425.919983, 426.919983, 427.919983, 428.919983, 429.919983, 430.919983, 431.919983, 432.919983, 433.919983, 434.919983, 435.919983, 436.919983, 437.919983, 438.919983, 439.919983, 440.919983, 441.919983, 442.919983, 443.919983, 444.919983, 445.919983, 446.919983, 447.919983, 448.919983, 449.919983, 450.919983, 451.919983, 452.919983, 453.919983, 454.919983, 455.919983, 456.919983, 457.919983, 458.919983, 459.919983, 460.919983, 461.919983, 462.919983, 463.919983, 464.919983, 465.919983, 466.919983, 467.919983, 468.919983, 469.919983, 470.919983, 471.919983, 472.919983, 473.919983, 474.919983, 475.919983, 476.919983, 477.919983, 478.919983, 479.919983, 480.919983, 481.919983, 482.919983, 483.919983, 484.919983, 485.919983, 486.919983, 487.919983, 488.919983, 489.919983, 490.919983, 491.919983, 492.919983, 493.919983, 494.919983, 495.919983, 496.919983, 497.919983, 498.919983, 499.919983, 500.919983, 501.919983, 502.919983, 503.919983, 504.919983, 505.919983, 506.919983, 507.919983, 508.919983, 509.919983, 510.919983, 511.919983, 512.92, 513.92, 514.92, 515.92, 516.92, 517.92, 518.92, 519.92, 520.92, 521.92, 522.92, 523.92, 524.92, 525.92, 526.92, 527.92, 528.92, 529.92, 530.92, 531.92, 532.92, 533.92, 534.92, 535.92, 536.92, 537.92, 538.92, 539.92, 540.92, 541.92, 542.92, 543.92, 544.92, 545.92, 546.92, 547.92, 548.92, 549.92, 550.92, 551.92, 552.92, 553.92, 554.92, 555.92, 556.92, 557.92, 558.92, 559.92, 560.92, 561.92, 562.92, 563.92, 564.92, 565.92, 566.92, 567.92, 568.92, 569.92, 570.92, 571.92, 572.92, 573.92, 574.92, 575.92, 576.92, 577.92, 578.92, 579.92, 580.92, 581.92, 582.92, 583.92, 584.92, 585.92, 586.92, 587.92, 588.92, 589.92, 590.92, 591.92, 592.92, 593.92, 594.92, 595.92, 596.92, 597.92, 598.92, 599.92, 600.92, 601.92, 602.92, 603.92, 604.92, 605.92, 606.92, 607.92, 608.92, 609.92, 610.92, 611.92, 612.92, 613.92, 614.92, 615.92, 616.92, 617.92, 618.92, 619.92, 620.92, 621.92, 622.92, 623.92, 624.92, 625.92, 626.92, 627.92, 628.92, 629.92, 630.92, 631.92, 632.92, 633.92, 634.92, 635.92, 636.92, 637.92, 638.92, 639.92, 640.92, 641.92, 642.92, 643.92, 644.92, 645.92, 646.92, 647.92, 648.92, 649.92, 650.92, 651.92, 652.92, 653.92, 654.92, 655.92, 656.92, 657.92, 658.92, 659.92, 660.92, 661.92, 662.92, 663.92, 664.92, 665.92, 666.92, 667.92, 668.92, 669.92, 670.92, 671.92, 672.92, 673.92, 674.92, 675.92, 676.92, 677.92, 678.92, 679.92, 680.92, 681.92, 682.92, 683.92, 684.92, 685.92, 686.92, 687.92, 688.92, 689.92, 690.92, 691.92, 692.92, 693.92, 694.92, 695.92, 696.92, 697.92, 698.92, 699.92, 700.92, 701.92, 702.92, 703.92, 704.92, 705.92, 706.92, 707.92, 708.92, 709.92, 710.92, 711.92, 712.92, 713.92, 714.92, 715.92, 716.92, 717.92, 718.92, 719.92, 720.92, 721.92, 722.92, 723.92, 724.92, 725.92, 726.92, 727.92, 728.92, 729.92, 730.92, 731.92, 732.92, 733.92, 734.92, 735.92, 736.92, 737.92, 738.92, 739.92, 740.92, 741.92, 742.92, 743.92, 744.92, 745.92, 746.92, 747.92, 748.92, 749.92, 750.92, 751.92, 752.92, 753.92, 754.92, 755.92, 756.92, 757.92, 758.92, 759.92, 760.92, 761.92, 762.92, 763.92, 764.92, 765.92, 766.92, 767.92, 768.92, 769.92, 770.92, 771.92, 772.92, 773.92, 774.92, 775.92, 776.92, 777.92, 778.92, 779.92, 780.92, 781.92, 782.92, 783.92, 784.92, 785.92, 786.92, 787.92, 788.92, 789.92, 790.92, 791.92, 792.92, 793.92, 794.92, 795.92, 796.92, 797.92, 798.92, 799.92, 800.92, 801.92, 802.92, 803.92, 804.92, 805.92, 806.92, 807.92, 808.92, 809.92, 810.92, 811.92, 812.92, 813.92, 814.92, 815.92, 816.92, 817.92, 818.92, 819.92, 820.92, 821.92, 822.92, 823.92, 824.92, 825.92, 826.92, 827.92, 828.92, 829.92, 830.92, 831.92, 832.92, 833.92, 834.92, 835.92, 836.92, 837.92, 838.92, 839.92, 840.92, 841.92, 842.92, 843.92, 844.92, 845.92, 846.92, 847.92, 848.92, 849.92, 850.92, 851.92, 852.92, 853.92, 854.92, 855.92, 856.92, 857.92, 858.92, 859.92, 860.92, 861.92, 862.92, 863.92, 864.92, 865.92, 866.92, 867.92, 868.92, 869.92, 870.92, 871.92, 872.92, 873.92, 874.92, 875.92, 876.92, 877.92, 878.92, 879.92, 880.92, 881.92, 882.92, 883.92, 884.92, 885.92, 886.92, 887.92, 888.92, 889.92, 890.92, 891.92, 892.92, 893.92, 894.92, 895.92, 896.92, 897.92, 898.92, 899.92, 900.92, 901.92, 902.92, 903.92, 904.92, 905.92, 906.92, 907.92, 908.92, 909.92, 910.92, 911.92, 912.92, 913.92, 914.92, 915.92, 916.92, 917.92, 918.92, 919.92, 920.92, 921.92, 922.92, 923.92, 924.92, 925.92, 926.92, 927.92, 928.92, 929.92, 930.92, 931.92, 932.92, 933.92, 934.92, 935.92, 936.92, 937.92, 938.92, 939.92, 940.92, 941.92, 942.92, 943.92, 944.92, 945.92, 946.92, 947.92, 948.92, 949.92, 950.92, 951.92, 952.92, 953.92, 954.92, 955.92, 956.92, 957.92, 958.92, 959.92, 960.92, 961.92, 962.92, 963.92, 964.92, 965.92, 966.92, 967.92, 968.92, 969.92, 970.92, 971.92, 972.92, 973.92, 974.92, 975.92, 976.92, 977.92, 978.92, 979.92, 980.92, 981.92, 982.92, 983.92, 984.92, 985.92, 986.92, 987.92, 988.92, 989.92, 990.92, 991.92, 992.92, 993.92, 994.92, 995.92, 996.92, 997.92, 998.92, 999.92, 1000.92, 1001.92, 1002.92, 1003.92, 1004.92, 1005.92, 1006.92, 1007.92, 1008.92, 1009.92, 1010.92, 1011.92, 1012.92, 1013.92, 1014.92, 1015.92, 1016.92, 1017.92, 1018.92, 1019.92, 1020.92, 1021.92, 1022.92, 1023.92, 1024.91992, 1025.91992, 1026.91992, 1027.91992, 1028.91992, 1029.91992, 1030.91992, 1031.91992, 1032.91992, 1033.91992, 1034.91992, 1035.91992, 1036.91992, 1037.91992, 1038.91992, 1039.91992, 1040.91992, 1041.91992, 1042.91992, 1043.91992, 1044.91992, 1045.91992, 1046.91992, 1047.91992, 1048.91992, 1049.91992, 1050.91992, 1051.91992, 1052.91992, 1053.91992, 1054.91992, 1055.91992, 1056.91992, 1057.91992, 1058.91992, 1059.91992, 1060.91992, 1061.91992, 1062.91992, 1063.91992, 1064.91992, 1065.91992, 1066.91992, 1067.91992, 1068.91992, 1069.91992, 1070.91992, 1071.91992, 1072.91992, 1073.91992, 1074.91992, 1075.91992, 1076.91992, 1077.91992, 1078.91992, 1079.91992, 1080.91992, 1081.91992, 1082.91992, 1083.91992, 1084.91992, 1085.91992, 1086.91992, 1087.91992, 1088.91992, 1089.91992, 1090.91992, 1091.91992, 1092.91992, 1093.91992, 1094.91992, 1095.91992, 1096.91992, 1097.91992, 1098.91992, 1099.91992, 1100.91992, 1101.91992, 1102.91992, 1103.91992, 1104.91992, 1105.91992, 1106.91992, 1107.91992, 1108.91992, 1109.91992, 1110.91992, 1111.91992, 1112.91992, 1113.91992, 1114.91992, 1115.91992, 1116.91992, 1117.91992, 1118.91992, 1119.91992, 1120.91992, 1121.91992, 1122.91992, 1123.91992, 1124.91992, 1125.91992, 1126.91992, 1127.91992, 1128.91992, 1129.91992, 1130.91992, 1131.91992, 1132.91992, 1133.91992, 1134.91992, 1135.91992, 1136.91992, 1137.91992, 1138.91992, 1139.91992, 1140.91992, 1141.91992, 1142.91992, 1143.91992, 1144.91992, 1145.91992, 1146.91992, 1147.91992, 1148.91992, 1149.91992, 1150.91992, 1151.91992, 1152.91992, 1153.91992, 1154.91992, 1155.91992, 1156.91992, 1157.91992, 1158.91992, 1159.91992, 1160.91992, 1161.91992, 1162.91992, 1163.91992, 1164.91992, 1165.91992, 1166.91992, 1167.91992, 1168.91992, 1169.91992, 1170.91992, 1171.91992, 1172.91992, 1173.91992, 1174.91992, 1175.91992, 1176.91992, 1177.91992, 1178.91992, 1179.91992, 1180.91992, 1181.91992, 1182.91992, 1183.91992, 1184.91992, 1185.91992, 1186.91992, 1187.91992, 1188.91992, 1189.91992, 1190.91992, 1191.91992, 1192.91992, 1193.91992, 1194.91992, 1195.91992, 1196.91992, 1197.91992, 1198.91992, 1199.91992, 1200.91992, 1201.91992, 1202.91992, 1203.91992, 1204.91992, 1205.91992, 1206.91992, 1207.91992, 1208.91992, 1209.91992, 1210.91992, 1211.91992, 1212.91992, 1213.91992, 1214.91992, 1215.91992, 1216.91992, 1217.91992, 1218.91992, 1219.91992, 1220.91992, 1221.91992, 1222.91992, 1223.91992, 1224.91992, 1225.91992, 1226.91992, 1227.91992, 1228.91992, 1229.91992, 1230.91992, 1231.91992, 1232.91992, 1233.91992, 1234.91992, 1235.91992, 1236.91992, 1237.91992, 1238.91992, 1239.91992, 1240.91992, 1241.91992, 1242.91992, 1243.91992, 1244.91992, 1245.91992, 1246.91992, 1247.91992, 1248.91992, 1249.91992, 1250.91992, 1251.91992, 1252.91992, 1253.91992, 1254.91992, 1255.91992, 1256.91992, 1257.91992, 1258.91992, 1259.91992, 1260.91992, 1261.91992, 1262.91992, 1263.91992, 1264.91992, 1265.91992, 1266.91992, 1267.91992, 1268.91992, 1269.91992, 1270.91992, 1271.91992, 1272.91992, 1273.91992, 1274.91992, 1275.91992, 1276.91992, 1277.91992, 1278.91992, 1279.91992, 1280.91992, 1281.91992, 1282.91992, 1283.91992, 1284.91992, 1285.91992, 1286.91992, 1287.91992, 1288.91992, 1289.91992, 1290.91992, 1291.91992, 1292.91992, 1293.91992, 1294.91992, 1295.91992, 1296.91992, 1297.91992, 1298.91992, 1299.91992, 1300.91992, 1301.91992, 1302.91992, 1303.91992, 1304.91992, 1305.91992, 1306.91992, 1307.91992, 1308.91992, 1309.91992, 1310.91992, 1311.91992, 1312.91992, 1313.91992, 1314.91992, 1315.91992, 1316.91992, 1317.91992, 1318.91992, 1319.91992, 1320.91992, 1321.91992, 1322.91992, 1323.91992, 1324.91992, 1325.91992, 1326.91992, 1327.91992, 1328.91992, 1329.91992, 1330.91992, 1331.91992, 1332.91992, 1333.91992, 1334.91992, 1335.91992, 1336.91992, 1337.91992, 1338.91992, 1339.91992, 1340.91992, 1341.91992, 1342.91992, 1343.91992, 1344.91992, 1345.91992, 1346.91992, 1347.91992, 1348.91992, 1349.91992, 1350.91992, 1351.91992, 1352.91992, 1353.91992, 1354.91992, 1355.91992, 1356.91992, 1357.91992, 1358.91992, 1359.91992, 1360.91992, 1361.91992, 1362.91992, 1363.91992, 1364.91992, 1365.91992, 1366.91992, 1367.91992, 1368.91992, 1369.91992, 1370.91992, 1371.91992, 1372.91992, 1373.91992, 1374.91992, 1375.91992, 1376.91992, 1377.91992, 1378.91992, 1379.91992, 1380.91992, 1381.91992, 1382.91992, 1383.91992, 1384.91992, 1385.91992, 1386.91992, 1387.91992, 1388.91992, 1389.91992, 1390.91992, 1391.91992, 1392.91992, 1393.91992, 1394.91992, 1395.91992, 1396.91992, 1397.91992, 1398.91992, 1399.91992, 1400.91992, 1401.91992, 1402.91992, 1403.91992, 1404.91992, 1405.91992, 1406.91992, 1407.91992, 1408.91992, 1409.91992, 1410.91992, 1411.91992, 1412.91992, 1413.91992, 1414.91992, 1415.91992, 1416.91992, 1417.91992, 1418.91992, 1419.91992, 1420.91992, 1421.91992, 1422.91992, 1423.91992, 1424.91992, 1425.91992, 1426.91992, 1427.91992, 1428.91992, 1429.91992, 1430.91992, 1431.91992, 1432.91992, 1433.91992, 1434.91992, 1435.91992, 1436.91992, 1437.91992, 1438.91992, 1439.91992, 1440.91992, 1441.91992, 1442.91992, 1443.91992, 1444.91992, 1445.91992, 1446.91992, 1447.91992, 1448.91992, 1449.91992, 1450.91992, 1451.91992, 1452.91992, 1453.91992, 1454.91992, 1455.91992, 1456.91992, 1457.91992, 1458.91992, 1459.91992, 1460.91992, 1461.91992, 1462.91992, 1463.91992, 1464.91992, 1465.91992, 1466.91992, 1467.91992, 1468.91992, 1469.91992, 1470.91992, 1471.91992, 1472.91992, 1473.91992, 1474.91992, 1475.91992, 1476.91992, 1477.91992, 1478.91992, 1479.91992, 1480.91992, 1481.91992, 1482.91992, 1483.91992, 1484.91992, 1485.91992, 1486.91992, 1487.91992, 1488.91992, 1489.91992, 1490.91992, 1491.91992, 1492.91992, 1493.91992, 1494.91992, 1495.91992, 1496.91992, 1497.91992, 1498.91992, 1499.91992, 1500.91992, 1501.91992, 1502.91992, 1503.91992, 1504.91992, 1505.91992, 1506.91992, 1507.91992, 1508.91992, 1509.91992, 1510.91992, 1511.91992, 1512.91992, 1513.91992, 1514.91992, 1515.91992, 1516.91992, 1517.91992, 1518.91992, 1519.91992, 1520.91992, 1521.91992, 1522.91992, 1523.91992, 1524.91992, 1525.91992, 1526.91992, 1527.91992, 1528.91992, 1529.91992, 1530.91992, 1531.91992, 1532.91992, 1533.91992, 1534.91992, 1535.91992, 1536.91992, 1537.91992, 1538.91992, 1539.91992, 1540.91992, 1541.91992, 1542.91992, 1543.91992, 1544.91992, 1545.91992, 1546.91992, 1547.91992, 1548.91992, 1549.91992, 1550.91992, 1551.91992, 1552.91992, 1553.91992, 1554.91992, 1555.91992, 1556.91992, 1557.91992, 1558.91992, 1559.91992, 1560.91992, 1561.91992, 1562.91992, 1563.91992, 1564.91992, 1565.91992, 1566.91992, 1567.91992, 1568.91992, 1569.91992, 1570.91992, 1571.91992, 1572.91992, 1573.91992, 1574.91992, 1575.91992, 1576.91992, 1577.91992, 1578.91992, 1579.91992, 1580.91992, 1581.91992, 1582.91992, 1583.91992, 1584.91992, 1585.91992, 1586.91992, 1587.91992, 1588.91992, 1589.91992, 1590.91992, 1591.91992, 1592.91992, 1593.91992, 1594.91992, 1595.91992, 1596.91992, 1597.91992, 1598.91992, 1599.91992, 1600.91992, 1601.91992, 1602.91992, 1603.91992, 1604.91992, 1605.91992, 1606.91992, 1607.91992, 1608.91992, 1609.91992, 1610.91992, 1611.91992, 1612.91992, 1613.91992, 1614.91992, 1615.91992, 1616.91992, 1617.91992, 1618.91992, 1619.91992, 1620.91992, 1621.91992, 1622.91992, 1623.91992, 1624.91992, 1625.91992, 1626.91992, 1627.91992, 1628.91992, 1629.91992, 1630.91992, 1631.91992, 1632.91992, 1633.91992, 1634.91992, 1635.91992, 1636.91992, 1637.91992, 1638.91992, 1639.91992, 1640.91992, 1641.91992, 1642.91992, 1643.91992, 1644.91992, 1645.91992, 1646.91992, 1647.91992, 1648.91992, 1649.91992, 1650.91992, 1651.91992, 1652.91992, 1653.91992, 1654.91992, 1655.91992, 1656.91992, 1657.91992, 1658.91992, 1659.91992, 1660.91992, 1661.91992, 1662.91992, 1663.91992, 1664.91992, 1665.91992, 1666.91992, 1667.91992, 1668.91992, 1669.91992, 1670.91992, 1671.91992, 1672.91992, 1673.91992, 1674.91992, 1675.91992, 1676.91992, 1677.91992, 1678.91992, 1679.91992, 1680.91992, 1681.91992, 1682.91992, 1683.91992, 1684.91992, 1685.91992, 1686.91992, 1687.91992, 1688.91992, 1689.91992, 1690.91992, 1691.91992, 1692.91992, 1693.91992, 1694.91992, 1695.91992, 1696.91992, 1697.91992, 1698.91992, 1699.91992, 1700.91992, 1701.91992, 1702.91992, 1703.91992, 1704.91992, 1705.91992, 1706.91992, 1707.91992, 1708.91992, 1709.91992, 1710.91992, 1711.91992, 1712.91992, 1713.91992, 1714.91992, 1715.91992, 1716.91992, 1717.91992, 1718.91992, 1719.91992, 1720.91992, 1721.91992, 1722.91992, 1723.91992, 1724.91992, 1725.91992, 1726.91992, 1727.91992, 1728.91992, 1729.91992, 1730.91992, 1731.91992, 1732.91992, 1733.91992, 1734.91992, 1735.91992, 1736.91992, 1737.91992, 1738.91992, 1739.91992, 1740.91992, 1741.91992, 1742.91992, 1743.91992, 1744.91992, 1745.91992, 1746.91992, 1747.91992, 1748.91992, 1749.91992, 1750.91992, 1751.91992, 1752.91992, 1753.91992, 1754.91992, 1755.91992, 1756.91992, 1757.91992, 1758.91992, 1759.91992, 1760.91992, 1761.91992, 1762.91992, 1763.91992, 1764.91992, 1765.91992, 1766.91992, 1767.91992, 1768.91992, 1769.91992, 1770.91992, 1771.91992, 1772.91992, 1773.91992, 1774.91992, 1775.91992, 1776.91992, 1777.91992, 1778.91992, 1779.91992, 1780.91992, 1781.91992, 1782.91992, 1783.91992, 1784.91992, 1785.91992, 1786.91992, 1787.91992, 1788.91992, 1789.91992, 1790.91992, 1791.91992, 1792.91992, 1793.91992, 1794.91992, 1795.91992, 1796.91992, 1797.91992, 1798.91992, 1799.91992, 1800.91992, 1801.91992, 1802.91992, 1803.91992, 1804.91992, 1805.91992, 1806.91992, 1807.91992, 1808.91992, 1809.91992, 1810.91992, 1811.91992, 1812.91992, 1813.91992, 1814.91992, 1815.91992, 1816.91992, 1817.91992, 1818.91992, 1819.91992, 1820.91992, 1821.91992, 1822.91992, 1823.91992, 1824.91992, 1825.91992, 1826.91992, 1827.91992, 1828.91992, 1829.91992, 1830.91992, 1831.91992, 1832.91992, 1833.91992, 1834.91992, 1835.91992, 1836.91992, 1837.91992, 1838.91992, 1839.91992, 1840.91992, 1841.91992, 1842.91992, 1843.91992, 1844.91992, 1845.91992, 1846.91992, 1847.91992, 1848.91992, 1849.91992, 1850.91992, 1851.91992, 1852.91992, 1853.91992, 1854.91992, 1855.91992, 1856.91992, 1857.91992, 1858.91992, 1859.91992, 1860.91992, 1861.91992, 1862.91992, 1863.91992, 1864.91992, 1865.91992, 1866.91992, 1867.91992, 1868.91992, 1869.91992, 1870.91992, 1871.91992, 1872.91992, 1873.91992, 1874.91992, 1875.91992, 1876.91992, 1877.91992, 1878.91992, 1879.91992, 1880.91992, 1881.91992, 1882.91992, 1883.91992, 1884.91992, 1885.91992, 1886.91992, 1887.91992, 1888.91992, 1889.91992, 1890.91992, 1891.91992, 1892.91992, 1893.91992, 1894.91992, 1895.91992, 1896.91992, 1897.91992, 1898.91992, 1899.91992, 1900.91992, 1901.91992, 1902.91992, 1903.91992, 1904.91992, 1905.91992, 1906.91992, 1907.91992, 1908.91992, 1909.91992, 1910.91992, 1911.91992, 1912.91992, 1913.91992, 1914.91992, 1915.91992, 1916.91992, 1917.91992, 1918.91992, 1919.91992, 1920.91992, 1921.91992, 1922.91992, 1923.91992, 1924.91992, 1925.91992, 1926.91992, 1927.91992, 1928.91992, 1929.91992, 1930.91992, 1931.91992, 1932.91992, 1933.91992, 1934.91992, 1935.91992, 1936.91992, 1937.91992, 1938.91992, 1939.91992, 1940.91992, 1941.91992, 1942.91992, 1943.91992, 1944.91992, 1945.91992, 1946.91992, 1947.91992, 1948.91992, 1949.91992, 1950.91992, 1951.91992, 1952.91992, 1953.91992, 1954.91992, 1955.91992, 1956.91992, 1957.91992, 1958.91992, 1959.91992, 1960.91992, 1961.91992, 1962.91992, 1963.91992, 1964.91992, 1965.91992, 1966.91992, 1967.91992, 1968.91992, 1969.91992, 1970.91992, 1971.91992, 1972.91992, 1973.91992, 1974.91992, 1975.91992, 1976.91992, 1977.91992, 1978.91992, 1979.91992, 1980.91992, 1981.91992, 1982.91992, 1983.91992, 1984.91992, 1985.91992, 1986.91992, 1987.91992, 1988.91992, 1989.91992, 1990.91992, 1991.91992, 1992.91992, 1993.91992, 1994.91992, 1995.91992, 1996.91992, 1997.91992, 1998.91992, 1999.91992, 2000.91992, 2001.91992, 2002.91992, 2003.91992, 2004.91992, 2005.91992, 2006.91992, 2007.91992, 2008.91992, 2009.91992, 2010.91992, 2011.91992, 2012.91992, 2013.91992, 2014.91992, 2015.91992, 2016.91992, 2017.91992, 2018.91992, 2019.91992, 2020.91992, 2021.91992, 2022.91992, 2023.91992, 2024.91992, 2025.91992, 2026.91992, 2027.91992, 2028.91992, 2029.91992, 2030.91992, 2031.91992, 2032.91992, 2033.91992, 2034.91992, 2035.91992, 2036.91992, 2037.91992, 2038.91992, 2039.91992, 2040.91992, 2041.91992, 2042.91992, 2043.91992, 2044.91992, 2045.91992, 2046.91992, 2047.91992, 2048.92, 2049.92, 2050.92, 2051.92, 2052.92, 2053.92, 2054.92, 2055.92, 2056.92, 2057.92, 2058.92, 2059.92, 2060.92, 2061.92, 2062.92, 2063.92, 2064.92, 2065.92, 2066.92, 2067.92, 2068.92, 2069.92, 2070.92, 2071.92, 2072.92, 2073.92, 2074.92, 2075.92, 2076.92, 2077.92, 2078.92, 2079.92, 2080.92, 2081.92, 2082.92, 2083.92, 2084.92, 2085.92, 2086.92, 2087.92, 2088.92, 2089.92, 2090.92, 2091.92, 2092.92, 2093.92, 2094.92, 2095.92, 2096.92, 2097.92, 2098.92, 2099.92, 2100.92, 2101.92, 2102.92, 2103.92, 2104.92, 2105.92, 2106.92, 2107.92, 2108.92, 2109.92, 2110.92, 2111.92, 2112.92, 2113.92, 2114.92, 2115.92, 2116.92, 2117.92, 2118.92, 2119.92, 2120.92, 2121.92, 2122.92, 2123.92, 2124.92, 2125.92, 2126.92, 2127.92, 2128.92, 2129.92, 2130.92, 2131.92, 2132.92, 2133.92, 2134.92, 2135.92, 2136.92, 2137.92, 2138.92, 2139.92, 2140.92, 2141.92, 2142.92, 2143.92, 2144.92, 2145.92, 2146.92, 2147.92, 2148.92, 2149.92, 2150.92, 2151.92, 2152.92, 2153.92, 2154.92, 2155.92, 2156.92, 2157.92, 2158.92, 2159.92, 2160.92, 2161.92, 2162.92, 2163.92, 2164.92, 2165.92, 2166.92, 2167.92, 2168.92, 2169.92, 2170.92, 2171.92, 2172.92, 2173.92, 2174.92, 2175.92, 2176.92, 2177.92, 2178.92, 2179.92, 2180.92, 2181.92, 2182.92, 2183.92, 2184.92, 2185.92, 2186.92, 2187.92, 2188.92, 2189.92, 2190.92, 2191.92, 2192.92, 2193.92, 2194.92, 2195.92, 2196.92, 2197.92, 2198.92, 2199.92, 2200.92, 2201.92, 2202.92, 2203.92, 2204.92, 2205.92, 2206.92, 2207.92, 2208.92, 2209.92, 2210.92, 2211.92, 2212.92, 2213.92, 2214.92, 2215.92, 2216.92, 2217.92, 2218.92, 2219.92, 2220.92, 2221.92, 2222.92, 2223.92, 2224.92, 2225.92, 2226.92, 2227.92, 2228.92, 2229.92, 2230.92, 2231.92, 2232.92, 2233.92, 2234.92, 2235.92, 2236.92, 2237.92, 2238.92, 2239.92, 2240.92, 2241.92, 2242.92, 2243.92, 2244.92, 2245.92, 2246.92, 2247.92, 2248.92, 2249.92, 2250.92, 2251.92, 2252.92, 2253.92, 2254.92, 2255.92, 2256.92, 2257.92, 2258.92, 2259.92, 2260.92, 2261.92, 2262.92, 2263.92, 2264.92, 2265.92, 2266.92, 2267.92, 2268.92, 2269.92, 2270.92, 2271.92, 2272.92, 2273.92, 2274.92, 2275.92, 2276.92, 2277.92, 2278.92, 2279.92, 2280.92, 2281.92, 2282.92, 2283.92, 2284.92, 2285.92, 2286.92, 2287.92, 2288.92, 2289.92, 2290.92, 2291.92, 2292.92, 2293.92, 2294.92, 2295.92, 2296.92, 2297.92, 2298.92, 2299.92, 2300.92, 2301.92, 2302.92, 2303.92, 2304.92, 2305.92, 2306.92, 2307.92, 2308.92, 2309.92, 2310.92, 2311.92, 2312.92, 2313.92, 2314.92, 2315.92, 2316.92, 2317.92, 2318.92, 2319.92, 2320.92, 2321.92, 2322.92, 2323.92, 2324.92, 2325.92, 2326.92, 2327.92, 2328.92, 2329.92, 2330.92, 2331.92, 2332.92, 2333.92, 2334.92, 2335.92, 2336.92, 2337.92, 2338.92, 2339.92, 2340.92, 2341.92, 2342.92, 2343.92, 2344.92, 2345.92, 2346.92, 2347.92, 2348.92, 2349.92, 2350.92, 2351.92, 2352.92, 2353.92, 2354.92, 2355.92, 2356.92, 2357.92, 2358.92, 2359.92, 2360.92, 2361.92, 2362.92, 2363.92, 2364.92, 2365.92, 2366.92, 2367.92, 2368.92, 2369.92, 2370.92, 2371.92, 2372.92, 2373.92, 2374.92, 2375.92, 2376.92, 2377.92, 2378.92, 2379.92, 2380.92, 2381.92, 2382.92, 2383.92, 2384.92, 2385.92, 2386.92, 2387.92, 2388.92, 2389.92, 2390.92, 2391.92, 2392.92, 2393.92, 2394.92, 2395.92, 2396.92, 2397.92, 2398.92, 2399.92, 2400.92, 2401.92, 2402.92, 2403.92, 2404.92, 2405.92, 2406.92, 2407.92, 2408.92, 2409.92, 2410.92, 2411.92, 2412.92, 2413.92, 2414.92, 2415.92, 2416.92, 2417.92, 2418.92, 2419.92, 2420.92, 2421.92, 2422.92, 2423.92, 2424.92, 2425.92, 2426.92, 2427.92, 2428.92, 2429.92, 2430.92, 2431.92, 2432.92, 2433.92, 2434.92, 2435.92, 2436.92, 2437.92, 2438.92, 2439.92, 2440.92, 2441.92, 2442.92, 2443.92, 2444.92, 2445.92, 2446.92, 2447.92, 2448.92, 2449.92, 2450.92, 2451.92, 2452.92, 2453.92, 2454.92, 2455.92, 2456.92, 2457.92, 2458.92, 2459.92, 2460.92, 2461.92, 2462.92, 2463.92, 2464.92, 2465.92, 2466.92, 2467.92, 2468.92, 2469.92, 2470.92, 2471.92, 2472.92, 2473.92, 2474.92, 2475.92, 2476.92, 2477.92, 2478.92, 2479.92, 2480.92, 2481.92, 2482.92, 2483.92, 2484.92, 2485.92, 2486.92, 2487.92, 2488.92, 2489.92, 2490.92, 2491.92, 2492.92, 2493.92, 2494.92, 2495.92, 2496.92, 2497.92, 2498.92, 2499.92, 2500.92, 2501.92, 2502.92, 2503.92, 2504.92, 2505.92, 2506.92, 2507.92, 2508.92, 2509.92, 2510.92, 2511.92, 2512.92, 2513.92, 2514.92, 2515.92, 2516.92, 2517.92, 2518.92, 2519.92, 2520.92, 2521.92, 2522.92, 2523.92, 2524.92, 2525.92, 2526.92, 2527.92, 2528.92, 2529.92, 2530.92, 2531.92, 2532.92, 2533.92, 2534.92, 2535.92, 2536.92, 2537.92, 2538.92, 2539.92, 2540.92, 2541.92, 2542.92, 2543.92, 2544.92, 2545.92, 2546.92, 2547.92, 2548.92, 2549.92, 2550.92, 2551.92, 2552.92, 2553.92, 2554.92, 2555.92, 2556.92, 2557.92, 2558.92, 2559.92, 2560.92, 2561.92, 2562.92, 2563.92, 2564.92, 2565.92, 2566.92, 2567.92, 2568.92, 2569.92, 2570.92, 2571.92, 2572.92, 2573.92, 2574.92, 2575.92, 2576.92, 2577.92, 2578.92, 2579.92, 2580.92, 2581.92, 2582.92, 2583.92, 2584.92, 2585.92, 2586.92, 2587.92, 2588.92, 2589.92, 2590.92, 2591.92, 2592.92, 2593.92, 2594.92, 2595.92, 2596.92, 2597.92, 2598.92, 2599.92, 2600.92, 2601.92, 2602.92, 2603.92, 2604.92, 2605.92, 2606.92, 2607.92, 2608.92, 2609.92, 2610.92, 2611.92, 2612.92, 2613.92, 2614.92, 2615.92, 2616.92, 2617.92, 2618.92, 2619.92, 2620.92, 2621.92, 2622.92, 2623.92, 2624.92, 2625.92, 2626.92, 2627.92, 2628.92, 2629.92, 2630.92, 2631.92, 2632.92, 2633.92, 2634.92, 2635.92, 2636.92, 2637.92, 2638.92, 2639.92, 2640.92, 2641.92, 2642.92, 2643.92, 2644.92, 2645.92, 2646.92, 2647.92, 2648.92, 2649.92, 2650.92, 2651.92, 2652.92, 2653.92, 2654.92, 2655.92, 2656.92, 2657.92, 2658.92, 2659.92, 2660.92, 2661.92, 2662.92, 2663.92, 2664.92, 2665.92, 2666.92, 2667.92, 2668.92, 2669.92, 2670.92, 2671.92, 2672.92, 2673.92, 2674.92, 2675.92, 2676.92, 2677.92, 2678.92, 2679.92, 2680.92, 2681.92, 2682.92, 2683.92, 2684.92, 2685.92, 2686.92, 2687.92, 2688.92, 2689.92, 2690.92, 2691.92, 2692.92, 2693.92, 2694.92, 2695.92, 2696.92, 2697.92, 2698.92, 2699.92, 2700.92, 2701.92, 2702.92, 2703.92, 2704.92, 2705.92, 2706.92, 2707.92, 2708.92, 2709.92, 2710.92, 2711.92, 2712.92, 2713.92, 2714.92, 2715.92, 2716.92, 2717.92, 2718.92, 2719.92, 2720.92, 2721.92, 2722.92, 2723.92, 2724.92, 2725.92, 2726.92, 2727.92, 2728.92, 2729.92, 2730.92, 2731.92, 2732.92, 2733.92, 2734.92, 2735.92, 2736.92, 2737.92, 2738.92, 2739.92, 2740.92, 2741.92, 2742.92, 2743.92, 2744.92, 2745.92, 2746.92, 2747.92, 2748.92, 2749.92, 2750.92, 2751.92, 2752.92, 2753.92, 2754.92, 2755.92, 2756.92, 2757.92, 2758.92, 2759.92, 2760.92, 2761.92, 2762.92, 2763.92, 2764.92, 2765.92, 2766.92, 2767.92, 2768.92, 2769.92, 2770.92, 2771.92, 2772.92, 2773.92, 2774.92, 2775.92, 2776.92, 2777.92, 2778.92, 2779.92, 2780.92, 2781.92, 2782.92, 2783.92, 2784.92, 2785.92, 2786.92, 2787.92, 2788.92, 2789.92, 2790.92, 2791.92, 2792.92, 2793.92, 2794.92, 2795.92, 2796.92, 2797.92, 2798.92, 2799.92, 2800.92, 2801.92, 2802.92, 2803.92, 2804.92, 2805.92, 2806.92, 2807.92, 2808.92, 2809.92, 2810.92, 2811.92, 2812.92, 2813.92, 2814.92, 2815.92, 2816.92, 2817.92, 2818.92, 2819.92, 2820.92, 2821.92, 2822.92, 2823.92, 2824.92, 2825.92, 2826.92, 2827.92, 2828.92, 2829.92, 2830.92, 2831.92, 2832.92, 2833.92, 2834.92, 2835.92, 2836.92, 2837.92, 2838.92, 2839.92, 2840.92, 2841.92, 2842.92, 2843.92, 2844.92, 2845.92, 2846.92, 2847.92, 2848.92, 2849.92, 2850.92, 2851.92, 2852.92, 2853.92, 2854.92, 2855.92, 2856.92, 2857.92, 2858.92, 2859.92, 2860.92, 2861.92, 2862.92, 2863.92, 2864.92, 2865.92, 2866.92, 2867.92, 2868.92, 2869.92, 2870.92, 2871.92, 2872.92, 2873.92, 2874.92, 2875.92, 2876.92, 2877.92, 2878.92, 2879.92, 2880.92, 2881.92, 2882.92, 2883.92, 2884.92, 2885.92, 2886.92, 2887.92, 2888.92, 2889.92, 2890.92, 2891.92, 2892.92, 2893.92, 2894.92, 2895.92, 2896.92, 2897.92, 2898.92, 2899.92, 2900.92, 2901.92, 2902.92, 2903.92, 2904.92, 2905.92, 2906.92, 2907.92, 2908.92, 2909.92, 2910.92, 2911.92, 2912.92, 2913.92, 2914.92, 2915.92, 2916.92, 2917.92, 2918.92, 2919.92, 2920.92, 2921.92, 2922.92, 2923.92, 2924.92, 2925.92, 2926.92, 2927.92, 2928.92, 2929.92, 2930.92, 2931.92, 2932.92, 2933.92, 2934.92, 2935.92, 2936.92, 2937.92, 2938.92, 2939.92, 2940.92, 2941.92, 2942.92, 2943.92, 2944.92, 2945.92, 2946.92, 2947.92, 2948.92, 2949.92, 2950.92, 2951.92, 2952.92, 2953.92, 2954.92, 2955.92, 2956.92, 2957.92, 2958.92, 2959.92, 2960.92, 2961.92, 2962.92, 2963.92, 2964.92, 2965.92, 2966.92, 2967.92, 2968.92, 2969.92, 2970.92, 2971.92, 2972.92, 2973.92, 2974.92, 2975.92, 2976.92, 2977.92, 2978.92, 2979.92, 2980.92, 2981.92, 2982.92, 2983.92, 2984.92, 2985.92, 2986.92, 2987.92, 2988.92, 2989.92, 2990.92, 2991.92, 2992.92, 2993.92, 2994.92, 2995.92, 2996.92, 2997.92, 2998.92, 2999.92, 3000.92, 3001.92, 3002.92, 3003.92, 3004.92, 3005.92, 3006.92, 3007.92, 3008.92, 3009.92, 3010.92, 3011.92, 3012.92, 3013.92, 3014.92, 3015.92, 3016.92, 3017.92, 3018.92, 3019.92, 3020.92, 3021.92, 3022.92, 3023.92, 3024.92, 3025.92, 3026.92, 3027.92, 3028.92, 3029.92, 3030.92, 3031.92, 3032.92, 3033.92, 3034.92, 3035.92, 3036.92, 3037.92, 3038.92, 3039.92, 3040.92, 3041.92, 3042.92, 3043.92, 3044.92, 3045.92, 3046.92, 3047.92, 3048.92, 3049.92, 3050.92, 3051.92, 3052.92, 3053.92, 3054.92, 3055.92, 3056.92, 3057.92, 3058.92, 3059.92, 3060.92, 3061.92, 3062.92, 3063.92, 3064.92, 3065.92, 3066.92, 3067.92, 3068.92, 3069.92, 3070.92, 3071.92, 3072.92, 3073.92, 3074.92, 3075.92, 3076.92, 3077.92, 3078.92, 3079.92, 3080.92, 3081.92, 3082.92, 3083.92, 3084.92, 3085.92, 3086.92, 3087.92, 3088.92, 3089.92, 3090.92, 3091.92, 3092.92, 3093.92, 3094.92, 3095.92, 3096.92, 3097.92, 3098.92, 3099.92, 3100.92, 3101.92, 3102.92, 3103.92, 3104.92, 3105.92, 3106.92, 3107.92, 3108.92, 3109.92, 3110.92, 3111.92, 3112.92, 3113.92, 3114.92, 3115.92, 3116.92, 3117.92, 3118.92, 3119.92, 3120.92, 3121.92, 3122.92, 3123.92, 3124.92, 3125.92, 3126.92, 3127.92, 3128.92, 3129.92, 3130.92, 3131.92, 3132.92, 3133.92, 3134.92, 3135.92, 3136.92, 3137.92, 3138.92, 3139.92, 3140.92, 3141.92, 3142.92, 3143.92, 3144.92, 3145.92, 3146.92, 3147.92, 3148.92, 3149.92, 3150.92, 3151.92, 3152.92, 3153.92, 3154.92, 3155.92, 3156.92, 3157.92, 3158.92, 3159.92, 3160.92, 3161.92, 3162.92, 3163.92, 3164.92, 3165.92, 3166.92, 3167.92, 3168.92, 3169.92, 3170.92, 3171.92, 3172.92, 3173.92, 3174.92, 3175.92, 3176.92, 3177.92, 3178.92, 3179.92, 3180.92, 3181.92, 3182.92, 3183.92, 3184.92, 3185.92, 3186.92, 3187.92, 3188.92, 3189.92, 3190.92, 3191.92, 3192.92, 3193.92, 3194.92, 3195.92, 3196.92, 3197.92, 3198.92, 3199.92, 3200.92, 3201.92, 3202.92, 3203.92, 3204.92, 3205.92, 3206.92, 3207.92, 3208.92, 3209.92, 3210.92, 3211.92, 3212.92, 3213.92, 3214.92, 3215.92, 3216.92, 3217.92, 3218.92, 3219.92, 3220.92, 3221.92, 3222.92, 3223.92, 3224.92, 3225.92, 3226.92, 3227.92, 3228.92, 3229.92, 3230.92, 3231.92, 3232.92, 3233.92, 3234.92, 3235.92, 3236.92, 3237.92, 3238.92, 3239.92, 3240.92, 3241.92, 3242.92, 3243.92, 3244.92, 3245.92, 3246.92, 3247.92, 3248.92, 3249.92, 3250.92, 3251.92, 3252.92, 3253.92, 3254.92, 3255.92, 3256.92, 3257.92, 3258.92, 3259.92, 3260.92, 3261.92, 3262.92, 3263.92, 3264.92, 3265.92, 3266.92, 3267.92, 3268.92, 3269.92, 3270.92, 3271.92, 3272.92, 3273.92, 3274.92, 3275.92, 3276.92, 3277.92, 3278.92, 3279.92, 3280.92, 3281.92, 3282.92, 3283.92, 3284.92, 3285.92, 3286.92, 3287.92, 3288.92, 3289.92, 3290.92, 3291.92, 3292.92, 3293.92, 3294.92, 3295.92, 3296.92, 3297.92, 3298.92, 3299.92, 3300.92, 3301.92, 3302.92, 3303.92, 3304.92, 3305.92, 3306.92, 3307.92, 3308.92, 3309.92, 3310.92, 3311.92, 3312.92, 3313.92, 3314.92, 3315.92, 3316.92, 3317.92, 3318.92, 3319.92, 3320.92, 3321.92, 3322.92, 3323.92, 3324.92, 3325.92, 3326.92, 3327.92, 3328.92, 3329.92, 3330.92, 3331.92, 3332.92, 3333.92, 3334.92, 3335.92, 3336.92, 3337.92, 3338.92, 3339.92, 3340.92, 3341.92, 3342.92, 3343.92, 3344.92, 3345.92, 3346.92, 3347.92, 3348.92, 3349.92, 3350.92, 3351.92, 3352.92, 3353.92, 3354.92, 3355.92, 3356.92, 3357.92, 3358.92, 3359.92, 3360.92, 3361.92, 3362.92, 3363.92, 3364.92, 3365.92, 3366.92, 3367.92, 3368.92, 3369.92, 3370.92, 3371.92, 3372.92, 3373.92, 3374.92, 3375.92, 3376.92, 3377.92, 3378.92, 3379.92, 3380.92, 3381.92, 3382.92, 3383.92, 3384.92, 3385.92, 3386.92, 3387.92, 3388.92, 3389.92, 3390.92, 3391.92, 3392.92, 3393.92, 3394.92, 3395.92, 3396.92, 3397.92, 3398.92, 3399.92, 3400.92, 3401.92, 3402.92, 3403.92, 3404.92, 3405.92, 3406.92, 3407.92, 3408.92, 3409.92, 3410.92, 3411.92, 3412.92, 3413.92, 3414.92, 3415.92, 3416.92, 3417.92, 3418.92, 3419.92, 3420.92, 3421.92, 3422.92, 3423.92, 3424.92, 3425.92, 3426.92, 3427.92, 3428.92, 3429.92, 3430.92, 3431.92, 3432.92, 3433.92, 3434.92, 3435.92, 3436.92, 3437.92, 3438.92, 3439.92, 3440.92, 3441.92, 3442.92, 3443.92, 3444.92, 3445.92, 3446.92, 3447.92, 3448.92, 3449.92, 3450.92, 3451.92, 3452.92, 3453.92, 3454.92, 3455.92, 3456.92, 3457.92, 3458.92, 3459.92, 3460.92, 3461.92, 3462.92, 3463.92, 3464.92],
    "velocity": [0.032958854, 0.0189934522, 0.114027984, 0.1874361, 0.08075623, 0.0419413149, 0.0168591477, 0.0111451661, 0, 0.09161834, 0.01907155, 0.0159744956, 0.080723986, 0.024113493, 0.03993467, 0.006901029, 0.0100662159, 0.01139576, 0.0171356145, 0.04200021, 0.0193955265, 0, 0.1755988, 0.0177715849, 0, 0.0713512152, 0.127156645, 0.0570045635, 0, 0.00844354, 0.0237393063, 0.01050674, 0.0224867426, 0.07957916, 0, 0.038432613, 0.0262645781, 0.0376321375, 0.009374145, 0.0048643956, 0, 0.0131974192, 0.006862284, 0, 0.00362300524, 0.04215373, 0.04229661, 0.057555858, 0.09007781, 0.147403017, 0.532263041, 0.161277324, 0.532246947, 0.09321321, 0, 0, 0.00387306861, 0.0524202324, 0.0190220438, 0, 0.0493672527, 0.050297793, 0.0183758438, 0.008811054, 0.0112454453, 0.00506141828, 0.0440371223, 0, 0, 0.0297160689, 0, 0, 0.005956481, 0.0132078947, 0, 0, 0, 0.05650224, 0.0218225028, 0, 0.00817760453, 0.0318073034, 0.0187451523, 0, 0.003452555, 0, 0.008499061, 0.02133448, 0.014139439, 0, 0.0219103284, 0.0109436661, 0.005604378, 0.019012766, 0.00191175751, 0.0189850312, 0.0284932852, 0.0485232845, 0.0159173589, 0.006289908, 0.0125915064, 0.00317823142, 0, 0, 0.0199677758, 0, 0, 0.07607455, 0.0242864881, 0.127735034, 0.00924043451, 0.0151900565, 0.02865922, 0.008976505, 0.07977814, 0.020513365, 0.0229584966, 0.007529687, 0.07486796, 0.0335057825, 0.022098694, 0.008123174, 0.07662271, 0.0356837623, 0.008900015, 0.07026351, 0.0284223128, 0.02585758, 0.244753227, 0.05743293, 0, 0.05823052, 0, 0.0107517792, 0, 0.0149813555, 0.02990533, 0.0564302579, 0.0196718313, 0.00325918128, 0.0982714146, 0.003972684, 0.00987607, 0.0281182714, 0.02464121, 0, 0.0199803952, 0.103449441, 0.0121678822, 0.03311982, 0.00706063537, 0.332212985, 0.0442547426, 0.03425414, 0.0117595829, 0.009910225, 0.0366007127, 0.0213567279, 0, 0, 0.0103201978, 0, 0, 0.106270373, 0.148805633, 0, 0, 0, 0, 0.0351765677, 0.0291696787, 0, 0.02624587, 0, 0.00525582535, 0.013427346, 0.0433082953, 0, 0.04797476, 0.06795544, 0, 0, 0, 0, 0.0134399459, 0.0264815912, 0.0274520423, 0.0260700267, 0, 0.0230336152, 0.01946181, 0.0192490444, 0.0103010153, 0.00568039436, 0, 0, 0.0268029571, 0.0417475, 0, 0.0235659257, 0.0192775074, 0.08038098, 0.00574045535, 0.0234239232, 0.0370299667, 0.06343853, 0.0134875169, 0, 0, 0.05441648, 0.0403719135, 0.0137872314, 0.0370802246, 0, 0.028571805, 0.008358048, 0, 0.0443903357, 0, 0.0346600451, 0.04468462, 0.0105704162, 0.03349719, 0.0215372927, 0.0253524929, 0.009027043, 0, 0.124260671, 0.06893483, 0, 0.021366667, 0.008086457, 0.03642774, 0.0351435356, 0, 0.0397723764, 0.0286620818, 0.0208884, 0, 0.00253579486, 0.0281373747, 0, 0.03691483, 0, 0.01803697, 0.006623049, 0.00129965472, 0.02116309, 0.0486440547, 0.0184414033, 0.03936607, 0.0103996759, 0.0403256528, 0.0363191068, 0, 0.0217422359, 0.06584132, 0, 0.0348820426, 0, 0, 0.03555309, 0, 0.06940211, 0, 0.116166711, 0.03438814, 0.00681679742, 0.0030050145, 0.0572883077, 0.008145802, 0, 0.04905212, 0.00745552545, 0.006073304, 0, 0.0359239, 0.0768450648, 0, 0.0161266159, 0.152915433, 0.264435768, 0, 0, 0, 0, 0.0706193745, 0.221276551, 0, 0.0132877352, 0.0305228923, 0, 0.0120402444, 0, 0.00843169, 0, 0.007831499, 0.0207972452, 0.007995247, 0.008550545, 0.0129214013, 0, 0, 0.004702799, 0, 0.176917613, 0.03978961, 0, 0, 0.0242399257, 0.03902034, 0.0443510748, 0.0171725955, 0, 0.0186849311, 0.005313644, 0, 0.02876828, 0.0299937129, 0.0484050736, 0.0133091295, 0, 0.0176179465, 0.2210153, 0.0231570769, 0, 0.00756749371, 0, 0, 0.1779174, 0.123918116, 0.03352204, 0.0171208978, 0.011952932, 0.0190765969, 0, 0, 0.0290026888, 0.009368692, 0, 0.00658030855, 0, 0.0074114427, 0.0107103484, 0.0139681231, 0.127867132, 0.0255465657, 0.0282270834, 0.02095421, 0.05632856, 0.00251422659, 0.015242042, 0.004501291, 0.012057038, 0.00599477254, 0.0349015035, 0.07765685, 0.03512165, 0, 0, 0.0303433742, 0.009122133, 0, 0.008779636, 0.0106992908, 0, 0.00730272243, 0.0238986388, 0.0222461931, 0.02484168, 0, 0.00985692, 0.008855668, 0.01735789, 0, 0.0108122, 0.0101404628, 0.009883596, 0.06447612, 0.0293150786, 0.0282050725, 0, 0, 0.04150534, 0.00685765268, 0.04329603, 0.018808635, 0, 0.0669913, 0.0331987627, 0.0717599839, 0.02314902, 0, 0.009527484, 0.0196680669, 0.08231331, 0.0130704725, 0, 0, 0.0151443994, 0.0422884524, 0.009483919, 0.004788668, 0.0322580524, 0.02547034, 0, 0, 0.0158567373, 0.00528844167, 0.00743610831, 0.00620632665, 0.00863969, 0.02990983, 0, 0.001682956, 0.00165845593, 0.00389664248, 0, 0.0248629786, 0.009683297, 0.0886043757, 0.0182686169, 0.0333290063, 0.0262761638, 0.02697669, 0, 0.0498248674, 0.019773161, 0.077454634, 0.008391906, 0.0900961, 0, 0.006947184, 0.00379375485, 0.009460855, 0.0107555361, 0.007896284, 0.004649688, 0.006490041, 0.0304274186, 0.0363285355, 0.0170229413, 0.00335319038, 0.00337582431, 0.004079154, 0, 0.337030321, 0, 0, 0.5850632, 0, 0, 0.8429626, 2.547337, 2.01273274, 1.07077312, 0.47379902, 1.23499572, 0, 0, 1.94690442, 0.6942824, 0.6420877, 0.6490511, 0, 1.98887539, 1.32695127, 0.6320859, 0, 0, 0.662078142, 0.722147048, 1.3317492, 1.32031119, 1.4362781, 2.10347533, 0.745588243, 2.09433174, 0, 0.6837906, 1.32185876, 1.51753283, 0.6003623, 1.34853292, 2.272965, 1.36957157, 0.697625339, 0, 0.674355745, 0, 2.02559328, 0.661989033, 2.101354, 1.32604182, 1.51820409, 0.7547054, 1.52079844, 2.2141192, 0.7859962, 2.02486014, 0.6516833, 0.726190269, 2.00568151, 2.16769242, 0.7554663, 0, 0, 0.6772716, 1.2814517, 1.24262524, 1.76092708, 0, 1.318939, 0, 0, 1.99297369, 1.358323, 0, 0.7230294, 2.24162626, 0.103034385, 0.0272919368, 1.11977875, 1.10254967, 0.663533151, 2.39281774, 0, 0, 0, 0.598053157, 1.7795192, 0.708381355, 0, 1.04958022, 0.5268688, 0.496295571, 0.93886745, 0.210991547, 0.01674644, 0.05294868, 0.0173896179, 0.109880872, 0.1897005, 0.2544964, 0, 0, 0.484576225, 0.5225415, 0.04702085, 0.2395699, 0.437391639, 0, 0, 0.6929889, 2.2633636, 0.7526649, 1.92575288, 2.115291, 0.6786771, 2.37268162, 0, 0.6919982, 0, 0.8248893, 2.69679761, 0.6575297, 0.75414, 2.42506862, 2.11559343, 2.29024267, 0, 0.779553831, 2.684929, 0, 0, 0.6814475, 1.42352748, 1.30171633, 1.48791814, 0, 0.807498038, 0, 0, 0.739760637, 0, 0.7669236, 1.51125574, 0, 0.867491066, 0, 0.716870964, 0.8207356, 0.7930967, 1.68117344, 0.312837124, 0, 0, 0, 0.0163850356, 0.0337315, 0, 0.0323462263, 0.0109370891, 0.009477703, 0.006562805, 0.03383086, 0.008673719, 0.0473510362, 0.135884687, 0, 0, 0, 0.3985066, 0, 2.37685847, 0, 0, 0.7863558, 0.794871449, 1.59515929, 0, 1.79408312, 2.473294, 1.5530498, 0.7764676, 1.56554079, 0, 0, 0.765603244, 0, 0, 1.500598, 0.697632134, 2.11899781, 1.449858, 2.15637159, 0, 0.863714337, 2.795957, 1.46122181, 0.7113833, 0, 1.26732457, 0, 0.8360126, 2.686173, 1.61607492, 0.9660124, 2.59473944, 1.69194162, 1.5061307, 1.50436175, 0.8308477, 0.7804145, 2.40830159, 1.529293, 0.6819027, 0, 0, 0.308354825, 0.5007447, 1.36560106, 1.646634, 0.487406433, 0, 0.12558195, 0, 0.257796884, 0.0584565625, 0.1705667, 0.0208739378, 0, 0.0564419329, 0.0308112446, 0, 0.0180510245, 0, 0, 0.06447879, 0, 0.132957011, 0.290696025, 0.101306364, 0.07158641, 0, 0.1062174, 0, 0.0403740555, 0, 0.124821082, 0.0270265751, 0.0933983, 0.0297074728, 0, 0.0227585882, 0.162601843, 0.06845316, 0.0498173237, 0.009301138, 0.5058221, 0, 0.201564848, 0, 0.0486140251, 0, 0, 0.08293096, 0, 0.120947883, 0.02638975, 0.06885948, 0.041253116, 0.0640102252, 0.0447003879, 0.0352248847, 0.0471621267, 0.0169118121, 0.0526321121, 0, 0.0202624388, 0.05889989, 0.0267138947, 0.0472342446, 0.0228794422, 0.0268150065, 0.0300282743, 0.0379288681, 0.0203474239, 0, 0.0104755666, 0.00367930625, 0, 0.07894555, 0.0138145732, 0.03547541, 0.0468736179, 0.0188991353, 0.0149790831, 0.08335164, 0.0132828513, 0.005887781, 0.0272610877, 0.0195943024, 0.0161468051, 0, 0.01831294, 0.0100127356, 0.006814125, 0.04191142, 0.0213216115, 0.0190791041, 0.04960293, 0.00613625953, 0.02120339, 0.0207834411, 0.03194589, 0.054977037, 0, 0.0117140841, 0.00652798, 0.0149884718, 0, 0, 0, 0.0235548038, 0.00504236948, 0.06268282, 0.0404447876, 0, 0.0432804078, 0, 0.1524447, 0.0287001319, 0, 0.03182628, 0, 0.0347507335, 0.040029183, 0, 0, 0.0213137716, 0.0152380737, 0.0371597931, 0.00491120573, 0, 0.00640046224, 0.0148671959, 0, 0.0122100115, 0.0353455767, 0.082896, 0.07002319, 0, 0.0577292927, 0.0293747317, 0.0108648008, 0.008457409, 0.07072989, 0.0290699545, 0, 0.0180191472, 0, 0, 0, 0.0488624349, 0.0373103134, 0.008253693, 0.0134475706, 0.00611175224, 0, 0.0138409333, 0.006226526, 0.00886231847, 0.0133944778, 0.0180027988, 0.0140576465, 0.0213458557, 0.0102625359, 0.021316465, 0, 0, 0, 0.006349708, 0.002981877, 0.0136163849, 0, 0, 0.0448019244, 0.0247727819, 0, 0.01167481, 0, 0, 0.0205898471, 0, 0.0213591158, 0.0256854426, 0.0100741955, 0.0135242874, 0, 0.03056478, 0.08969912, 0, 0.009566269, 0.0494293422, 0.13422209, 0.0467381328, 0.0153996823, 0.0218967572, 0, 0.02656657, 0.04338296, 0.04233794, 0.0104980078, 0.01805072, 0.0511452146, 0.25992313, 0.124680184, 0.03302651, 0, 0, 0.0342254043, 0.102637574, 0, 0.00541937351, 0, 0, 0.2784327, 0, 0.0566179529, 0.260508239, 0.754595459, 0.0245426614, 0.03025975, 0.04147692, 0.00806079, 0.0312817022, 0.08155074, 0, 0.09988924, 0.0241952017, 0, 0, 0, 0.0164426845, 0.052692987, 0.004997902, 0, 0, 0, 0.0771404952, 0.03817346, 0.00623294758, 0, 0, 0.009267471, 0, 0, 0, 0.0306967981, 0.00844665, 0.0139343422, 0, 0.0342957936, 0.0170534458, 0, 0.0156955179, 0.0753522962, 0.06079231, 0.21118553, 0.0123294452, 0.014121633, 0.014683363, 0.106185861, 0.135078967, 0, 0, 0.0639478, 0.0520524532, 0, 0.0212188, 0.06327033, 0.325665474, 1.55646539, 1.16260624, 0.621891558, 0.6798765, 1.3874687, 0, 0.5850844, 0.5006713, 0, 0, 0, 0, 0.0191784054, 0.0144079216, 0.0505685657, 0.0173633732, 0.024544958, 0.110503763, 0.231694251, 0, 0, 0.0574578829, 0.102677271, 0.04607813, 0, 0.02924583, 0, 0.06392616, 0.0649961159, 0, 0.0307417717, 0.0155726578, 0.0478088968, 0.07398418, 0, 0.030061556, 0, 0.009149475, 0, 0, 0.03365266, 0.04372686, 0, 0, 0, 0, 0, 0.007592313, 0.0154372631, 0.04704511, 0, 0.004241108, 0, 0.01602955, 0.0145995179, 0.02886229, 0.0258243419, 0, 0.016117841, 0.012259909, 0, 0, 0.0176354982, 0.009127315, 0, 0, 0, 0, 0, 0, 0.0403034538, 0, 0.005057678, 0.00579922274, 0.00228099944, 0, 0.0213055015, 0.009294979, 0, 0.372934341, 0.243875369, 0.2231173, 0.344539642, 0.994943857, 0, 1.54588854, 1.69235861, 0, 2.329879, 0, 1.48154449, 1.48563707, 2.54565, 0.8425853, 0.8278956, 2.80344987, 1.8117342, 7.173808, 2.41179633, 0, 0, 0, 3.59540582, 0, 0.823991835, 3.20479274, 0.7809344, 0.85945636, 1.71919286, 0.6828964, 0, 0.8380553, 0, 0, 2.90402079, 1.61181879, 0, 0.967248857, 2.92901254, 1.66704047, 0.874149263, 0.834157, 0.8644716, 1.6913873, 0, 0, 2.61128283, 0.8818095, 0, 1.00801456, 1.36695671, 0, 3.09607124, 0, 0.828364432, 0.7955334, 0.8684098, 0, 2.08259, 0.9451821, 1.81364119, 0.908932567, 0.847000539, 0, 2.53275967, 2.80528665, 1.14851809, 0.936976731, 0.716088057, 0.481045336, 2.77365851, 0, 3.06000042, 1.79580581, 0.7631752, 1.62729549, 0.799826443, 3.16377473, 0, 1.5817914, 1.35808265, 2.18874621, 0, 0, 0, 0, 2.12936473, 0, 0.7051263, 0.719664335, 0, 1.80874848, 2.38740516, 1.07193553, 0.200249627, 0, 0.0496184528, 0.00384442578, 0.0823689848, 0.0752218962, 0, 0.730217338, 0.0355217867, 0, 0, 0.12777862, 0.0740273744, 0.0656643659, 0, 0, 0.2064732, 0.02914351, 0, 0, 0.263082683, 0, 0, 0, 0.3734034, 0.0563215837, 0.639588535, 0.052931346, 0, 0.185618743, 0, 0, 0, 0.0164021589, 0, 0.0157304555, 0, 0, 0.0234389938, 0, 0, 0.00682790438, 0, 0.02838311, 0.008353297, 0.0280361455, 0, 0, 0, 0, 0, 0, 0.0297042076, 0.0250688381, 0.0143286372, 0, 0, 0.07258369, 0.0118769221, 0.0103707649, 0.008004824, 0.00756798871, 0.021677345, 0.0112287859, 0, 0.00737909973, 0, 0.0486479439, 0.0523284376, 0.021116415, 0.0252406262, 0.03440841, 0.00354330125, 0.0117074251, 0, 0.0889960155, 0, 0, 0.007828981, 0.009448522, 0.0487140641, 0.0597957633, 0, 0.0163526461, 0, 0, 0.00471840333, 0, 0, 0.009718461, 0.1146522, 0, 0, 0, 0.3781398, 0.0652753338, 0.08734748, 0.003091597, 0, 0.009032275, 0.0130620366, 0.00277936668, 0.242731512, 0, 0, 0, 0.009175837, 0.07325407, 0, 0.006805779, 0.008970969, 0.0171448961, 0, 0, 0.02912247, 0.0291873571, 0.0138101168, 0.0408920236, 0.0254213866, 0.148163274, 0.0797335654, 0.03658394, 0.24402, 0, 0.0404364541, 0, 0.150580078, 0.00675885472, 0.0067522875, 0.001454081, 0.00376934884, 0.02450471, 0.0137465307, 0.04141509, 0, 0.00240336847, 0, 0.06281644, 0.104892045, 0.0115335928, 0.0337545946, 0, 0.07957906, 0, 0, 0, 0.02362544, 0.0299418755, 0, 0.0476337932, 0, 0.08445737, 0, 0.041952502, 0, 0.562551558, 0.592705846, 0, 0, 0, 0.04768429, 0, 0.0962097943, 0.5102291, 0.285573155, 0.0480993837, 0.00711415941, 0.011124582, 0, 0.105945684, 0.03834472, 0, 0.128496319, 0.0984352, 0, 0.173438758, 2.620371, 0.04666977, 0.360025764, 0.6192744, 0.828630567, 1.02049863, 1.50882483, 2.53033876, 1.17680633, 0, 0, 0, 0, 2.18264151, 2.08153367, 0.7631606, 0.7179516, 2.32902527, 0, 1.50934374, 1.68794727, 2.09315658, 1.46938109, 0.6024736, 0.7647599, 0, 1.51737416, 0, 2.365027, 0, 2.477654, 0.732133, 2.82003617, 0, 0.8288218, 0.7791013, 3.051842, 0.6193405, 0.793968141, 1.50657928, 2.85256028, 0, 0.5283053, 0, 0.8906525, 0, 0, 0.824752569, 0.805672169, 1.92508829, 3.42697167, 0.8991322, 2.77507281, 2.55142665, 1.88018072, 0, 2.44800735, 0, 0.8857848, 1.73533511, 5.386635, 1.67577481, 1.65692985, 0.9053939, 2.634284, 0.8673782, 0, 0, 0.8474644, 0, 2.04282546, 0.913977265, 0, 0.78701055, 2.425965, 1.71557, 0.854452431, 0.8578575, 0.845256269, 0, 0, 2.56190634, 1.69299531, 0.791368663, 0.934637249, 0, 1.66179669, 0, 0.822075844, 0.7560685, 0.8365874, 0, 0.7719395, 1.48987865, 0, 0, 0, 0, 0, 0, 0.178582221, 0, 7.027757, 0.8493105, 0.11227151, 0.0570202768, 0, 0, 0.142031729, 0.3522114, 0.0425747372, 0.0130321933, 21.1215172, 0.11074876, 0.0234737378, 0.002312438, 0.02321849, 2.82412, 0.0574237257, 0.344994128, 0.00580657134, 0.0806254148, 4.40595055, 0.0107716676, 0.133140177, 0.02301984, 0.0111179082, 12.4617434, 0, 0.0124321347, 0.021624323, 0.009998974, 0, 0.05115584, 0.022927545, 0, 0, 0, 0, 0, 0.009722175, 0, 0, 0, 0.009025706, 0.00247565471, 0, 0.16813603, 0.0143062118, 0, 0.008336587, 0.025477618, 0.0591236949, 0.0242401455, 0.06787682, 0, 0.0467691831, 0.0214562565, 0.0147297895, 0.0175691433, 0.00943607651, 0, 0, 0.005407924, 0.0170329418, 0.05752616, 0.0593125559, 0.088143684, 0.03491855, 0.0169449151, 0.0202852711, 0.0598339774, 1.76370144, 1.35131419, 1.41000211, 0, 0.7736491, 0.7081499, 0, 0, 2.371437, 1.33959317, 0.7303688, 0.728613555, 2.181264, 1.30031812, 0, 1.4965018, 1.45527351, 0, 0.8160323, 1.50824738, 1.49644423, 0, 0.8341632, 0.7620404, 0.7755891, 0.6856185, 0, 0.7116703, 2.253585, 0, 1.77328885, 0.7978098, 0, 1.44167328, 0, 0.7640025, 2.24636078, 0.8612609, 1.66805077, 1.55979526, 1.16277671, 0, 0, 0, 1.67085493, 0, 0.8953521, 1.756355, 1.6843226, 0, 0.5263077, 0, 1.744574, 2.439015, 1.64069629, 1.27839434, 0.6374662, 2.38199639, 2.49914932, 0.8586696, 0.8806799, 0.836158633, 2.055312, 1.48251069, 1.44734347, 1.65362048, 0.912432134, 1.74611306, 2.479032, 3.00629616, 0, 0.766427, 0, 0.8501054, 0.918574452, 2.847371, 1.53428161, 0.8655624, 1.12788951, 1.44346857, 2.29730725, 0.582460761, 1.68018329, 0.929185331, 0, 0.2761495, 0.296324641, 0.164286569, 0, 0.205895916, 0.029710846, 0.05079565, 0.556014836, 0.860580444, 0.901834667, 0.248181775, 0.0355495624, 0.02561438, 0.0173141714, 0.010613733, 0.008951646, 0.0275054947, 0, 0, 0.024226753, 0.0157388449, 0.0155800274, 0.0150037464, 0.00370047288, 0.01272501, 0.0105076171, 0, 0.00258648978, 0.00509037264, 0.01144634, 0.09366363, 0.135095611, 0.0786881745, 0, 0, 0.0122831715, 0.2971823, 0.0136727514, 0.0467596352, 0, 0.00784981251, 0.0270636939, 0.101192519, 0.167905673, 0.0331970379, 0.03269006, 0, 0.00315931323, 0.115939252, 0.05026046, 0.0251809228, 0.0229517277, 0.0113673136, 0.009560311, 0, 0.07900851, 0.09935099, 0.0277138762, 0.0603418276, 0.0345521756, 0.0852091759, 0.0398811176, 0.0228649918, 0, 0.0164979436, 0.0272482056, 0, 0.0552168526, 0.01040055, 0.036740914, 0.06628508, 0.0379489437, 0, 0, 0.0195446, 0.00342417043, 0, 0.0131669864, 0.06376233, 0, 0.0602950752, 0.009751668, 0.004873698, 0, 0, 0.0223882478, 0.005703331, 0.009607457, 0.00589595269, 0.0321151838, 0.008930364, 0.0255804248, 1.00203347, 0, 0.6503611, 0.0223473012, 0.0565284938, 0.0701857, 0.04501475, 0.035136234, 0.498206228, 0.0422515459, 0, 0.457086623, 0, 0, 0.017056955, 0.0140058128, 0, 0.006295276, 0.00626916764, 0.0479069352, 0, 0.0128089571, 0.05791263, 0.0370674431, 0.437132925, 0.0221062228, 0.0395632945, 0, 0.0401484333, 0.0108300671, 0.0210674163, 0.008071878, 0.0427308753, 0.010776354, 0.0120453332, 0, 0, 0.0170785449, 0, 0.145290822, 0.08051539, 0.005281153, 0.08640571, 0, 0, 0.0377823934, 0.05039209, 0.0206698123, 0, 0.130335823, 0.0353135243, 0.0105671445, 0.05415599, 0, 0.106139742, 0.004748213, 0, 0.09350816, 0, 0.0193800852, 0.714535356, 0.204335481, 0.04175176, 0, 0.08655031, 1.16468334, 0, 0.163586676, 0.0788641647, 0.0220436286, 0, 0.03126252, 0.07283521, 0.02749436, 0, 0.013413352, 0.07178388, 0, 0, 0.04936646, 0.0249709859, 0.114078462, 0.0196205452, 0.0187603943, 0.101764433, 0, 0.029412955, 0.00588301849, 0, 0.04821328, 0, 0, 0.0329181, 0, 0.0103617776, 1.5678103, 0.03615649, 0, 0, 0.175706729, 7.889236, 0.144018278, 0.1850787, 0, 0.0539473444, 0, 0.101629563, 0.08204119, 0.0212912243, 0.199652344, 0, 0.04823164, 0.09634402, 0, 0.009972983, 0.0163134243, 0, 0.2056604, 0.269653648, 0.181999817, 0.9686973, 0.06600099, 0, 0.112937711, 0, 0.0414981246, 0.0218713079, 0, 0.03314458, 0.06076181, 0, 0.07068459, 0, 0.0554716066, 0, 0, 0.0133779692, 0.02538092, 0.0385580957, 0.0164557118, 0, 0.0607936233, 0, 0, 0.01940881, 0, 0, 0.0276328567, 0.0262678582, 0.148682848, 0, 0.003758294, 0.112387985, 0, 0.128627241, 3.61778569, 0.046036534, 0, 0.727877855, 0, 0.13387607, 0.5643887, 0.0533919558, 0.01592375, 0, 0, 0.0834259, 0.3655293, 0.03355869, 0.128672764, 0.402650118, 0.0684803054, 0.0715540648, 1.15059817, 0, 0.388149172, 0, 0.67080456, 0, 0.7233978, 0.3525818, 1.6740576, 1.54374242, 0, 0.806946039, 1.01834071, 0.8621078, 0, 2.22823548, 2.299661, 1.20422232, 0.730740845, 1.40319324, 1.62955558, 3.42528653, 0.830240369, 0, 3.33848715, 1.09812593, 1.52138531, 0, 2.10773444, 0, 1.64062846, 2.30204582, 0.71244067, 0.4926345, 0.632181942, 0, 0, 0.8452346, 3.35870719, 0, 1.742756, 0.7176695, 1.6235311, 0.818827033, 0, 2.43207216, 1.49144018, 0, 1.691188, 1.6178664, 0.802746058, 0, 0.784255862, 2.18879151, 0, 0, 0.855154634, 2.42155075, 1.6405009, 0, 0.8138747, 2.58170271, 2.39160347, 0.82693243, 2.468357, 1.563036, 0.804344654, 1.55902088, 0, 0.785508037, 2.55928278, 1.5963335, 0, 0.8303323, 0, 0.86633873, 0.871691763, 0.7645349, 0.836733937, 1.70530677, 0.8564508, 0, 1.681579, 1.60355651, 1.44417238, 0.178142518, 0.297899723, 0.654293656, 0.120791681, 0.779922962, 0, 0.7332782, 0.235434413, 0.344809443, 0.750531733, 0.150462344, 0, 0.126702443, 0, 0.3277932, 0.0903457254, 0, 0, 0, 0.0174229387, 0, 0.10899508, 0.089557454, 0.09554725, 0.0485837236, 0.0318907462, 0, 0, 0.0178941377, 0, 0, 0, 0, 0.1668962, 0, 0.164961383, 0.00548415864, 0.05611736, 0.0115296934, 0.02814736, 0.00765616959, 0, 0.0448148139, 0.07320873, 0.05162139, 0, 0.06470511, 0.139169633, 0.0435815267, 0.009182476, 0.108202212, 0.008301113, 0.07840777, 0, 0.0274627618, 0, 0.05092066, 0.0443904623, 0, 0, 0, 0.0345152579, 0, 0, 0, 0.0228786822, 0.0143977208, 0.0294415746, 0.1478095, 0.00324954675, 0, 0.0605505779, 0.0221843589, 0, 0, 0.00568342069, 0.003349553, 0.00488447258, 0.010426743, 0.009974817, 0.009533633, 0.159808084, 0, 0.210448027, 0.0170937348, 0.0107087651, 0.0516947135, 0.293122351, 0.09454404, 0, 0, 0.0172248352, 0.137258276, 0.06915522, 0, 0, 0.00337377586, 0, 0.0351195075, 0.0156624056, 0.0104383826, 0, 0, 0, 0.0487758331, 0.04094453, 0, 0, 0.0139109027, 0, 0.10779243, 0, 0.0515383258, 0.00673386967, 0.0145183038, 0.00575200655, 0, 0.007395534, 0.011278037, 0, 0.209314868, 0, 0.18672134, 0.008442383, 0.0126214465, 0, 0.032526955, 0.010240281, 0.0120493853, 0.0102232536, 0, 0, 3.013202, 0.0273535587, 0, 0.0331286676, 0, 0, 0.0120458091, 0.0204464961, 0.0560696758, 0, 0.00980685, 0.0189644843, 0.2663877, 0.0569638349, 0.03486749, 0.0409990251, 0, 0, 0.00831343, 0, 0, 1.01995111, 0.0190685019, 0, 0.10247203, 0, 0, 0, 0, 0.0736093149, 0.0338428654, 0.0223929957, 0.009558045, 0.0148068154, 0.0381737873, 0, 0.04852018, 0, 0, 0.04929076, 0, 0.06658543, 0, 0.112436235, 0.003845128, 0, 0, 0.01142436, 0.0102280816, 0, 0, 0.0330395661, 0, 0.009709024, 0.0147713581, 0, 0.024674492, 0.003113875, 0.0241237935, 0.08781612, 0.02403639, 0.0556306057, 0, 0.13268964, 0.04979339, 0, 0.06401428, 0.138456061, 0.226538941, 0.5921307, 0.226133525, 0, 0, 0.0212871153, 0.0540217757, 0.03617452, 0, 0.00728216628, 0, 0, 0.617610335, 0.09988798, 0.0257682726, 0.0482945032, 0.00535265729, 0, 0.0257496387, 0, 0.004654493, 0.006956598, 0.00441711955, 0.006925732, 0.17019698, 0, 0, 0.0641873, 0.0135545945, 0.008627225, 0, 0.029645646, 0.209382281, 0.02309714, 0, 0.0512536578, 0.0333825834, 0.009751065, 0.03369316, 0.015174943, 0, 0, 0.05180491, 0.1890299, 0, 0.06738579, 0.0282723084, 0.249611825, 0.261611134, 0.0652387, 0.0194145385, 0.04790973, 0.05110032, 0.0964106545, 0, 0.0476089641, 0, 0.07869605, 0.09587131, 0.412095666, 0, 0.0926132947, 0, 0.146036953, 0.09554016, 0.210893631, 0.03397829, 0, 0.0430481359, 0.208454683, 0, 0.0372715369, 0.01592928, 0, 0.0614149049, 0.0267814845, 0.0689813942, 0.08247967, 0.0154802259, 0, 0.03978284, 0.0878476351, 0.0445295647, 0.2462911, 0, 0.0323481523, 0.0260593966, 0.247982711, 0, 0.206735969, 0, 0, 0, 0, 0, 0.0386821367, 0.01663362, 0, 0.00496854354, 0.0388368145, 0.06910498, 0, 0.0106682731, 0.07858192, 0.0572931729, 0.0442501, 0.02236016, 0.0177851859, 0.0224675015, 0.230889678, 0.06268101, 0.186210752, 0, 0.0373088233, 0, 0.0223370381, 0.04654536, 0.00361470133, 0.278175265, 0, 0, 0.127081439, 0.0379246958, 0.07481234, 0.389892846, 0.03715939, 0.0194740128, 0.01656661, 0.216817155, 0.0152342748, 0.104723036, 0.08324842, 0.07226889, 0, 0.030690575, 0.0195941348, 0.025774233, 0.0303764548, 0.04690853, 0.08502791, 0.119308524, 0.024776848, 0.133871049, 0.05540807, 0, 0.0437304862, 0.0464985035, 0, 0.0319404341, 0.0366742127, 0.0112521863, 0.0133203547, 0, 0.05182895, 0, 0.0297548547, 0.0564931855, 0.10112077, 0.174236968, 0.0347041227, 0, 0.288172126, 0.0325076133, 0.06483362, 0.0354783833, 0.14846696, 0.06891025, 0.11621055, 0.0540362932, 0.0204525925, 0, 0, 0, 0.008535886, 0, 0.006583767, 0, 0, 0, 0.01654811, 0, 0.0249785427, 0.0277151763, 0.04332876, 0.08251601, 0.0354441777, 0.146558568, 0.0509260632, 0, 0.100085244, 0, 0, 0.2118079, 0.0165209454, 0, 0.0130813615, 0, 0.03328433, 0.276458561, 0, 0, 0, 0, 0.007292755, 0.03907692, 0.0197555088, 0, 0.246563137, 0.165566862, 0, 0, 0, 0.00309778051, 0.04367407, 0, 0.07701329, 0, 0.07545495, 0.0381222777, 0.0646737143, 0.05724609, 0.07367426, 0.149557263, 0.0876826644, 0.366168946, 0, 0.0310555249, 0.0391293839, 0.0356874578, 0.0233819764, 0.0264330432, 0.210014015, 0.002002716, 0.927958667, 0.0450711, 0, 0, 0, 0.296646655, 0.0246113781, 1.00934291, 0.07546508, 0.140463367, 0.0509947427, 0, 0.08931117, 0.1277119, 0.173682287, 0.0331172533, 0.202398956, 0, 0.18767193, 0.04292563, 0.008764968, 0.157979861, 0.04652769, 0.08409804, 0.0384879224, 0.104063205, 0.03295675, 0.0269972812, 0, 0.007309538, 0.0502653271, 0, 0, 0.02068931, 0.0167543646, 0.07299703, 0, 0.02974891, 0.0390822254, 0.0244906936, 0.0165711138, 0, 0.0467398874, 0.0102595445, 0.0371076129, 0.03691656, 0, 0.0327352546, 0, 0, 0.0149560617, 0.02492648, 0.009389391, 0, 0.0719551742, 0.0307485033, 0, 0.02241685, 0, 0.121101156, 0.0348660275, 0.007943649, 0, 0.01876209, 0.0216476843, 0, 0.0219108332, 0.0135766771, 0, 0, 0, 0.0167291053, 0.007315227, 0.005683183, 0.0132297184, 0, 0.2064094, 0.402088463, 0.0920591056, 0, 0.09779431, 0.0568085946, 0.06787956, 0.0129826311, 0.398547083, 0.139122069, 0.2984561, 0.244592786, 0.3585845, 0.104362406, 0.0265904218, 0.09632541, 0, 0.113523208, 0, 0.0870019, 0, 0, 0.133761868, 0, 0.291439474, 0.40475598, 0.122479931, 0.0643217862, 0, 0.0214305054, 0, 0.1648714, 0.0436342321, 0.9183641, 0, 0, 0, 0.0296848658, 0.299702764, 0.0132997613, 0.0523882471, 0.101491824, 0.0600872673, 0.1226385, 0.028760504, 0.0118698478, 0.133159578, 0.0190532487, 0.007228223, 0.0156831387, 0.0501285568, 0.0243513361, 0.919778943, 0.023545878, 0.0172479264, 0.04186759, 0.186830372, 0.198565632, 0.0135363443, 0.0316082351, 0, 0.03713656, 0, 0.0103072133, 0, 0.00426631048, 0.07044281, 0, 0, 0.03740332, 0.01125917, 0.02174461, 0.0238033924, 0.0233784579, 0, 0, 0.007247935, 0.05436553, 0.0517718978, 0.0553946272, 0, 0.0321029164, 0, 0, 0.0106291, 0.006988345, 0.5919369, 0.0322629623, 0.0300064627, 0, 0.0393993147, 0.0619329177, 0.009400636, 0, 0.143179446, 0.0164069161, 0.009025193, 0, 0.07443323, 0, 0.06624742, 0.0934672952, 0, 0.4356742, 0.358873785, 0, 0.6107289, 0.8003359, 1.57769179, 1.62342393, 2.75135446, 1.46575439, 0.936085165, 0, 0.785441458, 0.640757263, 0.224867284, 1.655116, 1.82402861, 1.55175567, 0, 1.59065855, 1.4453547, 1.61749411, 2.15830851, 0.7444034, 1.55702722, 0, 0, 0.7756626, 0.234982163, 0, 0.263828844, 0.0134188421, 0, 0.337034434, 0.917523, 0, 2.697084, 0, 0, 1.95381367, 0, 0, 0, 0.008426588, 0.006747649, 0.0258876681, 0, 0.07962353, 0.01775734, 0, 0, 0.0122744655, 0.0757610947, 0, 0, 0, 0.0464623347, 0, 0.134187177, 0.0272684526, 0, 0, 0.0266681984, 0.0231092218, 0.0307657383, 0.0172465518, 0.0226389915, 0, 0.0259438362, 0.06146792, 0.235365435, 0.0380942449, 0.09986963, 0.0317484327, 0.189417273, 0.0266274773, 0.0593315177, 0.009707521, 0.0305164233, 0.473388433, 0.03201874, 0, 0, 0.00587821566, 0, 0.07056216, 0, 0.0169351753, 0.04969723, 0.115447924, 0, 0.02299839, 0.0494879559, 0.03013481, 0.00399166, 0, 0.00359927188, 0.00422709156, 0.006977819, 0.00983627, 0, 0.39997673, 0.137385, 0.105223328, 0, 0, 1.9429965, 1.61180067, 0, 0.5680805, 1.83353162, 1.03296423, 0, 0.0352236, 0, 0.01022114, 0.0373280346, 0.0433043, 0.00797589, 0, 0, 0, 0.02192377, 0.06386039, 0.0227885768, 0, 0.0483314469, 0, 0.00283908378, 0, 0.00683917571, 0, 0, 0.008719051, 0, 0.00432005, 0.0288304854, 0.005860107, 0.128986374, 0.0220624488, 0.0422125123, 0.07279337, 0.0131619629, 0.01411279, 0.004234234, 0, 0.05207761, 0.0852476358, 0, 0, 0.008940283, 0.0111766653, 0, 0.00187867193, 0, 0.008638441, 0.263056755, 0, 0, 0.111153491, 0.130856872, 0.01332698, 0, 0.253643155, 0.47490415, 0, 0.7432987, 2.076742, 1.34375787, 0, 1.57086718, 0.8181727, 0.591094851, 1.95078039, 2.78613114, 1.36604452, 0, 0, 0.06368104, 0.13961941, 0.0929342955, 0, 0.006832534, 0.0163911786, 0.008997712, 0.0666910857, 0.00301366765, 0, 0.04222122, 0, 0.0640888, 0.0669871941, 0.163205177, 0.416480064, 0.350849748, 0.07480212, 0.080323115, 0, 0.01359324, 0.08014019, 0.0728447959, 0, 0.102898948, 0.103978358, 0.08120847, 0.0227303971, 0.0118991537, 0.07096628, 0, 0.3465855, 0, 0.007515633, 0, 0.00743594673, 0, 0.03136698, 0, 0, 0, 0.0352425575, 0, 0.00546931662, 0.0470595546, 0.119526349, 0, 0, 0.347099423, 0.04738562, 0.141003519, 0.00699436152, 0.007039937, 0.0346690528, 0.0428992175, 0.105379954, 0.04571002, 0.009263359, 0.00377635774, 0.02379341, 0.02641095, 0.0207722466, 0.005038719, 0.008096725, 0.014067146, 0.00819412, 0.0229377467, 0.00164495874, 0.008640832, 0, 0, 0, 0.00371573679, 0.007449808, 0.03471265, 0.0258034151, 0.0213180352, 0.0127048464, 0, 0, 0.08640164, 0, 0.2036845, 0.298990279, 0.0233418979, 0.0169953424, 0.0117573058, 0.0132313557, 0.00366024952, 0, 0.01605761, 0.03642552, 0.009263894, 0, 0.0414763428, 0.00525214, 0.0554133, 0, 0.01961975, 0.032500647, 0.0486043356, 0.118428655, 0.04248346, 0.00605276, 0, 0.0115072262, 0.126757935, 0.137792408, 0.0561132766, 0.425718933, 0, 0, 0.009303466, 0.08510729, 0.04470259, 0.0157175958, 0.0609679334, 0.0171187241, 0.0233063437, 0.05640132, 0.107959032, 0, 0.247786269, 0.0627229661, 0, 0.0175313875, 0.0232080873, 0.006932, 0.018058395, 0.01627533, 0, 0.4406155, 0.008638641, 0.00494516362, 0.210192382, 0.0362391658, 0.1194482, 0.08429083, 0, 0, 0, 0, 0.0120270662, 0, 0, 0, 0.0489037745, 0.0393480025, 0, 0.01118249, 0.0513662174, 0.0441861823, 0, 0.212211147, 0.100316718, 0.359238863, 0.125373229, 0, 0.08017633, 0.142589509, 0.0306350626, 0.0179364048, 0.0125079462, 0.007007533, 0.09592688, 0.0181974322, 0, 0.0839075, 0.0300138239, 0.07292497, 0.131782368, 0.196915478, 0.0597277619, 0.06835767, 0.0149110174, 0, 0, 0, 0.07713933, 0.147102982, 0, 0.6349809, 1.83206928, 0, 0.153849781, 0, 0, 0, 0, 0.0530780256, 0.147335589, 0, 0.243766263, 0.8520692, 0, 2.31353927, 0, 0, 0.66758126, 0, 0.630014, 2.609754, 0, 0, 0.336212218, 0.172939613, 0, 0.0312024, 0, 0, 0.007235692, 0.0232424587, 0.0162548162, 0.0503922664, 0.0351463333, 0.0157490745, 0.00198827963, 0.0170238968, 0.308134466, 0.041085355, 0.1129517, 0.131226808, 0, 0.07777525, 0.09585612, 0.114064373, 0.2343925, 0, 0, 0.339458644, 0.0332095064, 0, 0, 0.007192127, 0.0209874082, 0, 0.00889764, 0, 0.0319792256, 0.4373151, 0.0157346129, 0.218099564, 0.0209924821, 0, 0.008912808, 0.0357211269, 0.0048761447, 0.09121571, 0.0193855111, 0.0162094533, 0.006212989, 0, 0.0120076612, 0.1721966, 0.107344776, 0.0210999921, 0.0349794626, 0.0195729081, 0, 0, 0.019129917, 0.0234237965, 0.02945289, 0.0201621354, 0.01169781, 0.0355185233, 0, 0.0188847873, 0.0139564583, 0, 0.379323065, 0, 1.048294, 0.7306738, 0, 0.645852447, 0.5169777, 0, 2.28660512, 0.7660122, 0.7061906, 0, 0, 1.94359279, 0.702512, 0.477570772, 0.19470948, 0.0115469871, 0.13678804, 0.0111305285, 0.0171669945, 0.0317395031, 0, 0, 0.0139395753, 0, 0.0480750352, 0, 0, 0, 0, 0.0294557959, 0, 0.008390823, 0.0382601321, 0, 0.0298295058, 0, 0, 0.06257556, 0.0147814993, 0.008130944, 0.217032835, 0.0474815331, 0, 0.0316628627, 0.00767432665, 0, 0.06244259, 0, 0, 0.0126171056, 0, 0.0365487821, 0.0229334962, 0, 0.0241924915, 0.008047513, 0.0429917462, 0, 0, 0.009765585, 0.00500137871, 0.007728514, 0.05940005, 0.0429151841, 0.065435864, 0.06362222, 0, 0, 0, 0.0100290533, 0.0765815, 0.0295492224, 0.0723287538, 0.03432342, 0.0328314453, 0.02001193, 0, 0.0137171876, 0.0214856081, 0, 0.0122260433, 0, 0, 0.0237313975, 0.0383100174, 0, 0.156234652, 0, 0.07691354, 0.142112777, 0.016933037, 0.03609931, 0, 0, 0.09619533, 0.355027974, 0.143344551, 0.09627999, 0.032210812, 0, 0, 0, 0.043618083, 0, 0.0441734754, 0.162661538, 0.129592687, 0.198032752, 0.123500057, 0.0346899666, 0.164460719, 0, 0.182387009, 0, 0.0152048571, 0, 0, 0, 0, 0.0140438257, 0.0156357754, 0.0163575914, 0.0170231517, 0.0454940051, 0.0192310847, 0.0267298669, 0, 0.006743333, 0.0292711724, 0.00600221753, 0.00731143169, 0.0114970766, 0.06727895, 0, 0.005494674, 0.0444247238, 0.0269466545, 0.00221964484, 0.08787162, 0, 0, 0, 0.07117581, 0.0132420631, 0.0245047472, 0, 0.304974347, 0, 0.115584351, 0, 0.221151516, 0, 0, 0.003689536, 0.0149874249, 0.0541741438, 0.07225, 0.147873715, 0, 0.00836284, 0.0460847765, 0, 0.198378861, 0.0512850247, 0.0173620749, 0.04571579, 0.0268295072, 0, 0.0501294881, 0.0653328449, 0, 0.0099221, 0.057885047, 0.25842613, 0.0211838782, 0.0473023, 0.05081808, 0.0297991745, 0.05487035, 0.6451235, 0.2968673, 0.122025587, 0, 0.08608699, 0.02019708, 0.8575912, 0, 0.0341476575, 0.05869916, 0.247368053, 0.202916712, 0.0392380171, 0.2085441, 0.08753403, 0.160767674, 0.017854752, 0.06843757, 0.0437930934, 0.0249327756, 0.0445660874, 0.160017878, 0.09509342, 0.06811807, 0.164863586, 0.68626, 0.0898705944, 0.0360079221, 0.0588284545, 0.318861932, 0, 0.0590514168, 0, 0.0453178, 0.4444908, 0, 0, 0.0425715521, 0.0124350917, 0, 0.0279890373, 0.0433174744, 0.0539578572, 0.107285, 0.0437608957, 0.0855919048, 0, 0, 0, 0.0142121855, 0.0191430561, 0.445931554, 0.401748478, 0.202724069, 0, 0.20410274, 0.202820286, 0.04399446, 0.0504030436, 0, 0, 0.380210251, 0.178041115, 0.32058686, 0.0366105773, 0, 0, 0, 0.6388188, 0.153073654, 0.0526946969, 0, 0.009538552, 0.202155069, 0, 0, 0.06589599, 0, 0.151521951, 0.0562618151, 0.170708328, 0, 0.118750438, 0.03829359, 0.0284525957, 0.0115333525, 0, 0.03515843, 0.0232683849, 0.004659694, 0.06334156, 0.0508288741, 0, 0.004835351, 0.00828957651, 0.08482022, 0.0174673926, 0, 0.02777383, 0.03598742, 0.04087991, 0.0168622062, 0.1609708, 0.139447644, 0.0478434861, 0, 0.09127658, 0.0179934017, 0, 0.0192596037, 0.00880261, 0.06295616, 0.0130741, 0.0147257531, 0.022960864, 0.204477862, 0.04585715, 0, 0.007203216, 0.0200285614, 0.0145611912, 0.00726522924, 0.0150077995, 0.0243458152, 0.08154617, 0.020356236, 0.0540313832, 0.3202526, 0.0988582149, 0.0255842283, 0.034200225, 0, 0.292394817, 1.29042244, 0.6247181, 1.28024983, 0.6081588, 1.35307729, 0.723540068, 0, 1.48376012, 1.36979783, 0.6901253, 0.669702947, 0.70550096, 0, 0, 3.63552237, 2.28190517, 1.014341, 1.58260465, 0, 0, 2.47699165, 0, 1.73730052, 0, 0, 0, 0.8141298, 1.776241, 1.68754578, 0.8530251, 0.756008446, 0, 0.709647536, 1.366398, 0.458206445, 0.990747333, 0.07275738, 0.147266671, 0.7432954, 0, 0, 0.7164662, 0.794821143, 0, 0.762563169, 2.409646, 0.7792204, 0.788077, 0, 0, 0.7645745, 0.7257872, 2.10881162, 0.8082514, 0, 1.40997541, 0.5151627, 1.5817579, 1.2133913, 0.732622564, 1.68899882, 0.847518, 0, 0.535945058, 1.65461326, 2.635721, 0.839395, 1.7496134, 0, 0, 0, 1.71779561, 0, 1.64930558, 0.6388451, 1.831964, 0.7594228, 1.34911513, 0.0585399978, 0.0199798755, 0.08866101, 0.207660079, 0.1818164, 0.0596008, 0.06856634, 0.0602648556, 0.04231135, 0, 0.0385126248, 0.02969445, 0, 0.009670705, 0.03722399, 0, 0.0202208757, 0, 0, 0.329612821, 0, 0, 0.2658617, 0.183153972, 0.0294196662, 0.0362899378, 0, 0.0190125946, 0.005623091, 0.04093112, 0.0226563681, 0.166682258, 0.01879308, 0.10540624, 0, 0.0296123978, 0, 0.008831478, 0.02994189, 0.008371992, 0.009824193, 0.0527445935, 0.00381660135, 0, 0.009016938, 0.00409730244, 0, 0.00416428363, 0.0285762865, 0.0836320147, 0.0462075658, 0.006023267, 0.0359442569, 0, 0, 0, 0.014675511, 0.0142653435, 0.0583820865, 0, 0.0434025824, 0.05535125, 0, 0.06766604, 0, 0, 0, 0.02218714, 0.0454158373, 0.0105441408, 0, 0.07045977, 0, 0.03104515, 0.071498394, 0.0205555111, 0, 0.0173708871, 0, 0.00997821, 0.04947719, 0, 0, 0.1263119, 0, 0, 0, 0.008863562, 0.010858913, 0.01521096, 0.0490506776, 0, 0.17204912, 0, 0.04975098, 0.0185193419, 0.415133029, 0.194808871, 0.007162247, 0, 0.0414053462, 0.0127206659, 0.0552660674, 0.00714827469, 0, 0.026302902, 0.04573813, 0.08489361, 0.06398827, 0.116856575, 0.0199062563, 0.0239292253, 0.0272903182, 0.007291644, 0, 0, 0.013840667, 0, 0, 0.0162936728, 0.0603712, 0.0664299056, 0.04812591, 0.0105855977, 0, 0, 0.0573648028, 0, 0.05521453, 0]
}