{
    "participant": [{
        "position": [0.255103052, -0.137742043, 0.5463557],
        "rotation": [16.64414, 16.0281181, 2.22777246e-7],
        "scale": [0.5, 0.5, 1],
        "time": "Case 3 Path",
        "transparency": 0.479930162,
        "windowType": false
    }, {
        "position": [0.218495682, -0.215335876, 0.7194167],
        "rotation": [16.64414, 16.0281181, 2.227773e-7],
        "scale": [0.5, 0.5, 1],
        "time": "Case 3 Head",
        "transparency": 0.232418776,
        "windowType": false
    }, {
        "position": [0.07817625, -0.0384151936, 0.88886714],
        "rotation": [15.2229633, 3.63630342, 0],
        "scale": [0.5, 0.5, 1],
        "time": "Case 4 Both",
        "transparency": 0.540881157,
        "windowType": false
    }, {
        "position": [0.3107986, -0.399934381, 0.6125118],
        "rotation": [42.1393, 1.18612945, 3.59809249e-8],
        "scale": [0.763558447, 0.763558447, 1],
        "time": "16:43:23",
        "transparency": 1,
        "windowType": false
    }, {
        "position": [0.304276824, -0.401055485, 0.628277063],
        "rotation": [41.5698624, 0.6053882, 1.78309989e-8],
        "scale": [0.763558447, 0.763558447, 1],
        "time": "16:44:39",
        "transparency": 0.829853535,
        "windowType": false
    }, {
        "position": [0.275867879, -0.377048433, 0.645236135],
        "rotation": [41.5698776, 358.932068, 3.56619978e-8],
        "scale": [0.5, 0.5, 1],
        "time": "16:45:35",
        "transparency": 0.5424335,
        "windowType": false
    }, {
        "position": [0.275867879, -0.377048433, 0.645236135],
        "rotation": [41.56989, 1.39410853, 0],
        "scale": [0.5, 0.5, 1],
        "time": "16:45:46",
        "transparency": 0.5424335,
        "windowType": false
    }, {
        "position": [-0.04730907, -0.145449489, 0.6074849],
        "rotation": [11.1267567, 359.8242, 0],
        "scale": [0.5, 0.5, 1],
        "time": "16:49:26",
        "transparency": 0.613204,
        "windowType": false
    }],
    "playerId": "0725_163921",
    "presentation": [{
        "position": [0.009126384, -0.2108972, 0.661213],
        "rotation": [18.628746, 3.74818087, -5.631109e-8],
        "scale": [0.9980935, 0.9980935, 1],
        "time": "Case 3 Path",
        "transparency": 0.505432367,
        "windowType": false
    }, {
        "position": [0.0239914358, -0.214882612, 0.6930861],
        "rotation": [11.1267433, 6.37627745, 0],
        "scale": [0.9980935, 0.9980935, 1],
        "time": "Case 3 Head",
        "transparency": 0.254976571,
        "windowType": false
    }, {
        "position": [0.058724314, -0.198039532, 0.836708963],
        "rotation": [11.126749, 5.0048337, 5.43831078e-8],
        "scale": [0.9980935, 0.9980935, 1],
        "time": "Case 4 Both",
        "transparency": 0.538237631,
        "windowType": false
    }, {
        "position": [-0.08896297, -0.456963629, 0.5620667],
        "rotation": [41.5698433, 0.0750253, 0],
        "scale": [1.54260075, 1.54260075, 1],
        "time": "16:43:23",
        "transparency": 0.9949739,
        "windowType": false
    }, {
        "position": [-0.08896297, -0.456963629, 0.5620667],
        "rotation": [41.5698547, 358.614563, 7.132399e-8],
        "scale": [1.54260075, 1.54260075, 1],
        "time": "16:44:39",
        "transparency": 0.4683094,
        "windowType": false
    }, {
        "position": [-0.08896297, -0.456963629, 0.5620667],
        "rotation": [41.5698547, 358.614563, 7.132399e-8],
        "scale": [1.54260075, 1.54260075, 1],
        "time": "16:45:35",
        "transparency": 0.4683094,
        "windowType": false
    }, {
        "position": [-0.08896297, -0.456963629, 0.5620667],
        "rotation": [41.5698547, 358.614563, 7.132399e-8],
        "scale": [1.54260075, 1.54260075, 1],
        "time": "16:45:46",
        "transparency": 0.4683094,
        "windowType": false
    }, {
        "position": [-0.04669997, -0.333777666, 0.570674956],
        "rotation": [11.1267586, 0.179312751, 1.69947212e-9],
        "scale": [1.19022369, 1.19022369, 1],
        "time": "16:49:26",
        "transparency": 0.6734951,
        "windowType": false
    }]
}