{
    "participant": [{
        "position": [0.432067037, 0.115435004, 0.275120169],
        "rotation": [15.0000706, 48.3631134, -8.83891744e-7],
        "scale": [0.276215255, 0.276215255, 1.00000012],
        "time": "11:34:47",
        "transparency": 1,
        "windowType": false
    }, {
        "position": [0.432067037, 0.115435004, 0.275120169],
        "rotation": [15.0000706, 48.3631134, -8.83891744e-7],
        "scale": [0.276215255, 0.276215255, 1.00000012],
        "time": "11:35:30",
        "transparency": 1,
        "windowType": false
    }, {
        "position": [-0.122568741, 0.16857934, 0.470667481],
        "rotation": [340.984833, 339.008362, -2.25762747e-7],
        "scale": [0.5821564, 0.5821564, 1.00000012],
        "time": "11:44:17",
        "transparency": 0.882294655,
        "windowType": false
    }],
    "playerId": "1225_112746",
    "presentation": [{
        "position": [0.29066065, 0.163266063, 0.415504575],
        "rotation": [0, 10.1738062, 0],
        "scale": [0.6273224, 0.6273224, 1.00000012],
        "time": "11:34:47",
        "transparency": 1,
        "windowType": false
    }, {
        "position": [0.126142621, 0.1616695, 0.472943246],
        "rotation": [357.228241, 10.1738062, 0],
        "scale": [0.7739188, 0.7739188, 1.00000012],
        "time": "11:35:30",
        "transparency": 1,
        "windowType": false
    }, {
        "position": [-0.283352077, 0.297867775, 0.469550639],
        "rotation": [347.684357, 341.6475, 2.18471e-7],
        "scale": [0.6176712, 0.6176712, 1.00000012],
        "time": "11:44:17",
        "transparency": 1,
        "windowType": false
    }],
    "time": [],
    "velocity": []
}