{
    "participant": [{
        "position": [0.000296831131, -0.2616143, 0.780985832],
        "rotation": [6.349019, 0.4059259, 0],
        "scale": [0.9870155, 0.987015247, 1.00000012],
        "time": "14:46:54",
        "transparency": 0.188738987,
        "windowType": false
    }, {
        "position": [0.0529667139, 0.119458988, 0.75239867],
        "rotation": [348.445526, 0.405925751, 0],
        "scale": [0.9870155, 0.987015247, 1.00000012],
        "time": "14:51:37",
        "transparency": 0.188738987,
        "windowType": false
    }, {
        "position": [0.0262925178, -0.0289553348, 0.711465],
        "rotation": [0.3037088, 0.4059256, 0],
        "scale": [0.9870155, 0.987015247, 1.00000012],
        "time": "14:59:08",
        "transparency": 0.188738987,
        "windowType": false
    }],
    "playerId": "1219_143814",
    "presentation": [{
        "position": [0.007971048, -0.6934948, 0.7171693],
        "rotation": [32.55059, 3.63927126, 0],
        "scale": [1.69251156, 1.69251156, 1.00000012],
        "time": "14:46:54",
        "transparency": 0.9602104,
        "windowType": false
    }, {
        "position": [0.04445091, -0.209323555, 0.811110258],
        "rotation": [19.5297127, 3.63927174, 5.66181946e-8],
        "scale": [1.69251156, 1.69251156, 1.00000012],
        "time": "14:51:37",
        "transparency": 0.9602104,
        "windowType": false
    }, {
        "position": [0.062308915, -0.424925774, 0.7215802],
        "rotation": [19.42251, 3.63927245, 5.65807454e-8],
        "scale": [1.69251156, 1.69251156, 1.00000012],
        "time": "14:59:08",
        "transparency": 0.9602104,
        "windowType": false
    }],
    "time": [],
    "velocity": []
}