{
    "participant": [{
        "position": [-0.430476427, -0.440624952, 0.7336436],
        "rotation": [354.295074, 326.5794, -2.14505846e-7],
        "scale": [1.05982614, 1.0598259, 1.00000012],
        "time": "Case 3 Head",
        "transparency": 0.408735037,
        "windowType": false
    }, {
        "position": [-0.914502859, -0.660757542, 0.5079184],
        "rotation": [17.7123241, 326.5794, 0],
        "scale": [1.05982614, 1.0598259, 1.00000012],
        "time": "Case 3 Path",
        "transparency": 0.408735037,
        "windowType": false
    },  {
        "position": [-0.2871672, -0.0198862553, 0.7256447],
        "rotation": [18.48189, 345.396118, -2.25050627e-7],
        "scale": [1.06798959, 1.06798935, 1.00000012],
        "time": "Case 4 Path",
        "transparency": 0.9365709,
        "windowType": false
    }, {
        "position": [-0.172489986, -0.13613376, 0.5930362],
        "rotation": [18.48189, 345.396118, -2.25050627e-7],
        "scale": [0.8865769, 0.886576653, 1.00000012],
        "time": "Case 4 Head",
        "transparency": 0.9365709,
        "windowType": false
    }, {
        "position": [-0.174404085, -0.222892165, 0.5334971],
        "rotation": [22.0121784, 318.232635, 0],
        "scale": [0.6310208, 0.631020546, 1.00000012],
        "time": "Case 1 Path",
        "transparency": 0.6794746,
        "windowType": false
    }, {
        "position": [-0.2308373, -0.148620382, 0.540884137],
        "rotation": [22.0121822, 318.232635, 0],
        "scale": [0.6310208, 0.631020546, 1.00000012],
        "time": "Case 1 Head",
        "transparency": 0.6794746,
        "windowType": false
    },  {
        "position": [-0.2248612, -0.2009452, 0.757742167],
        "rotation": [4.95882368, 354.45932, 2.67806612e-8],
        "scale": [0.6310208, 0.631020546, 1.00000012],
        "time": "Case 2 Head",
        "transparency": 1,
        "windowType": false
    },{
        "position": [-0.3445723, -0.105467811, 0.8103194],
        "rotation": [4.95882463, 354.45932, 5.35613225e-8],
        "scale": [0.62716794, 0.6271677, 1.00000012],
        "time": "Case 2 Path",
        "transparency": 1,
        "windowType": false
    }],
    "playerId": "User 16",
    "presentation": [{
        "position": [0.319673538, -0.236695439, 0.965688467],
        "rotation": [12.5971727, 3.93068171, 0],
        "scale": [2.32218432, 2.32218432, 1.00000012],
        "time": "Case 3 Head",
        "transparency": 1,
        "windowType": false
    }, {
        "position": [0.0414281972, 0.112907887, 0.714047551],
        "rotation": [5.835529, 343.462219, -5.36388143e-8],
        "scale": [1.42262638, 1.42262638, 1.00000012],
        "time": "Case 3 Path",
        "transparency": 1,
        "windowType": false
    }, {
        "position": [0.131847739, 0.03873992, 0.6844205],
        "rotation": [1.29198492, 358.199341, 0],
        "scale": [1.42262638, 1.42262638, 1.00000012],
        "time": "Case 4 Path",
        "transparency": 1,
        "windowType": false
    }, {
        "position": [0.0764480755, -0.04453511, 0.7065072],
        "rotation": [10.6061287, 358.199341, -2.71441642e-8],
        "scale": [1.42262638, 1.42262638, 1.00000012],
        "time": "Case 4 Head",
        "transparency": 1,
        "windowType": false
    }, {
        "position": [0.05503285, -0.144586921, 0.757509649],
        "rotation": [10.0531292, 358.199341, 0],
        "scale": [1.42262638, 1.42262638, 1.00000012],
        "time": "Case 1 Path",
        "transparency": 1,
        "windowType": false
    }, {
        "position": [0.056170322, -0.0481878519, 0.8175496],
        "rotation": [0.5511117, 358.199341, 8.338019e-10],
        "scale": [1.42262638, 1.42262638, 1.00000012],
        "time": "Case 1 Head",
        "transparency": 1,
        "windowType": false
    },{
        "position": [0.0316205062, -0.07846336, 0.878336966],
        "rotation": [0.5511117, 358.199341, 8.338019e-10],
        "scale": [1.42262638, 1.42262638, 1.00000012],
        "time": "Case 2 Head",
        "transparency": 1,
        "windowType": false
    }, {
        "position": [-0.08268222, 0.0232744236, 0.9297651],
        "rotation": [0.5511117, 358.199341, 2.50140575e-9],
        "scale": [1.42262638, 1.42262638, 1.00000012],
        "time": "Case 2 Path",
        "transparency": 1,
        "windowType": false
    }],
    "time": [],
    "velocity": []
}