{
    "participant": [{
        "position": [-0.0523607135, 0.17820859, 0.997082651],
        "rotation": [356.921844, 2.55457783, 0],
        "scale": [0.570020258, 0.570020258, 1],
        "time": "11:45:27",
        "transparency": 1,
        "windowType": false
    }, {
        "position": [0.0545822456, 0.142666817, 0.8003571],
        "rotation": [356.921844, 0.855884552, 1.669936e-9],
        "scale": [0.7674649, 0.7674649, 1],
        "time": "11:46:54",
        "transparency": 1,
        "windowType": false
    }, {
        "position": [-0.2613279, 0.14445734, 0.8272959],
        "rotation": [356.921844, 0.855884552, 8.34968e-9],
        "scale": [0.7674649, 0.7674649, 1],
        "time": "11:49:09",
        "transparency": 1,
        "windowType": false
    }, {
        "position": [-0.356493026, -0.3033793, 0.9166225],
        "rotation": [357.851257, 313.6382, 0],
        "scale": [0.7674649, 0.7674649, 1],
        "time": "11:52:00",
        "transparency": 0.891878843,
        "windowType": false
    }, {
        "position": [-0.356493026, -0.3033793, 0.9166225],
        "rotation": [357.851257, 337.669, 2.66991975e-8],
        "scale": [0.7674649, 0.7674649, 1],
        "time": "11:52:09",
        "transparency": 0.891878843,
        "windowType": false
    }, {
        "position": [-0.356493026, -0.3033793, 0.9166225],
        "rotation": [357.851257, 312.913879, 0],
        "scale": [0.7674649, 0.7674649, 1],
        "time": "11:52:28",
        "transparency": 0.891878843,
        "windowType": false
    }, {
        "position": [-0.356493026, -0.3033793, 0.9166225],
        "rotation": [357.851257, 312.913879, 0],
        "scale": [0.7674649, 0.7674649, 1],
        "time": "11:52:29",
        "transparency": 0.891878843,
        "windowType": false
    }, {
        "position": [-0.356493026, -0.3033793, 0.9166225],
        "rotation": [357.851257, 312.913879, 0],
        "scale": [0.7674649, 0.7674649, 1],
        "time": "11:52:30",
        "transparency": 0.891878843,
        "windowType": false
    }, {
        "position": [-0.233511031, -0.305631876, 1.02682292],
        "rotation": [357.851257, 312.913879, 0],
        "scale": [0.7674649, 0.7674649, 1],
        "time": "11:53:31",
        "transparency": 0.891878843,
        "windowType": false
    }, {
        "position": [-0.329072326, -0.296829939, 1.15925121],
        "rotation": [1.61518168, 355.2337, 0],
        "scale": [0.7674649, 0.7674649, 1],
        "time": "12:03:44",
        "transparency": 0.891878843,
        "windowType": false
    }, {
        "position": [-0.329072326, -0.296829939, 1.15925121],
        "rotation": [1.61518168, 355.2337, 0],
        "scale": [0.7674649, 0.7674649, 1],
        "time": "12:03:46",
        "transparency": 0.891878843,
        "windowType": false
    }, {
        "position": [-0.363177568, -0.3151095, 1.27620542],
        "rotation": [1.61518168, 355.2337, 0],
        "scale": [0.7674649, 0.7674649, 1],
        "time": "12:03:59",
        "transparency": 0.891878843,
        "windowType": false
    }, {
        "position": [0.473694265, -0.158623442, 1.2500006],
        "rotation": [1.6151818, 356.888916, -3.33637851e-9],
        "scale": [0.7674649, 0.7674649, 1],
        "time": "12:12:14",
        "transparency": 0.891878843,
        "windowType": false
    }, {
        "position": [0.473694265, -0.158623442, 1.2500006],
        "rotation": [1.6151818, 356.888916, -3.33637851e-9],
        "scale": [0.7674649, 0.7674649, 1],
        "time": "12:12:15",
        "transparency": 0.891878843,
        "windowType": false
    }, {
        "position": [0.136783585, -0.2917221, 1.28449512],
        "rotation": [1.61518168, 358.5121, 0],
        "scale": [1.16164708, 1.16164708, 1],
        "time": "12:20:22",
        "transparency": 0.891878843,
        "windowType": false
    }, {
        "position": [0.136783585, -0.2917221, 1.28449512],
        "rotation": [1.61518168, 358.5121, 0],
        "scale": [1.16164708, 1.16164708, 1],
        "time": "12:20:24",
        "transparency": 0.891878843,
        "windowType": false
    }, {
        "position": [0.175927088, -0.329992682, 1.42252648],
        "rotation": [1.61518168, 358.5121, 0],
        "scale": [1.16164708, 1.16164708, 1],
        "time": "12:23:55",
        "transparency": 0.891878843,
        "windowType": false
    }, {
        "position": [-0.31207338, -0.5690615, 1.21418393],
        "rotation": [1.6151818, 356.828918, 0],
        "scale": [0.5, 0.5, 1],
        "time": "12:27:34",
        "transparency": 0.891878843,
        "windowType": false
    }, {
        "position": [-0.300899833, -0.537930131, 1.118827],
        "rotation": [1.61518228, 342.0206, 0],
        "scale": [0.5, 0.5, 1],
        "time": "12:28:22",
        "transparency": 0.5851252,
        "windowType": false
    }, {
        "position": [-0.483822167, -0.286269069, 1.04617536],
        "rotation": [1.61518228, 342.0206, 0],
        "scale": [0.5, 0.5, 1],
        "time": "12:31:08",
        "transparency": 0.8344352,
        "windowType": false
    }],
    "playerId": "0723_113919",
    "presentation": [{
        "position": [-0.367694765, -0.127108812, 1.01573741],
        "rotation": [357.804779, 336.149475, 8.01000652e-8],
        "scale": [2.20767164, 2.20767164, 1],
        "time": "11:45:27",
        "transparency": 1,
        "windowType": false
    }, {
        "position": [-0.237326086, -0.178210735, 0.8895757],
        "rotation": [357.804779, 336.149475, 8.01000652e-8],
        "scale": [2.20767164, 2.20767164, 1],
        "time": "11:46:54",
        "transparency": 1,
        "windowType": false
    }, {
        "position": [-0.5288243, -0.179191, 0.7449332],
        "rotation": [356.90448, 309.002075, 1.06877643e-7],
        "scale": [2.20767164, 2.20767164, 1],
        "time": "11:49:09",
        "transparency": 1,
        "windowType": false
    }, {
        "position": [-0.577548742, 0.0150555372, 0.7288047],
        "rotation": [356.90448, 309.002075, 1.06877643e-7],
        "scale": [2.20767164, 2.20767164, 1],
        "time": "11:52:00",
        "transparency": 1,
        "windowType": false
    }, {
        "position": [-0.577548742, 0.0150555372, 0.7288047],
        "rotation": [356.90448, 309.002075, 1.06877643e-7],
        "scale": [2.20767164, 2.20767164, 1],
        "time": "11:52:09",
        "transparency": 1,
        "windowType": false
    }, {
        "position": [-0.577548742, 0.0150555372, 0.7288047],
        "rotation": [356.90448, 309.002075, 1.06877643e-7],
        "scale": [2.20767164, 2.20767164, 1],
        "time": "11:52:28",
        "transparency": 1,
        "windowType": false
    }, {
        "position": [-0.577548742, 0.0150555372, 0.7288047],
        "rotation": [356.90448, 309.002075, 1.06877643e-7],
        "scale": [2.20767164, 2.20767164, 1],
        "time": "11:52:29",
        "transparency": 1,
        "windowType": false
    }, {
        "position": [-0.577548742, 0.0150555372, 0.7288047],
        "rotation": [356.90448, 309.002075, 1.06877643e-7],
        "scale": [2.20767164, 2.20767164, 1],
        "time": "11:52:30",
        "transparency": 1,
        "windowType": false
    }, {
        "position": [-0.375227243, 0.06588876, 0.9284451],
        "rotation": [356.90448, 309.002075, 1.06877643e-7],
        "scale": [2.20767164, 2.20767164, 1],
        "time": "11:53:31",
        "transparency": 1,
        "windowType": false
    }, {
        "position": [-0.6163775, 0.07030785, 1.004328],
        "rotation": [356.900024, 312.031616, -1.06878105e-7],
        "scale": [2.57116461, 2.57116461, 1],
        "time": "12:03:44",
        "transparency": 0.882171154,
        "windowType": false
    }, {
        "position": [-0.6163775, 0.07030785, 1.004328],
        "rotation": [356.900024, 312.031616, -1.06878105e-7],
        "scale": [2.57116461, 2.57116461, 1],
        "time": "12:03:46",
        "transparency": 0.882171154,
        "windowType": false
    }, {
        "position": [-0.6163775, 0.07030785, 1.004328],
        "rotation": [356.900024, 312.031616, -1.06878105e-7],
        "scale": [2.57116461, 2.57116461, 1],
        "time": "12:03:59",
        "transparency": 0.882171154,
        "windowType": false
    }, {
        "position": [0.03489044, -0.458502918, 1.06092858],
        "rotation": [5.955544, 0.8117527, 0],
        "scale": [2.16503286, 2.16503286, 1],
        "time": "12:12:14",
        "transparency": 0.882171154,
        "windowType": false
    }, {
        "position": [0.03489044, -0.458502918, 1.06092858],
        "rotation": [5.955544, 0.8117527, 0],
        "scale": [2.16503286, 2.16503286, 1],
        "time": "12:12:15",
        "transparency": 0.882171154,
        "windowType": false
    }, {
        "position": [0.0170219522, -0.6403903, 1.45670843],
        "rotation": [5.955544, 0.8117527, 0],
        "scale": [1.74101973, 1.74101973, 1],
        "time": "12:20:22",
        "transparency": 0.707476854,
        "windowType": false
    }, {
        "position": [0.0170219522, -0.6403903, 1.45670843],
        "rotation": [5.955544, 0.8117527, 0],
        "scale": [1.74101973, 1.74101973, 1],
        "time": "12:20:24",
        "transparency": 0.707476854,
        "windowType": false
    }, {
        "position": [0.165108249, -0.638063848, 1.45027936],
        "rotation": [5.955544, 8.301942, 2.68252087e-8],
        "scale": [1.69871473, 1.69871473, 1],
        "time": "12:23:55",
        "transparency": 0.707476854,
        "windowType": false
    }, {
        "position": [-0.474303424, -0.336071968, 1.1063056],
        "rotation": [2.28950238, 336.9213, 5.34034861e-8],
        "scale": [1.30046034, 1.30046034, 1],
        "time": "12:27:34",
        "transparency": 0.707476854,
        "windowType": false
    }, {
        "position": [-0.474303424, -0.336071968, 1.1063056],
        "rotation": [2.28950238, 336.9213, 5.34034861e-8],
        "scale": [1.30046034, 1.30046034, 1],
        "time": "12:28:22",
        "transparency": 0.312925816,
        "windowType": false
    }, {
        "position": [-0.438041627, 0.027636528, 0.979645252],
        "rotation": [353.424561, 337.3576, -1.07428377e-7],
        "scale": [1.30046034, 1.30046034, 1],
        "time": "12:31:08",
        "transparency": 0.815733433,
        "windowType": false
    }],
    "time": [4.85999966, 5.85999966, 6.85999966, 7.85999966, 8.86, 9.86, 10.86, 11.86, 12.86, 13.86, 14.86, 15.86, 16.8599987, 17.8599987, 18.8599987, 19.8599987, 20.8599987, 21.8599987, 22.8599987, 23.8599987, 24.8599987, 25.8599987, 26.8599987, 27.8599987, 28.8599987, 29.8599987, 30.8599987, 31.8599987, 32.86, 33.86, 34.86, 35.86, 36.86, 37.86, 38.86, 39.86, 40.86, 41.86, 42.86, 43.86, 44.86, 45.86, 46.86, 47.86, 48.86, 49.86, 50.86, 51.86, 52.86, 53.86, 54.86, 55.86, 56.86, 57.86, 58.8599968, 59.8599968, 60.8599968, 61.8599968, 62.8599968, 63.8599968, 64.86, 65.86, 66.86, 67.86, 68.86, 69.86, 70.86, 71.86, 72.86, 73.86, 74.86, 75.86, 76.86, 77.86, 78.86, 79.86, 80.86, 81.86, 82.86, 83.86, 84.86, 85.86, 86.86, 87.86, 88.86, 89.86, 90.86, 91.86, 92.86, 93.86, 94.86, 95.86, 96.86, 97.86, 98.86, 99.86, 100.86, 101.86, 102.86, 103.86, 104.86, 105.86, 106.86, 107.86, 108.86, 109.86, 110.86, 111.86, 112.86, 113.86, 114.86, 115.86, 116.86, 117.86, 118.86, 119.86, 120.86, 121.86, 122.86, 123.86, 124.86, 125.86, 126.86, 127.86, 128.86, 129.86, 130.86, 131.86, 132.86, 133.86, 134.86, 135.86, 136.86, 137.86, 138.86, 139.86, 140.86, 141.86, 142.86, 143.86, 144.86, 145.86, 146.86, 147.86, 148.86, 149.86, 150.86, 151.86, 152.86, 153.86, 154.86, 155.86, 156.86, 157.86, 158.86, 159.86, 160.86, 161.86, 162.86, 163.86, 164.86, 165.86, 166.86, 167.86, 168.86, 169.86, 170.86, 171.86, 172.86, 173.86, 174.86, 175.86, 176.86, 177.86, 178.86, 179.86, 180.86, 181.86, 182.86, 183.86, 184.86, 185.86, 186.86, 187.86, 188.86, 189.86, 190.86, 191.86, 192.86, 193.86, 194.86, 195.86, 196.86, 197.86, 198.86, 199.86, 200.86, 201.86, 202.86, 203.86, 204.86, 205.86, 206.86, 207.86, 208.86, 209.86, 210.86, 211.86, 212.86, 213.86, 214.86, 215.86, 216.86, 217.86, 218.86, 219.86, 220.86, 221.86, 222.86, 223.86, 224.86, 225.86, 226.86, 227.86, 228.86, 229.86, 230.86, 231.86, 232.86, 233.86, 234.86, 235.86, 236.86, 237.86, 238.86, 239.86, 240.86, 241.86, 242.86, 243.86, 244.86, 245.86, 246.86, 247.86, 248.86, 249.86, 250.86, 251.86, 252.86, 253.86, 254.86, 255.86, 256.86, 257.86, 258.86, 259.86, 260.86, 261.86, 262.86, 263.86, 264.86, 265.86, 266.86, 267.86, 268.86, 269.86, 270.86, 271.86, 272.86, 273.86, 274.86, 275.86, 276.86, 277.86, 278.86, 279.86, 280.86, 281.86, 282.86, 283.86, 284.86, 285.86, 286.86, 287.86, 288.86, 289.86, 290.86, 291.86, 292.86, 293.86, 294.86, 295.86, 296.86, 297.86, 298.86, 299.86, 300.86, 301.86, 302.86, 303.86, 304.86, 305.86, 306.86, 307.86, 308.86, 309.86, 310.86, 311.86, 312.86, 313.86, 314.86, 315.86, 316.86, 317.86, 318.86, 319.86, 320.86, 321.86, 322.86, 323.86, 324.86, 325.86, 326.86, 327.86, 328.86, 329.86, 330.86, 331.86, 332.86, 333.86, 334.86, 335.86, 336.86, 337.86, 338.86, 339.86, 340.86, 341.86, 342.86, 343.86, 344.86, 345.86, 346.86, 347.86, 348.86, 349.86, 350.86, 351.86, 352.86, 353.86, 354.86, 355.86, 356.86, 357.86, 358.86, 359.86, 360.86, 361.86, 362.86, 363.86, 364.86, 365.86, 366.86, 367.86, 368.86, 369.86, 370.86, 371.86, 372.86, 373.86, 374.86, 375.86, 376.86, 377.86, 378.86, 379.86, 380.86, 381.86, 382.86, 383.86, 384.86, 385.86, 386.86, 387.86, 388.86, 389.86, 390.86, 391.86, 392.86, 393.86, 394.86, 395.86, 396.86, 397.86, 398.86, 399.86, 400.86, 401.86, 402.86, 403.86, 404.86, 405.86, 406.86, 407.86, 408.86, 409.86, 410.86, 411.86, 412.86, 413.86, 414.86, 415.86, 416.86, 417.86, 418.86, 419.86, 420.86, 421.86, 422.86, 423.86, 424.86, 425.86, 426.86, 427.86, 428.86, 429.86, 430.86, 431.86, 432.86, 433.86, 434.86, 435.86, 436.86, 437.86, 438.86, 439.86, 440.86, 441.86, 442.86, 443.86, 444.86, 445.86, 446.86, 447.86, 448.86, 449.86, 450.86, 451.86, 452.86, 453.86, 454.86, 455.86, 456.86, 457.86, 458.86, 459.86, 460.86, 461.86, 462.86, 463.86, 464.86, 465.86, 466.86, 467.86, 468.86, 469.86, 470.86, 471.86, 472.86, 473.86, 474.86, 475.86, 476.86, 477.86, 478.86, 479.86, 480.86, 481.86, 482.86, 483.86, 484.86, 485.86, 486.86, 487.86, 488.86, 489.86, 490.86, 491.86, 492.86, 493.86, 494.86, 495.86, 496.86, 497.86, 498.86, 499.86, 500.86, 501.86, 502.86, 503.86, 504.86, 505.86, 506.86, 507.86, 508.86, 509.86, 510.86, 511.86, 512.86, 513.86, 514.86, 515.86, 516.86, 517.86, 518.86, 519.86, 520.86, 521.86, 522.86, 523.86, 524.86, 525.86, 526.86, 527.86, 528.86, 529.86, 530.86, 531.86, 532.86, 533.86, 534.86, 535.86, 536.86, 537.86, 538.86, 539.86, 540.86, 541.86, 542.86, 543.86, 544.86, 545.86, 546.86, 547.86, 548.86, 549.86, 550.86, 551.86, 552.86, 553.86, 554.86, 555.86, 556.86, 557.86, 558.86, 559.86, 560.86, 561.86, 562.86, 563.86, 564.86, 565.86, 566.86, 567.86, 568.86, 569.86, 570.86, 571.86, 572.86, 573.86, 574.86, 575.86, 576.86, 577.86, 578.86, 579.86, 580.86, 581.86, 582.86, 583.86, 584.86, 585.86, 586.86, 587.86, 588.86, 589.86, 590.86, 591.86, 592.86, 593.86, 594.86, 595.86, 596.86, 597.86, 598.86, 599.86, 600.86, 601.86, 602.86, 603.86, 604.86, 605.86, 606.86, 607.86, 608.86, 609.86, 610.86, 611.86, 612.86, 613.86, 614.86, 615.86, 616.86, 617.86, 618.86, 619.86, 620.86, 621.86, 622.86, 623.86, 624.86, 625.86, 626.86, 627.86, 628.86, 629.86, 630.86, 631.86, 632.86, 633.86, 634.86, 635.86, 636.86, 637.86, 638.86, 639.86, 640.86, 641.86, 642.86, 643.86, 644.86, 645.86, 646.86, 647.86, 648.86, 649.86, 650.86, 651.86, 652.86, 653.86, 654.86, 655.86, 656.86, 657.86, 658.86, 659.86, 660.86, 661.86, 662.86, 663.86, 664.86, 665.86, 666.86, 667.86, 668.86, 669.86, 670.86, 671.86, 672.86, 673.86, 674.86, 675.86, 676.86, 677.86, 678.86, 679.86, 680.86, 681.86, 682.86, 683.86, 684.86, 685.86, 686.86, 687.86, 688.86, 689.86, 690.86, 691.86, 692.86, 693.86, 694.86, 695.86, 696.86, 697.86, 698.86, 699.86, 700.86, 701.86, 702.86, 703.86, 704.86, 705.86, 706.86, 707.86, 708.86, 709.86, 710.86, 711.86, 712.86, 713.86, 714.86, 715.86, 716.86, 717.86, 718.86, 719.86, 720.86, 721.86, 722.86, 723.86, 724.86, 725.86, 726.86, 727.86, 728.86, 729.86, 730.86, 731.86, 732.86, 733.86, 734.86, 735.86, 736.86, 737.86, 738.86, 739.86, 740.86, 741.86, 742.86, 743.86, 744.86, 745.86, 746.86, 747.86, 748.86, 749.86, 750.86, 751.86, 752.86, 753.86, 754.86, 755.86, 756.86, 757.86, 758.86, 759.86, 760.86, 761.86, 762.86, 763.86, 764.86, 765.86, 766.86, 767.86, 768.86, 769.86, 770.86, 771.86, 772.86, 773.86, 774.86, 775.86, 776.86, 777.86, 778.86, 779.86, 780.86, 781.86, 782.86, 783.86, 784.86, 785.86, 786.86, 787.86, 788.86, 789.86, 790.86, 791.86, 792.86, 793.86, 794.86, 795.86, 796.86, 797.86, 798.86, 799.86, 800.86, 801.86, 802.86, 803.86, 804.86, 805.86, 806.86, 807.86, 808.86, 809.86, 810.86, 811.86, 812.86, 813.86, 814.86, 815.86, 816.86, 817.86, 818.86, 819.86, 820.86, 821.86, 822.86, 823.86, 824.86, 825.86, 826.86, 827.86, 828.86, 829.86, 830.86, 831.86, 832.86, 833.86, 834.86, 835.86, 836.86, 837.86, 838.86, 839.86, 840.86, 841.86, 842.86, 843.86, 844.86, 845.86, 846.86, 847.86, 848.86, 849.86, 850.86, 851.86, 852.86, 853.86, 854.86, 855.86, 856.86, 857.86, 858.86, 859.86, 860.86, 861.86, 862.86, 863.86, 864.86, 865.86, 866.86, 867.86, 868.86, 869.86, 870.86, 871.86, 872.86, 873.86, 874.86, 875.86, 876.86, 877.86, 878.86, 879.86, 880.86, 881.86, 882.86, 883.86, 884.86, 885.86, 886.86, 887.86, 888.86, 889.86, 890.86, 891.86, 892.86, 893.86, 894.86, 895.86, 896.86, 897.86, 898.86, 899.86, 900.86, 901.86, 902.86, 903.86, 904.86, 905.86, 906.86, 907.86, 908.86, 909.86, 910.86, 911.86, 912.86, 913.86, 914.86, 915.86, 916.86, 917.86, 918.86, 919.86, 920.86, 921.86, 922.86, 923.86, 924.86, 925.86, 926.86, 927.86, 928.86, 929.86, 930.86, 931.86, 932.86, 933.86, 934.86, 935.86, 936.86, 937.86, 938.86, 939.86, 940.86, 941.86, 942.86, 943.86, 944.86, 945.86, 946.86, 947.86, 948.86, 949.86, 950.86, 951.86, 952.86, 953.86, 954.86, 955.86, 956.86, 957.86, 958.86, 959.86, 960.86, 961.86, 962.86, 963.86, 964.86, 965.86, 966.86, 967.86, 968.86, 969.86, 970.86, 971.86, 972.86, 973.86, 974.86, 975.86, 976.86, 977.86, 978.86, 979.86, 980.86, 981.86, 982.86, 983.86, 984.86, 985.86, 986.86, 987.86, 988.86, 989.86, 990.86, 991.86, 992.86, 993.86, 994.86, 995.86, 996.86, 997.86, 998.86, 999.86, 1000.86, 1001.86, 1002.86, 1003.86, 1004.86, 1005.86, 1006.86, 1007.86, 1008.86, 1009.86, 1010.86, 1011.86, 1012.86, 1013.86, 1014.86, 1015.86, 1016.86, 1017.86, 1018.86, 1019.86, 1020.86, 1021.86, 1022.86, 1023.86, 1024.86, 1025.86, 1026.86, 1027.86, 1028.86, 1029.86, 1030.86, 1031.86, 1032.86, 1033.86, 1034.86, 1035.86, 1036.86, 1037.86, 1038.86, 1039.86, 1040.86, 1041.86, 1042.86, 1043.86, 1044.86, 1045.86, 1046.86, 1047.86, 1048.86, 1049.86, 1050.86, 1051.86, 1052.86, 1053.86, 1054.86, 1055.86, 1056.86, 1057.86, 1058.86, 1059.86, 1060.86, 1061.86, 1062.86, 1063.86, 1064.86, 1065.86, 1066.86, 1067.86, 1068.86, 1069.86, 1070.86, 1071.86, 1072.86, 1073.86, 1074.86, 1075.86, 1076.86, 1077.86, 1078.86, 1079.86, 1080.86, 1081.86, 1082.86, 1083.86, 1084.86, 1085.86, 1086.86, 1087.86, 1088.86, 1089.86, 1090.86, 1091.86, 1092.86, 1093.86, 1094.86, 1095.86, 1096.86, 1097.86, 1098.86, 1099.86, 1100.86, 1101.86, 1102.86, 1103.86, 1104.86, 1105.86, 1106.86, 1107.86, 1108.86, 1109.86, 1110.86, 1111.86, 1112.86, 1113.86, 1114.86, 1115.86, 1116.86, 1117.86, 1118.86, 1119.86, 1120.86, 1121.86, 1122.86, 1123.86, 1124.86, 1125.86, 1126.86, 1127.86, 1128.86, 1129.86, 1130.86, 1131.86, 1132.86, 1133.86, 1134.86, 1135.86, 1136.86, 1137.86, 1138.86, 1139.86, 1140.86, 1141.86, 1142.86, 1143.86, 1144.86, 1145.86, 1146.86, 1147.86, 1148.86, 1149.86, 1150.86, 1151.86, 1152.86, 1153.86, 1154.86, 1155.86, 1156.86, 1157.86, 1158.86, 1159.86, 1160.86, 1161.86, 1162.86, 1163.86, 1164.86, 1165.86, 1166.86, 1167.86, 1168.86, 1169.86, 1170.86, 1171.86, 1172.86, 1173.86, 1174.86, 1175.86, 1176.86, 1177.86, 1178.86, 1179.86, 1180.86, 1181.86, 1182.86, 1183.86, 1184.86, 1185.86, 1186.86, 1187.86, 1188.86, 1189.86, 1190.86, 1191.86, 1192.86, 1193.86, 1194.86, 1195.86, 1196.86, 1197.86, 1198.86, 1199.86, 1200.86, 1201.86, 1202.86, 1203.86, 1204.86, 1205.86, 1206.86, 1207.86, 1208.86, 1209.86, 1210.86, 1211.86, 1212.86, 1213.86, 1214.86, 1215.86, 1216.86, 1217.86, 1218.86, 1219.86, 1220.86, 1221.86, 1222.86, 1223.86, 1224.86, 1225.86, 1226.86, 1227.86, 1228.86, 1229.86, 1230.86, 1231.86, 1232.86, 1233.86, 1234.86, 1235.86, 1236.86, 1237.86, 1238.86, 1239.86, 1240.86, 1241.86, 1242.86, 1243.86, 1244.86, 1245.86, 1246.86, 1247.86, 1248.86, 1249.86, 1250.86, 1251.86, 1252.86, 1253.86, 1254.86, 1255.86, 1256.86, 1257.86, 1258.86, 1259.86, 1260.86, 1261.86, 1262.86, 1263.86, 1264.86, 1265.86, 1266.86, 1267.86, 1268.86, 1269.86, 1270.86, 1271.86, 1272.86, 1273.86, 1274.86, 1275.86, 1276.86, 1277.86, 1278.86, 1279.86, 1280.86, 1281.86, 1282.86, 1283.86, 1284.86, 1285.86, 1286.86, 1287.86, 1288.86, 1289.86, 1290.86, 1291.86, 1292.86, 1293.86, 1294.86, 1295.86, 1296.86, 1297.86, 1298.86, 1299.86, 1300.86, 1301.86, 1302.86, 1303.86, 1304.86, 1305.86, 1306.86, 1307.86, 1308.86, 1309.86, 1310.86, 1311.86, 1312.86, 1313.86, 1314.86, 1315.86, 1316.86, 1317.86, 1318.86, 1319.86, 1320.86, 1321.86, 1322.86, 1323.86, 1324.86, 1325.86, 1326.86, 1327.86, 1328.86, 1329.86, 1330.86, 1331.86, 1332.86, 1333.86, 1334.86, 1335.86, 1336.86, 1337.86, 1338.86, 1339.86, 1340.86, 1341.86, 1342.86, 1343.86, 1344.86, 1345.86, 1346.86, 1347.86, 1348.86, 1349.86, 1350.86, 1351.86, 1352.86, 1353.86, 1354.86, 1355.86, 1356.86, 1357.86, 1358.86, 1359.86, 1360.86, 1361.86, 1362.86, 1363.86, 1364.86, 1365.86, 1366.86, 1367.86, 1368.86, 1369.86, 1370.86, 1371.86, 1372.86, 1373.86, 1374.86, 1375.86, 1376.86, 1377.86, 1378.86, 1379.86, 1380.86, 1381.86, 1382.86, 1383.86, 1384.86, 1385.86, 1386.86, 1387.86, 1388.86, 1389.86, 1390.86, 1391.86, 1392.86, 1393.86, 1394.86, 1395.86, 1396.86, 1397.86, 1398.86, 1399.86, 1400.86, 1401.86, 1402.86, 1403.86, 1404.86, 1405.86, 1406.86, 1407.86, 1408.86, 1409.86, 1410.86, 1411.86, 1412.86, 1413.86, 1414.86, 1415.86, 1416.86, 1417.86, 1418.86, 1419.86, 1420.86, 1421.86, 1422.86, 1423.86, 1424.86, 1425.86, 1426.86, 1427.86, 1428.86, 1429.86, 1430.86, 1431.86, 1432.86, 1433.86, 1434.86, 1435.86, 1436.86, 1437.86, 1438.86, 1439.86, 1440.86, 1441.86, 1442.86, 1443.86, 1444.86, 1445.86, 1446.86, 1447.86, 1448.86, 1449.86, 1450.86, 1451.86, 1452.86, 1453.86, 1454.86, 1455.86, 1456.86, 1457.86, 1458.86, 1459.86, 1460.86, 1461.86, 1462.86, 1463.86, 1464.86, 1465.86, 1466.86, 1467.86, 1468.86, 1469.86, 1470.86, 1471.86, 1472.86, 1473.86, 1474.86, 1475.86, 1476.86, 1477.86, 1478.86, 1479.86, 1480.86, 1481.86, 1482.86, 1483.86, 1484.86, 1485.86, 1486.86, 1487.86, 1488.86, 1489.86, 1490.86, 1491.86, 1492.86, 1493.86, 1494.86, 1495.86, 1496.86, 1497.86, 1498.86, 1499.86, 1500.86, 1501.86, 1502.86, 1503.86, 1504.86, 1505.86, 1506.86, 1507.86, 1508.86, 1509.86, 1510.86, 1511.86, 1512.86, 1513.86, 1514.86, 1515.86, 1516.86, 1517.86, 1518.86, 1519.86, 1520.86, 1521.86, 1522.86, 1523.86, 1524.86, 1525.86, 1526.86, 1527.86, 1528.86, 1529.86, 1530.86, 1531.86, 1532.86, 1533.86, 1534.86, 1535.86, 1536.86, 1537.86, 1538.86, 1539.86, 1540.86, 1541.86, 1542.86, 1543.86, 1544.86, 1545.86, 1546.86, 1547.86, 1548.86, 1549.86, 1550.86, 1551.86, 1552.86, 1553.86, 1554.86, 1555.86, 1556.86, 1557.86, 1558.86, 1559.86, 1560.86, 1561.86, 1562.86, 1563.86, 1564.86, 1565.86, 1566.86, 1567.86, 1568.86, 1569.86, 1570.86, 1571.86, 1572.86, 1573.86, 1574.86, 1575.86, 1576.86, 1577.86, 1578.86, 1579.86, 1580.86, 1581.86, 1582.86, 1583.86, 1584.86, 1585.86, 1586.86, 1587.86, 1588.86, 1589.86, 1590.86, 1591.86, 1592.86, 1593.86, 1594.86, 1595.86, 1596.86, 1597.86, 1598.86, 1599.86, 1600.86, 1601.86, 1602.86, 1603.86, 1604.86, 1605.86, 1606.86, 1607.86, 1608.86, 1609.86, 1610.86, 1611.86, 1612.86, 1613.86, 1614.86, 1615.86, 1616.86, 1617.86, 1618.86, 1619.86, 1620.86, 1621.86, 1622.86, 1623.86, 1624.86, 1625.86, 1626.86, 1627.86, 1628.86, 1629.86, 1630.86, 1631.86, 1632.86, 1633.86, 1634.86, 1635.86, 1636.86, 1637.86, 1638.86, 1639.86, 1640.86, 1641.86, 1642.86, 1643.86, 1644.86, 1645.86, 1646.86, 1647.86, 1648.86, 1649.86, 1650.86, 1651.86, 1652.86, 1653.86, 1654.86, 1655.86, 1656.86, 1657.86, 1658.86, 1659.86, 1660.86, 1661.86, 1662.86, 1663.86, 1664.86, 1665.86, 1666.86, 1667.86, 1668.86, 1669.86, 1670.86, 1671.86, 1672.86, 1673.86, 1674.86, 1675.86, 1676.86, 1677.86, 1678.86, 1679.86, 1680.86, 1681.86, 1682.86, 1683.86, 1684.86, 1685.86, 1686.86, 1687.86, 1688.86, 1689.86, 1690.86, 1691.86, 1692.86, 1693.86, 1694.86, 1695.86, 1696.86, 1697.86, 1698.86, 1699.86, 1700.86, 1701.86, 1702.86, 1703.86, 1704.86, 1705.86, 1706.86, 1707.86, 1708.86, 1709.86, 1710.86, 1711.86, 1712.86, 1713.86, 1714.86, 1715.86, 1716.86, 1717.86, 1718.86, 1719.86, 1720.86, 1721.86, 1722.86, 1723.86, 1724.86, 1725.86, 1726.86, 1727.86, 1728.86, 1729.86, 1730.86, 1731.86, 1732.86, 1733.86, 1734.86, 1735.86, 1736.86, 1737.86, 1738.86, 1739.86, 1740.86, 1741.86, 1742.86, 1743.86, 1744.86, 1745.86, 1746.86, 1747.86, 1748.86, 1749.86, 1750.86, 1751.86, 1752.86, 1753.86, 1754.86, 1755.86, 1756.86, 1757.86, 1758.86, 1759.86, 1760.86, 1761.86, 1762.86, 1763.86, 1764.86, 1765.86, 1766.86, 1767.86, 1768.86, 1769.86, 1770.86, 1771.86, 1772.86, 1773.86, 1774.86, 1775.86, 1776.86, 1777.86, 1778.86, 1779.86, 1780.86, 1781.86, 1782.86, 1783.86, 1784.86, 1785.86, 1786.86, 1787.86, 1788.86, 1789.86, 1790.86, 1791.86, 1792.86, 1793.86, 1794.86, 1795.86, 1796.86, 1797.86, 1798.86, 1799.86, 1800.86, 1801.86, 1802.86, 1803.86, 1804.86, 1805.86, 1806.86, 1807.86, 1808.86, 1809.86, 1810.86, 1811.86, 1812.86, 1813.86, 1814.86, 1815.86, 1816.86, 1817.86, 1818.86, 1819.86, 1820.86, 1821.86, 1822.86, 1823.86, 1824.86, 1825.86, 1826.86, 1827.86, 1828.86, 1829.86, 1830.86, 1831.86, 1832.86, 1833.86, 1834.86, 1835.86, 1836.86, 1837.86, 1838.86, 1839.86, 1840.86, 1841.86, 1842.86, 1843.86, 1844.86, 1845.86, 1846.86, 1847.86, 1848.86, 1849.86, 1850.86, 1851.86, 1852.86, 1853.86, 1854.86, 1855.86, 1856.86, 1857.86, 1858.86, 1859.86, 1860.86, 1861.86, 1862.86, 1863.86, 1864.86, 1865.86, 1866.86, 1867.86, 1868.86, 1869.86, 1870.86, 1871.86, 1872.86, 1873.86, 1874.86, 1875.86, 1876.86, 1877.86, 1878.86, 1879.86, 1880.86, 1881.86, 1882.86, 1883.86, 1884.86, 1885.86, 1886.86, 1887.86, 1888.86, 1889.86, 1890.86, 1891.86, 1892.86, 1893.86, 1894.86, 1895.86, 1896.86, 1897.86, 1898.86, 1899.86, 1900.86, 1901.86, 1902.86, 1903.86, 1904.86, 1905.86, 1906.86, 1907.86, 1908.86, 1909.86, 1910.86, 1911.86, 1912.86, 1913.86, 1914.86, 1915.86, 1916.86, 1917.86, 1918.86, 1919.86, 1920.86, 1921.86, 1922.86, 1923.86, 1924.86, 1925.86, 1926.86, 1927.86, 1928.86, 1929.86, 1930.86, 1931.86, 1932.86, 1933.86, 1934.86, 1935.86, 1936.86, 1937.86, 1938.86, 1939.86, 1940.86, 1941.86, 1942.86, 1943.86, 1944.86, 1945.86, 1946.86, 1947.86, 1948.86, 1949.86, 1950.86, 1951.86, 1952.86, 1953.86, 1954.86, 1955.86, 1956.86, 1957.86, 1958.86, 1959.86, 1960.86, 1961.86, 1962.86, 1963.86, 1964.86, 1965.86, 1966.86, 1967.86, 1968.86, 1969.86, 1970.86, 1971.86, 1972.86, 1973.86, 1974.86, 1975.86, 1976.86, 1977.86, 1978.86, 1979.86, 1980.86, 1981.86, 1982.86, 1983.86, 1984.86, 1985.86, 1986.86, 1987.86, 1988.86, 1989.86, 1990.86, 1991.86, 1992.86, 1993.86, 1994.86, 1995.86, 1996.86, 1997.86, 1998.86, 1999.86, 2000.86, 2001.86, 2002.86, 2003.86, 2004.86, 2005.86, 2006.86, 2007.86, 2008.86, 2009.86, 2010.86, 2011.86, 2012.86, 2013.86, 2014.86, 2015.86, 2016.86, 2017.86, 2018.86, 2019.86, 2020.86, 2021.86, 2022.86, 2023.86, 2024.86, 2025.86, 2026.86, 2027.86, 2028.86, 2029.86, 2030.86, 2031.86, 2032.86, 2033.86, 2034.86, 2035.86, 2036.86, 2037.86, 2038.86, 2039.86, 2040.86, 2041.86, 2042.86, 2043.86, 2044.86, 2045.86, 2046.86, 2047.86, 2048.85986, 2049.85986, 2050.85986, 2051.85986, 2052.85986, 2053.85986, 2054.85986, 2055.85986, 2056.85986, 2057.85986, 2058.85986, 2059.85986, 2060.85986, 2061.85986, 2062.85986, 2063.85986, 2064.85986, 2065.85986, 2066.85986, 2067.85986, 2068.85986, 2069.85986, 2070.85986, 2071.85986, 2072.85986, 2073.85986, 2074.85986, 2075.85986, 2076.85986, 2077.85986, 2078.85986, 2079.85986, 2080.85986, 2081.85986, 2082.85986, 2083.85986, 2084.85986, 2085.85986, 2086.85986, 2087.85986, 2088.85986, 2089.85986, 2090.85986, 2091.85986, 2092.85986, 2093.85986, 2094.85986, 2095.85986, 2096.85986, 2097.85986, 2098.85986, 2099.85986, 2100.85986, 2101.85986, 2102.85986, 2103.85986, 2104.85986, 2105.85986, 2106.85986, 2107.85986, 2108.85986, 2109.85986, 2110.85986, 2111.85986, 2112.85986, 2113.85986, 2114.85986, 2115.85986, 2116.85986, 2117.85986, 2118.85986, 2119.85986, 2120.85986, 2121.85986, 2122.85986, 2123.85986, 2124.85986, 2125.85986, 2126.85986, 2127.85986, 2128.85986, 2129.85986, 2130.85986, 2131.85986, 2132.85986, 2133.85986, 2134.85986, 2135.85986, 2136.85986, 2137.85986, 2138.85986, 2139.85986, 2140.85986, 2141.85986, 2142.85986, 2143.85986, 2144.85986, 2145.85986, 2146.85986, 2147.85986, 2148.85986, 2149.85986, 2150.85986, 2151.85986, 2152.85986, 2153.85986, 2154.85986, 2155.85986, 2156.85986, 2157.85986, 2158.85986, 2159.85986, 2160.85986, 2161.85986, 2162.85986, 2163.85986, 2164.85986, 2165.85986, 2166.85986, 2167.85986, 2168.85986, 2169.85986, 2170.85986, 2171.85986, 2172.85986, 2173.85986, 2174.85986, 2175.85986, 2176.85986, 2177.85986, 2178.85986, 2179.85986, 2180.85986, 2181.85986, 2182.85986, 2183.85986, 2184.85986, 2185.85986, 2186.85986, 2187.85986, 2188.85986, 2189.85986, 2190.85986, 2191.85986, 2192.85986, 2193.85986, 2194.85986, 2195.85986, 2196.85986, 2197.85986, 2198.85986, 2199.85986, 2200.85986, 2201.85986, 2202.85986, 2203.85986, 2204.85986, 2205.85986, 2206.85986, 2207.85986, 2208.85986, 2209.85986, 2210.85986, 2211.85986, 2212.85986, 2213.85986, 2214.85986, 2215.85986, 2216.85986, 2217.85986, 2218.85986, 2219.85986, 2220.85986, 2221.85986, 2222.85986, 2223.85986, 2224.85986, 2225.85986, 2226.85986, 2227.85986, 2228.85986, 2229.85986, 2230.85986, 2231.85986, 2232.85986, 2233.85986, 2234.85986, 2235.85986, 2236.85986, 2237.85986, 2238.85986, 2239.85986, 2240.85986, 2241.85986, 2242.85986, 2243.85986, 2244.85986, 2245.85986, 2246.85986, 2247.85986, 2248.85986, 2249.85986, 2250.85986, 2251.85986, 2252.85986, 2253.85986, 2254.85986, 2255.85986, 2256.85986, 2257.85986, 2258.85986, 2259.85986, 2260.85986, 2261.85986, 2262.85986, 2263.85986, 2264.85986, 2265.85986, 2266.85986, 2267.85986, 2268.85986, 2269.85986, 2270.85986, 2271.85986, 2272.85986, 2273.85986, 2274.85986, 2275.85986, 2276.85986, 2277.85986, 2278.85986, 2279.85986, 2280.85986, 2281.85986, 2282.85986, 2283.85986, 2284.85986, 2285.85986, 2286.85986, 2287.85986, 2288.85986, 2289.85986, 2290.85986, 2291.85986, 2292.85986, 2293.85986, 2294.85986, 2295.85986, 2296.85986, 2297.85986, 2298.85986, 2299.85986, 2300.85986, 2301.85986, 2302.85986, 2303.85986, 2304.85986, 2305.85986, 2306.85986, 2307.85986, 2308.85986, 2309.85986, 2310.85986, 2311.85986, 2312.85986, 2313.85986, 2314.85986, 2315.85986, 2316.85986, 2317.85986, 2318.85986, 2319.85986, 2320.85986, 2321.85986, 2322.85986, 2323.85986, 2324.85986, 2325.85986, 2326.85986, 2327.85986, 2328.85986, 2329.85986, 2330.85986, 2331.85986, 2332.85986, 2333.85986, 2334.85986, 2335.85986, 2336.85986, 2337.85986, 2338.85986, 2339.85986, 2340.85986, 2341.85986, 2342.85986, 2343.85986, 2344.85986, 2345.85986, 2346.85986, 2347.85986, 2348.85986, 2349.85986, 2350.85986, 2351.85986, 2352.85986, 2353.85986, 2354.85986, 2355.85986, 2356.85986, 2357.85986, 2358.85986, 2359.85986, 2360.85986, 2361.85986, 2362.85986, 2363.85986, 2364.85986, 2365.85986, 2366.85986, 2367.85986, 2368.85986, 2369.85986, 2370.85986, 2371.85986, 2372.85986, 2373.85986, 2374.85986, 2375.85986, 2376.85986, 2377.85986, 2378.85986, 2379.85986, 2380.85986, 2381.85986, 2382.85986, 2383.85986, 2384.85986, 2385.85986, 2386.85986, 2387.85986, 2388.85986, 2389.85986, 2390.85986, 2391.85986, 2392.85986, 2393.85986, 2394.85986, 2395.85986, 2396.85986, 2397.85986, 2398.85986, 2399.85986, 2400.85986, 2401.85986, 2402.85986, 2403.85986, 2404.85986, 2405.85986, 2406.85986, 2407.85986, 2408.85986, 2409.85986, 2410.85986, 2411.85986, 2412.85986, 2413.85986, 2414.85986, 2415.85986, 2416.85986, 2417.85986, 2418.85986, 2419.85986, 2420.85986, 2421.85986, 2422.85986, 2423.85986, 2424.85986, 2425.85986, 2426.85986, 2427.85986, 2428.85986, 2429.85986, 2430.85986, 2431.85986, 2432.85986, 2433.85986, 2434.85986, 2435.85986, 2436.85986, 2437.85986, 2438.85986, 2439.85986, 2440.85986, 2441.85986, 2442.85986, 2443.85986, 2444.85986, 2445.85986, 2446.85986, 2447.85986, 2448.85986, 2449.85986, 2450.85986, 2451.85986, 2452.85986, 2453.85986, 2454.85986, 2455.85986, 2456.85986, 2457.85986, 2458.85986, 2459.85986, 2460.85986, 2461.85986, 2462.85986, 2463.85986, 2464.85986, 2465.85986, 2466.85986, 2467.85986, 2468.85986, 2469.85986, 2470.85986, 2471.85986, 2472.85986, 2473.85986, 2474.85986, 2475.85986, 2476.85986, 2477.85986, 2478.85986, 2479.85986, 2480.85986, 2481.85986, 2482.85986, 2483.85986, 2484.85986, 2485.85986, 2486.85986, 2487.85986, 2488.85986, 2489.85986, 2490.85986, 2491.85986, 2492.85986, 2493.85986, 2494.85986, 2495.85986, 2496.85986, 2497.85986, 2498.85986, 2499.85986, 2500.85986, 2501.85986, 2502.85986, 2503.85986, 2504.85986, 2505.85986, 2506.85986, 2507.85986, 2508.85986, 2509.85986, 2510.85986, 2511.85986, 2512.85986, 2513.85986, 2514.85986, 2515.85986, 2516.85986, 2517.85986, 2518.85986, 2519.85986, 2520.85986, 2521.85986, 2522.85986, 2523.85986, 2524.85986, 2525.85986, 2526.85986, 2527.85986, 2528.85986, 2529.85986, 2530.85986, 2531.85986, 2532.85986, 2533.85986, 2534.85986, 2535.85986, 2536.85986, 2537.85986, 2538.85986, 2539.85986, 2540.85986, 2541.85986, 2542.85986, 2543.85986, 2544.85986, 2545.85986, 2546.85986, 2547.85986, 2548.85986, 2549.85986, 2550.85986, 2551.85986, 2552.85986, 2553.85986, 2554.85986, 2555.85986, 2556.85986, 2557.85986, 2558.85986, 2559.85986, 2560.85986, 2561.85986, 2562.85986, 2563.85986, 2564.85986, 2565.85986, 2566.85986, 2567.85986, 2568.85986, 2569.85986, 2570.85986, 2571.85986, 2572.85986, 2573.85986, 2574.85986, 2575.85986, 2576.85986, 2577.85986, 2578.85986, 2579.85986, 2580.85986, 2581.85986, 2582.85986, 2583.85986, 2584.85986, 2585.85986, 2586.85986, 2587.85986, 2588.85986, 2589.85986, 2590.85986, 2591.85986, 2592.85986, 2593.85986, 2594.85986, 2595.85986, 2596.85986, 2597.85986, 2598.85986, 2599.85986, 2600.85986, 2601.85986, 2602.85986, 2603.85986, 2604.85986, 2605.85986, 2606.85986, 2607.85986, 2608.85986, 2609.85986, 2610.85986, 2611.85986, 2612.85986, 2613.85986, 2614.85986, 2615.85986, 2616.85986, 2617.85986, 2618.85986, 2619.85986, 2620.85986, 2621.85986, 2622.85986, 2623.85986, 2624.85986, 2625.85986, 2626.85986, 2627.85986, 2628.85986, 2629.85986, 2630.85986, 2631.85986, 2632.85986, 2633.85986, 2634.85986, 2635.85986, 2636.85986, 2637.85986, 2638.85986, 2639.85986, 2640.85986, 2641.85986, 2642.85986, 2643.85986, 2644.85986, 2645.85986, 2646.85986, 2647.85986, 2648.85986, 2649.85986, 2650.85986, 2651.85986, 2652.85986, 2653.85986, 2654.85986, 2655.85986, 2656.85986, 2657.85986, 2658.85986, 2659.85986, 2660.85986, 2661.85986, 2662.85986, 2663.85986, 2664.85986, 2665.85986, 2666.85986, 2667.85986, 2668.85986, 2669.85986, 2670.85986, 2671.85986, 2672.85986, 2673.85986, 2674.85986, 2675.85986, 2676.85986, 2677.85986, 2678.85986, 2679.85986, 2680.85986, 2681.85986, 2682.85986, 2683.85986, 2684.85986, 2685.85986, 2686.85986, 2687.85986, 2688.85986, 2689.85986, 2690.85986, 2691.85986, 2692.85986, 2693.85986, 2694.85986, 2695.85986, 2696.85986, 2697.85986, 2698.85986, 2699.85986, 2700.85986, 2701.85986, 2702.85986, 2703.85986, 2704.85986, 2705.85986, 2706.85986, 2707.85986, 2708.85986, 2709.85986, 2710.85986, 2711.85986, 2712.85986, 2713.85986, 2714.85986, 2715.85986, 2716.85986, 2717.85986, 2718.85986, 2719.85986, 2720.85986, 2721.85986, 2722.85986, 2723.85986, 2724.85986, 2725.85986, 2726.85986, 2727.85986, 2728.85986, 2729.85986, 2730.85986, 2731.85986, 2732.85986, 2733.85986, 2734.85986, 2735.85986, 2736.85986, 2737.85986, 2738.85986, 2739.85986, 2740.85986, 2741.85986, 2742.85986, 2743.85986, 2744.85986, 2745.85986, 2746.85986, 2747.85986, 2748.85986, 2749.85986, 2750.85986, 2751.85986, 2752.85986, 2753.85986, 2754.85986, 2755.85986, 2756.85986, 2757.85986, 2758.85986, 2759.85986, 2760.85986, 2761.85986, 2762.85986, 2763.85986, 2764.85986, 2765.85986, 2766.85986, 2767.85986, 2768.85986, 2769.85986, 2770.85986, 2771.85986, 2772.85986, 2773.85986, 2774.85986, 2775.85986, 2776.85986, 2777.85986, 2778.85986, 2779.85986, 2780.85986, 2781.85986, 2782.85986, 2783.85986, 2784.85986, 2785.85986, 2786.85986, 2787.85986, 2788.85986, 2789.85986, 2790.85986, 2791.85986, 2792.85986, 2793.85986, 2794.85986, 2795.85986, 2796.85986, 2797.85986, 2798.85986, 2799.85986, 2800.85986, 2801.85986, 2802.85986, 2803.85986, 2804.85986, 2805.85986, 2806.85986, 2807.85986, 2808.85986, 2809.85986, 2810.85986, 2811.85986, 2812.85986, 2813.85986, 2814.85986, 2815.85986, 2816.85986, 2817.85986, 2818.85986, 2819.85986, 2820.85986, 2821.85986, 2822.85986, 2823.85986, 2824.85986, 2825.85986, 2826.85986, 2827.85986, 2828.85986, 2829.85986, 2830.85986, 2831.85986, 2832.85986, 2833.85986, 2834.85986, 2835.85986, 2836.85986, 2837.85986, 2838.85986, 2839.85986, 2840.85986, 2841.85986, 2842.85986, 2843.85986, 2844.85986, 2845.85986, 2846.85986, 2847.85986, 2848.85986, 2849.85986, 2850.85986, 2851.85986, 2852.85986, 2853.85986, 2854.85986, 2855.85986, 2856.85986, 2857.85986, 2858.85986, 2859.85986, 2860.85986, 2861.85986, 2862.85986, 2863.85986, 2864.85986, 2865.85986, 2866.85986, 2867.85986, 2868.85986, 2869.85986, 2870.85986, 2871.85986, 2872.85986, 2873.85986, 2874.85986, 2875.85986, 2876.85986, 2877.85986, 2878.85986, 2879.85986, 2880.85986, 2881.85986, 2882.85986, 2883.85986, 2884.85986, 2885.85986, 2886.85986, 2887.85986, 2888.85986, 2889.85986, 2890.85986, 2891.85986, 2892.85986, 2893.85986, 2894.85986, 2895.85986, 2896.85986, 2897.85986, 2898.85986, 2899.85986, 2900.85986, 2901.85986, 2902.85986, 2903.85986, 2904.85986, 2905.85986, 2906.85986, 2907.85986, 2908.85986, 2909.85986, 2910.85986, 2911.85986, 2912.85986, 2913.85986, 2914.85986, 2915.85986, 2916.85986, 2917.85986, 2918.85986, 2919.85986, 2920.85986, 2921.85986, 2922.85986, 2923.85986, 2924.85986, 2925.85986, 2926.85986, 2927.85986, 2928.85986, 2929.85986, 2930.85986, 2931.85986, 2932.85986, 2933.85986, 2934.85986, 2935.85986, 2936.85986, 2937.85986, 2938.85986, 2939.85986, 2940.85986, 2941.85986, 2942.85986, 2943.85986, 2944.85986, 2945.85986, 2946.85986, 2947.85986, 2948.85986, 2949.85986, 2950.85986, 2951.85986, 2952.85986, 2953.85986, 2954.85986, 2955.85986, 2956.85986, 2957.85986, 2958.85986, 2959.85986, 2960.85986, 2961.85986, 2962.85986, 2963.85986, 2964.85986, 2965.85986, 2966.85986, 2967.85986, 2968.85986, 2969.85986, 2970.85986, 2971.85986, 2972.85986, 2973.85986, 2974.85986, 2975.85986, 2976.85986, 2977.85986, 2978.85986, 2979.85986, 2980.85986, 2981.85986, 2982.85986, 2983.85986, 2984.85986, 2985.85986, 2986.85986, 2987.85986, 2988.85986, 2989.85986, 2990.85986, 2991.85986, 2992.85986, 2993.85986, 2994.85986, 2995.85986, 2996.85986, 2997.85986, 2998.85986, 2999.85986, 3000.85986, 3001.85986, 3002.85986, 3003.85986, 3004.85986, 3005.85986, 3006.85986, 3007.85986, 3008.85986, 3009.85986, 3010.85986, 3011.85986, 3012.85986, 3013.85986, 3014.85986, 3015.85986, 3016.85986, 3017.85986, 3018.85986, 3019.85986, 3020.85986, 3021.85986, 3022.85986, 3023.85986, 3024.85986, 3025.85986, 3026.85986, 3027.85986, 3028.85986, 3029.85986, 3030.85986, 3031.85986, 3032.85986, 3033.85986, 3034.85986, 3035.85986, 3036.85986, 3037.85986, 3038.85986, 3039.85986, 3040.85986, 3041.85986, 3042.85986, 3043.85986, 3044.85986, 3045.85986, 3046.85986, 3047.85986, 3048.85986, 3049.85986, 3050.85986, 3051.85986, 3052.85986, 3053.85986, 3054.85986, 3055.85986, 3056.85986, 3057.85986, 3058.85986, 3059.85986, 3060.85986, 3061.85986, 3062.85986, 3063.85986, 3064.85986, 3065.85986, 3066.85986, 3067.85986, 3068.85986, 3069.85986, 3070.85986, 3071.85986, 3072.85986, 3073.85986, 3074.85986, 3075.85986, 3076.85986, 3077.85986, 3078.85986, 3079.85986, 3080.85986, 3081.85986, 3082.85986, 3083.85986, 3084.85986, 3085.85986, 3086.85986, 3087.85986, 3088.85986, 3089.85986, 3090.85986, 3091.85986, 3092.85986, 3093.85986, 3094.85986, 3095.85986, 3096.85986, 3097.85986, 3098.85986, 3099.85986, 3100.85986, 3101.85986, 3102.85986, 3103.85986, 3104.85986, 3105.85986, 3106.85986, 3107.85986, 3108.85986, 3109.85986, 3110.85986, 3111.85986, 3112.85986],
    "velocity": [0.0118598845, 0.0263094474, 0.0232281741, 0.0230063051, 0.00378595362, 0.009241494, 0.0295481384, 0.0353942141, 0.0152199706, 0.0256754868, 0.00407217443, 0.047751043, 0.0261531267, 0, 0.02272882, 0.0104918554, 0.018891139, 0.0432928652, 0.0704514757, 0, 0.0262369178, 0, 0, 0.009996201, 0.08933984, 0.03530536, 0.02967919, 0.0446414053, 0.0295709763, 0.03127253, 0.0812950358, 0.0177737437, 0.0178899579, 0.0527774654, 0.0308300313, 0, 0.011737315, 0.00593453739, 0.0144534381, 0.01220523, 0.0247487333, 0.0133359563, 0.00546538737, 0.01698392, 0.006879803, 0.00699757366, 0.006644594, 0.00718097, 0.0146368053, 0.00676389644, 0.007674043, 0.0494951867, 0.01036319, 0.00581363356, 0.0352140777, 0.0169855766, 0.0305188075, 0.0109691983, 0.0356676169, 0.0227855872, 0.0261606909, 0, 0.03055364, 0.0223766472, 0.00379591435, 0.00515707675, 0.0564169958, 0, 0.0094425315, 0.0353175029, 0.04931377, 0.0111756446, 0.0493725538, 0.0201657526, 0.01581582, 0.0124846576, 0.0019276028, 0.00361722033, 0.0484302342, 0.2518609, 0.02422437, 0.0257793013, 0.02351934, 0.0143736005, 0.004999423, 0.009409099, 0.00374463713, 0.00112330576, 0, 0.00635357434, 0.007426789, 0.0216464438, 0.009847684, 0.00589583069, 0.00281364121, 0.0985168442, 0.0362827219, 0.0145034315, 0.005744312, 0.0157102719, 0.007208298, 0.00295510772, 0.00670604734, 0.0146387871, 0.0385205746, 0.05635739, 0.009099932, 0, 0.009407356, 0.0248826779, 0.0237118378, 0.0116302464, 0.0307659563, 0.00927557051, 0, 0.0383011736, 0.0437247865, 0.014017703, 0.00517695257, 0.008874451, 0.0121513279, 0.01063616, 0.008788052, 0.00454022549, 0.0174573082, 0, 0.005332456, 0.008735372, 0.018266499, 0.00708950358, 0.0139507353, 0, 0, 0, 0.00610589376, 0.00746691041, 0.008940974, 0, 0.0223896634, 0.02120738, 0.04867865, 0.0250466466, 0.0146009624, 0.00345526426, 0.0254057273, 0, 0, 0.00584454369, 0.013484396, 0.01506638, 0.0105612408, 0, 0.0133320391, 0.004520426, 0.0111303385, 0.009340077, 0, 0.0129209952, 0.009321214, 0, 0.0156634226, 0.009351487, 0.0159882586, 0.00748216873, 0.018634472, 0.00668386929, 0.01754006, 0.0136214169, 0.0205010436, 0.01578631, 0.00672533875, 0.0147860469, 0, 0, 0.0827617049, 0.03699306, 0.0202461854, 0.0173878241, 0.001848955, 0.0244354866, 0.07121315, 0.0567689426, 0.07815624, 0.03891105, 0.0837311745, 0.0189288966, 0.0146484254, 0.009549741, 0.0254712831, 0.01345784, 0.0194944963, 0.197966337, 0, 0.012020451, 0.0155120417, 0.013380534, 0.00885826349, 0.00375492754, 0.007034169, 0.0161158238, 0.09123111, 0.0162263177, 0.0357826948, 0.06987052, 0.0145431571, 0.0115503445, 0.03435244, 0.0151935434, 0.01871323, 0.00269708922, 0.0146677345, 0.003522393, 0.0241692662, 0.005759854, 0.008479975, 0.0169344284, 0.0224349219, 0.00762501452, 0.0286221653, 0.0158252511, 0.007504855, 0.0362433828, 0.00763939973, 0.0113944588, 0.0118580274, 0.0430099629, 0.00875004, 0.008951515, 0.00712421862, 0.00691227568, 0.013757905, 0.0130315172, 0.0260599256, 0, 0.00420411024, 0.009040823, 0.042045176, 0.0216233935, 0.0153720584, 0.010811667, 0.0122910282, 0, 0.03129149, 0.00735482061, 0.0369578339, 0.1413863, 0.0176971424, 0.01699534, 0, 0.0122582866, 0.0172560625, 0.00459536631, 0.0246142447, 0.06297511, 0.251335651, 0.0458105356, 0.023148261, 0.04133814, 0.004328281, 0.0168735124, 0, 0.01126233, 0.0175685082, 0.0282697212, 0.0144380732, 0.004581725, 0.0174348969, 0.02891799, 0.0410094559, 0, 0.03306961, 0.0359640159, 0.07777496, 0.01498028, 0, 0, 0.0200710632, 0.006633034, 0.02138045, 0.0174916, 0.00645091152, 0.008212951, 0.01239605, 0.0234547723, 0.020786183, 0.08800897, 0.0166821852, 0.0265005957, 0.0411485061, 0.04876831, 0.0144781806, 0.0223459136, 0.08370658, 0.0193059258, 0.0292814169, 0.0115900049, 0.007943493, 0, 0.009563439, 0.0120447744, 0.009574538, 0, 0.00722094625, 0.04030736, 0.008276694, 0.00462540844, 0.0173801128, 0.02062888, 0.0159703512, 0.01964457, 0.001341121, 0.009360845, 0.0111382054, 0.01920655, 0, 0.0108356159, 0.05457698, 0.128802, 0.00460895663, 0, 0.116327979, 0.00476226956, 0.0102567468, 0.00197028415, 0.0235384926, 0.06218297, 0.03409943, 0.0203116015, 0.0125333695, 0.0203558076, 0, 0.007644681, 0.009897128, 0.009157155, 0.00404578773, 0.0158728939, 0.00660535553, 0.0196525156, 0.00493596774, 0.015550877, 0.07150042, 0.0134375012, 0.0802548751, 0.0623092838, 0.1629118, 0.0240238179, 0.0239729583, 0.0193419512, 0.193969578, 0.01410338, 0.0397803225, 0.03853149, 0.0326628573, 0.09928388, 0.0428368635, 0.0139833884, 0.0538420342, 0.06294072, 0.029235037, 0.00371217984, 0.0103710545, 0.152101174, 0.04356811, 0.00748232426, 0.177284479, 0.02358923, 0.00140233722, 0.0300945081, 0.2090997, 0.08075347, 0.06449715, 0.0253513176, 0.00669619441, 0.08365497, 0.222630247, 0.2066721, 0.0236452036, 0.0301622618, 0.115858115, 0.0166087486, 0.0217273738, 0.006262888, 0.0114272889, 0.00771442, 0.008275593, 0.0260250382, 0.06294375, 0.03599537, 0.009642452, 0.08826153, 0.0267120078, 0.04120615, 0.0408594981, 0.03821832, 0.055246748, 0.113965832, 0.08435518, 0.012922354, 0.0132047562, 0.00945442, 0.0516099036, 0.131545857, 0.0226483, 0.04262912, 0.0425429456, 0.034585923, 0.05768012, 0.0186469257, 0.0140665323, 0.02103153, 0.00676544476, 0.012141549, 0.00348222419, 0.00780541124, 0, 0.0251561254, 0.004848567, 0, 0.0227307677, 0.0273716673, 0.125991836, 0.0100212209, 0.0277965423, 0.006643012, 0.00927544, 0.0162436552, 0.0163115654, 0.008004659, 0.0173984375, 0.0124263037, 0, 0.006575838, 0.039952416, 0.00378516829, 0.0140085677, 0.0165718347, 0.0157754812, 0.028586071, 0.0170700233, 0.029946981, 0.00636351341, 0.0483454578, 0.0500993468, 0.0285315737, 0.01841422, 0.0168982279, 0.05851299, 0.0136734908, 0.0156427454, 0.0219196361, 0.03391403, 0.0270620659, 0.03346843, 0.03354768, 0.0125885205, 0.03156431, 0.223960519, 0.137595356, 0.11935892, 0.0386404134, 0.0541995466, 0.00154568464, 0.05789274, 0.09792006, 0.0187451933, 0.0234428328, 0.057085894, 0.012338005, 0.14056313, 0.389919817, 0.260451734, 0.3639113, 1.20841336, 0.407554865, 0.922710657, 0, 0.8087103, 0.782724142, 0.493770927, 0, 0.4229654, 1.03454518, 0.4419977, 0.4658682, 0.44771263, 1.35642564, 0.499633849, 0.8063597, 1.354087, 0.463231385, 0.432945043, 0.485601485, 0.4641906, 0.815608442, 1.00082755, 0.507829, 0.4225537, 1.087514, 1.33231235, 0.8649051, 0.7085892, 0.8190142, 0.432026267, 0.9521858, 0.462554544, 1.29857874, 0, 0.4774933, 0.418131858, 0, 0.9313957, 0.9067446, 0.826359451, 0.6964872, 0.11455936, 0.0105604362, 0.06659222, 0.009579926, 0.007534178, 0.00321052223, 0.0160849616, 0.0105764978, 0.0204969551, 0.0148359034, 0.0175154153, 0.008762427, 0.00731401239, 0.0184693877, 0, 0.00444484456, 0.00647309748, 0, 0.04309276, 0.0136606619, 0.0243372787, 0, 0.015377542, 0.0119889285, 0.0193436723, 0.0145554543, 0.009972784, 0.0169346351, 0.0191368051, 0.0216474421, 0.0110371066, 0.0807717, 0.00379034947, 0.0355785862, 0.0138486335, 0.0288160034, 0.02487564, 0.009530908, 0.02076748, 0.001713009, 0.0431221724, 0, 0.009813758, 0.0181797575, 0.0202213861, 0.00509033445, 0.041184172, 0.0175216757, 0.005337715, 0.0428528935, 0.09030436, 0.0202404074, 0.01103179, 0.0323104523, 0.014818674, 0.0124856718, 0.0250526089, 0.03404211, 0.04041297, 0.0209867675, 0.0323719829, 0.009646684, 0.0122844633, 0.07020653, 0.007913074, 0.0103551717, 0.0245004017, 0.0102807423, 0.0235930141, 0.101499096, 0.0130284838, 0.0321767, 0.0129067935, 0.0165239032, 0.070011586, 0.0257544983, 0.0422633067, 0.104112983, 0.7987449, 0.5306131, 0.5315868, 1.21946216, 0.472018749, 0.461938232, 0.487871349, 1.11887109, 1.11350644, 1.0591265, 0.5114028, 0.5534207, 1.219706, 0.9435181, 1.19320416, 1.13478553, 1.06406033, 0.9306326, 0.5391754, 0.928506, 0.5254323, 0.8308771, 0.4819201, 0.817206, 0.426695079, 0.490679, 1.5577085, 0.464892864, 1.11796284, 0.49879548, 0.53654784, 1.03048086, 0.9379547, 0.499242216, 0.5341691, 0.440414667, 0.4677601, 0.485764027, 1.03223288, 0.8856009, 0.5214863, 0.438036442, 0.688847661, 0, 0.777681351, 0.818627238, 0.882197738, 0.535721362, 0.472102463, 0.88693285, 0.478512526, 0.94819, 0.7647435, 1.10392129, 0.96464, 0.8863914, 0.5278267, 0.45640713, 0.5311197, 0.830225646, 0.56052345, 0.5544677, 1.138889, 0.462376863, 1.049577, 0, 1.02182019, 0.957035661, 1.74054837, 0.528519452, 1.037883, 0.398486346, 1.26106608, 0.539594054, 0.9550647, 0.5944046, 1.11574459, 0.6042492, 0.527170658, 1.62309229, 0.656005859, 1.28368616, 1.21970165, 0.108246207, 0.282743335, 0.244744852, 0.020566009, 0.05360531, 0.174606428, 0.120084994, 0.203842074, 0.03000045, 0.08141824, 0.0171763711, 0.0316347778, 0.0744189247, 0.0591176338, 0.06900264, 0.052953437, 0.07801631, 0.0138818594, 0.0450590737, 0.009363509, 0.008306196, 0.00814225, 0.0168118086, 0.0157418065, 0.00557899475, 0, 0.05403581, 0.010871999, 0, 0.0115646534, 0.0158840157, 0.2428342, 0.007494549, 0.0566329, 0.0193574782, 0.0174082126, 0.017393792, 0.0181774758, 0, 0.0129047744, 0.0123271635, 0, 0.00495954, 0, 0.0275133625, 0.0103526954, 0.0240724422, 0.00596305076, 0, 0.0295863934, 0.0102351364, 0.0245717447, 0.05824736, 0.0112731662, 0.0103203459, 0.0199376252, 0.0500359163, 0.0221768524, 0.02206943, 0.02438427, 0.007999654, 0.0467374623, 0.0175859854, 0.0151316188, 0.08997656, 0.03060941, 0.0453357622, 0.199483812, 0.428256124, 0.0131536424, 0.1744366, 0.05144036, 0.00457465556, 0.0259294212, 0.0103431083, 0.0182832442, 0.008889601, 0.0102586569, 0.0144000137, 0.0180578772, 0.0264178161, 0.06304074, 0.04345117, 0.00609923, 0.0296220779, 0, 0.009993124, 0.004322747, 0.04890802, 0.007138079, 0.0161338057, 0, 0.0130113, 0.0101967435, 0.022533685, 0.06904102, 0.0369771942, 0.0315324441, 0, 0.04450427, 0.02382511, 0.008748064, 0.0057123797, 0.0123515455, 0.0119928829, 0.0100508789, 0.0183510557, 0.0200987849, 0.0143620549, 0.0144222751, 0.0425143056, 0.006836089, 0.004825488, 0.010282007, 0, 0.00816576649, 0.00760312332, 0.0395911448, 0.0265582558, 0.0308749862, 0.005065273, 0.0166519824, 0.08355189, 0, 0.06481004, 0.157857358, 0.3106837, 0.151887119, 0.01185164, 0.269104958, 0.0459468439, 0.0846916661, 0.006565824, 0.0200728085, 0.159761608, 0.08117388, 0.314330727, 0.5885709, 0.645575, 0.235426158, 0.411753118, 1.16801023, 0.598457932, 0.4192026, 0.413367957, 0.7978663, 0.548761845, 0.371726453, 0.3886153, 0.645384431, 0.662036538, 0.488126576, 0.460504323, 0.3741901, 0.47792834, 0.1787946, 0.33511433, 0.2726123, 0.4188814, 0, 0.176007569, 0.0228189584, 0.0476528071, 0.009532719, 0.03125285, 0.00689887162, 0.0160446856, 0.0178358816, 0.0244676489, 0.0190644991, 0.01126507, 0.0695774555, 0.0119276568, 0.008330181, 0.01031254, 0.0192875862, 0.0145849837, 0.01943282, 0.0498641171, 0.121489033, 0.0238411427, 0.677510262, 1.28858531, 1.09614778, 1.55018055, 2.19811869, 1.64120793, 2.03563857, 0.569279969, 0.5498889, 1.92438328, 1.87669778, 1.6555326, 1.5349884, 0.870675147, 0.5218265, 1.25129223, 1.68380308, 0.491043717, 0.5675167, 1.68182635, 1.0291177, 1.052913, 0.227119341, 0.892521441, 1.03140652, 0.5089694, 1.10168064, 1.94492269, 1.86084831, 1.21924627, 1.760958, 1.16345632, 1.28614628, 1.19012177, 0.563485742, 0, 1.61590827, 1.0639106, 1.21696484, 0.5725892, 1.08288682, 0.626435161, 1.69778335, 0.629144251, 0, 0.6086863, 0.5524335, 0.6040849, 0.552468359, 0, 1.3154856, 0.632845044, 0.582504332, 0.53491205, 1.18291914, 1.20442283, 2.49367929, 2.36002374, 0.5065717, 0.7280025, 0.6057514, 0.561527967, 0.5877026, 1.09368241, 0.6066382, 1.23329711, 1.33400881, 0.6337545, 1.16057038, 0, 0.5624072, 2.44796872, 0.5269272, 0.5293707, 0.5751224, 1.19498169, 1.114164, 0.9485289, 0.5995683, 0.5463413, 0.563973546, 1.00887322, 0.576197743, 1.67512393, 1.74502265, 0.5542284, 1.01226985, 0.525240839, 1.79944766, 0.5708668, 0.585811853, 0.7892666, 0.6204206, 0.220724359, 0.1582938, 0.0989298, 0.05345829, 0.44691503, 0.298093975, 0.3636908, 0.400672734, 1.26252091, 1.14280319, 0.425043672, 0.04808056, 0.0160792954, 0.008862321, 0.0118267881, 0.01239094, 0.05534146, 0.212999508, 0.0850824043, 0.3009716, 0.09479467, 0.2303236, 0.0944445953, 0.012406853, 0.04688533, 0.0585463159, 0.04935174, 0.011430027, 0.00854493, 0.0121419048, 0.0275136735, 0.0252806246, 0.0177234076, 0.0634500161, 0.0180216376, 0.0106781246, 0.0307721477, 0.0217579566, 0.0185852945, 0.0267330483, 0.0444408581, 0.0196507256, 0.047246255, 0.113158166, 0.12966159, 0.184579343, 0.0733384043, 0.06355602, 0.08658907, 0.0179045219, 0.0117787523, 0, 0.00708105229, 0, 0.0217099525, 0, 0.0487067141, 0.09698122, 0.155160144, 0.0108786579, 0.028163394, 0.009250013, 0.0137525275, 0.0264658984, 0.013905691, 0.01426938, 0.0139194438, 0.0105017247, 0.01507359, 0.0330966823, 0.0201679934, 0.0173437726, 0.029646175, 0.0272456128, 0.01413656, 0.008622716, 0.013866798, 0.0226836819, 0.008673461, 0.008502439, 0.038237, 0, 0.00517120026, 0.0163897332, 0.01097882, 0, 0.00982087851, 0.00456247758, 0.005969021, 0.03743556, 0.0160508566, 0.0169572961, 0.0217330251, 0.009010916, 0.0354424976, 0.0632377043, 0.0095176585, 0.0230597053, 0.0216299482, 0.01665462, 0.04571642, 0.0223900639, 0.003430293, 0.00542448135, 0.006422638, 0.0032639245, 0.009022326, 0.030379748, 0.05715013, 0, 0.01457906, 0, 0.0101381037, 0.0153301219, 0.0122212209, 0.00367692555, 0.0112895733, 0.0125266938, 0.004410587, 0.01497993, 0.00728891464, 0.0350110233, 0.0124161905, 0.0146485865, 0.00662795361, 0.00558058638, 0.04988814, 0, 0, 0.009618759, 0.00599850528, 0.03880192, 0.0538581349, 0.146524131, 0.0374945141, 0.0079753, 0.04476304, 0.04177097, 0.0644717, 0.0293094181, 0.0152068175, 0.0188203435, 0.0416245162, 0.02156028, 0.0114015276, 0, 0.0184118934, 0.0120695774, 0.0120552322, 0.00231359713, 0.00762515562, 0.0262776334, 0.004493637, 0.00518032955, 0.00336442771, 0.0138568794, 0.0184420366, 0, 0, 0.0228575, 0.0172386132, 0.005116093, 0.0075758067, 0, 0.0245038811, 0.01367695, 0.0303713549, 0.0222109854, 0.008412043, 0.0125757745, 0.0244628061, 0.0117050614, 0.0115952548, 0.02687519, 0.0289371274, 0.02469187, 0.07402338, 0.05173589, 0, 0.04291779, 0.03777656, 0.0125262318, 0.0443494357, 0.0352520347, 0.0272526871, 0.0308032483, 0.197807163, 0.00360487914, 0.03702506, 0.0173156261, 0.0045984704, 0.00558676152, 0.0405436344, 0.0348819159, 0.0247324947, 0.0141158747, 0.02727127, 0.02665032, 0.0155114746, 0.02443663, 0.0248245317, 0.07289767, 0.113283388, 0.188377753, 0.0181606244, 0.0185546428, 0.02150298, 0.115882762, 0.0443734862, 0.06946619, 0.02565753, 0.0865723342, 0.0478109829, 0.2676245, 0.09251784, 0.0221006032, 0.0261455439, 0.0354907922, 0.0122481072, 0.0206100419, 0.005367864, 0.0217370167, 0.008749994, 0, 0.0258346759, 0, 0.01918136, 0.11818067, 0.0524984226, 0, 0.01524493, 0.01905824, 0.00874850247, 0, 0.0329687558, 0, 0, 0.03117969, 0.006527819, 0.03932351, 0, 0.01711831, 0.0167007335, 0.0341975577, 0.0293701515, 0, 0, 0.01343721, 0.113321148, 0.01334335, 0, 0.008861686, 0.126747519, 0, 0.00554558355, 0.0385222733, 0.07451951, 0.0113561666, 0.0537996851, 0.0178229269, 0.0314576775, 0, 0, 0.0281901229, 0.0155715374, 0.028804088, 0.0508200079, 0.0179487914, 0.052121453, 0.0383207873, 0.0472661369, 0.02450129, 0.0480482019, 0.0130950492, 0.0588728935, 0, 0.0430216864, 0.0113103194, 0.0126428874, 0, 0.0458294228, 0, 0.00551864645, 0.0472323559, 0.005899222, 0.0144259017, 0, 0.0322096162, 0.0105586005, 0.008728335, 0.03283044, 0, 0.009776071, 0.00842457451, 0, 0.0334212966, 0.0210984927, 0.01740277, 0, 0, 0.0217723828, 0.422498465, 0.0158572756, 0.0370162763, 0.04787175, 0.0671066, 0.0340428539, 0, 0.05712362, 0, 0.0466715135, 0.0292463787, 0.0142513206, 0.17400828, 0.0517447367, 0.0298592784, 0.0134364534, 0.0361832157, 0.0462565161, 0, 0.0259926282, 0.0161622874, 0, 0.0168355871, 0.0181987435, 0, 0.0302147046, 0.0154804019, 0.08157728, 0, 0.0172879938, 0.05196877, 0.0185290817, 0.0499092676, 0, 0.09393926, 0.0178171787, 0.08402203, 0.00715060253, 0.0197099447, 0.0147558041, 0.153423548, 0.124207646, 0.0264612213, 0, 0.00722236373, 0.0437177829, 0.0256842356, 0, 0.1745366, 0.0446434245, 0.0155322514, 0.0258275922, 0.008611718, 0.03227582, 0.0846708342, 0.279051155, 0.07910542, 0.169841573, 0.2750767, 0.02641942, 0.117068589, 0.0408913232, 0.0461021625, 0.0232861768, 0.0235724673, 0, 0.0226876047, 0.134697288, 0.02463074, 0.11294426, 0.039396774, 0.00609738939, 0.005162093, 0.0158778988, 0.02289883, 0.0277999714, 0.010539094, 0.0181500111, 0.0122765107, 0.0163192, 0.0208573211, 0.004499989, 0, 0.012353, 0.0043057045, 0, 0.0148529522, 0.01569675, 0.00779993646, 0, 0.03323757, 0.04153763, 0.0196838416, 0.0335642323, 0, 0.0202268828, 0.009438578, 0.007976404, 0.0136370873, 0.01418209, 0.0114620291, 0.0547954552, 0.0542122722, 0.0361888967, 0.0352227353, 0.0351802744, 0.109508395, 0.809145451, 0, 0.7148641, 0.477221847, 1.22841585, 0.408465236, 1.73232281, 0, 0.45243597, 0.3586008, 0.10361328, 0.04133305, 0.0156405456, 0.08231025, 0.0399804637, 0, 0.0109643778, 0.005488924, 0, 0.06846817, 0, 0.0389396772, 0.0221556742, 0.00522721559, 0.052796375, 0.0606827028, 0.0096261045, 0.001220266, 0.0394124836, 0.0251726042, 0, 0.0529205166, 0.0177017413, 0, 0.0204555411, 0, 0.1012787, 0, 0.05551381, 0.015441142, 0.0194321722, 0.0190868359, 0.008187605, 0.0117675764, 0.0283024665, 0.0314246975, 0.0560229942, 0.0410885736, 0.009181383, 0.01869479, 0.0516416, 0.00356346578, 0.0174307022, 0, 0.0360295251, 0.02392235, 0.0407076553, 0.05982016, 0.0133953318, 0, 0.06852493, 0, 0.008684921, 0.0235159211, 0.018781133, 0.0077754166, 0.0129284281, 0.0118315686, 0.0184536837, 0.008284094, 0.006893939, 0.0320336223, 0.00683037, 0.0226850118, 0.00337309646, 0, 0.00729966862, 0.0401819162, 0.0175564662, 0.07899347, 0.0177879129, 0, 0.06462853, 0.02008511, 0.032658007, 0.017132733, 0.0199891236, 0.0150589142, 0.02679783, 0.0169541948, 0.109173626, 0, 0, 0.0175116789, 0.0148384226, 0, 0.0153484279, 0.0357825533, 0, 0, 0, 0.0131880231, 0.007052096, 0, 0.06687298, 0.0498197228, 0.0534367934, 0.006844316, 0, 0.0126707051, 0.05635436, 0.0201374, 0, 0.0184223764, 0, 0.0247678962, 0, 0, 0.2114164, 0, 0.1224863, 0.09597596, 0, 0, 0.6416763, 1.36105859, 0.6226414, 0.6522702, 0.455876529, 0.338708729, 0.345265, 0, 0.03841337, 0.106346145, 0.483509719, 0.07918597, 0, 0, 0, 0.1486105, 0, 0, 0.0244706124, 0, 0.05347987, 0.0454389565, 0.02479032, 0.015305249, 0.0412243344, 0.09526291, 0, 0.0538253337, 0.04958213, 0.0128204534, 0.04898916, 0.0374731421, 0.0278445, 0.0174498353, 0.03314792, 0.0123850377, 0.0476187058, 0.0583361723, 0, 0.0681101158, 0.0436214879, 0, 0.40705204, 0.07125213, 0, 0.0258000419, 0.008189099, 0.018529918, 0.08579785, 0.04967183, 0, 0, 0.0349569321, 0.0170382243, 0.00969320349, 0, 0.0702315643, 0.02406716, 0.0283158328, 0.0349917822, 0, 0.03395501, 0.0200381689, 0, 0, 0.007732944, 0.0287557673, 0.0272257, 0.02475176, 0.0486363545, 0.0169748366, 0.00729560852, 0.001081196, 0.02550821, 0.0147443023, 0.108567804, 0.0142886862, 0.0570808537, 0.06590448, 0, 0.0869113, 0.100030243, 0, 0.0636409745, 0.128730834, 0.283056825, 0.0475661233, 0.0247526038, 0.0452788845, 0.0191070046, 0.0560394749, 0.06113964, 0.0172528271, 0.01890016, 0.0126338685, 0.0371267051, 0.6233542, 0, 0, 0.372745872, 1.07069135, 1.37239456, 0.481753856, 1.22593462, 1.37017512, 1.3388958, 0.717257559, 0.4471531, 1.51748955, 0, 0, 1.37317884, 1.0595547, 0.431634128, 1.54976845, 0.474616677, 0.390706837, 0.456065923, 0.5020538, 1.26497209, 2.06171441, 0.919188857, 0.334705979, 1.38085008, 1.42260909, 0.647443533, 1.336514, 1.02103114, 1.44721723, 0.439586133, 2.05271387, 1.20799148, 1.8386873, 0.408707142, 1.17365289, 0.8569646, 0.4438102, 0.9518729, 0.299011052, 0.418756366, 0.162750155, 0.769130051, 0.853874564, 0.2693904, 0, 0.7528324, 0, 1.06879544, 0.329238355, 1.35202909, 0, 0.363417745, 0.09498178, 0, 0.603016853, 0, 0.7418836, 0.838592, 0.240548566, 0.708178, 0.549404263, 1.04026163, 0, 0, 0.4234717, 0.8742522, 0.6906089, 0, 0.715244651, 0.916073561, 0, 0.437829852, 0.763753951, 0.857177556, 0.406656742, 0.7162486, 1.005351, 0.8667309, 0.725553632, 0.8646567, 0.7887221, 1.7567507, 0, 0.634375155, 1.38335085, 1.28700483, 1.25957286, 0.692518, 0.9102296, 1.20089388, 0.649534345, 0.8240412, 0, 1.58629775, 0.419487119, 0.362825751, 0.371790141, 0.8812336, 0.679256737, 0.9155745, 0.274920255, 0.00409796136, 0.00515669445, 0.0595177375, 0.119271971, 0.0802350044, 0.0335909054, 0.0472965166, 0.0111463685, 0.0358778425, 0.07974969, 0.050464645, 0.04832161, 0.4663909, 0.255264223, 0.2555574, 1.221695, 1.38732481, 0.593841851, 0.5769034, 1.08075488, 1.16383755, 0.936660945, 1.42283916, 0.722679555, 0.5759871, 0.58158946, 0.688057244, 0.6976859, 0, 0.7212946, 0.8328383, 0.469038129, 0.9090993, 0.593718767, 0.4879789, 0.1989439, 0.5887913, 0.371406525, 0.129397124, 0.503196061, 0.7341502, 1.2848767, 0.844080865, 1.23242855, 0.5129316, 0.213341787, 0.22796014, 0.14276439, 0.009056031, 0.0338813253, 0.006453573, 0.0136873135, 0.0213226825, 0.0262948219, 0.04647609, 0.0162296444, 0.1147325, 0, 0.05270011, 0.0999850854, 0, 0.0121722389, 0.01691978, 0.0385776274, 0.009208471, 0.0809412748, 0.122944653, 0.243065342, 0.07606656, 0.0324471667, 0.01396871, 0.0493966155, 0.0451305471, 0.05767911, 0.06468836, 0.0216085389, 0.06540059, 0.04074057, 0.017216051, 0.0474419035, 0.01671837, 0.00672771456, 0, 0.00593662262, 0.0171586946, 0.0200373232, 0.00954271853, 0.0242338888, 0.0145652993, 0.03460205, 0.00394314341, 0.05173118, 0.0088093, 0.059015248, 0.0739798546, 0.02280409, 0.25545162, 0.0331458636, 0.0474267341, 0.0274725668, 0.008923928, 0.06857078, 0.0337776951, 0.02910802, 0.0251899157, 0.0301700141, 0.008547882, 0.0213674456, 0.07505621, 0.0235514753, 0.0519479066, 0.016184302, 0, 0.04464394, 0.0551458821, 0.0292898566, 0.0484047644, 0.0391265973, 0, 0.05491598, 0.0456703268, 0.0511013344, 0.03522948, 0.0575054325, 0.0140707623, 0.0240195468, 0.00578778, 0.00316653284, 0.0188499466, 0.02068644, 0.06477622, 0, 0.03987732, 0.0689173043, 0.120176055, 0.0310848877, 0.06123169, 0.07666693, 0.0344368741, 0.00520282658, 0.0453448333, 0.00252738455, 0.00671703927, 0.0167391319, 0.259395033, 0.113365956, 0.0252399724, 0.09334919, 0.0166000184, 0.068533726, 0.0169718154, 0.0157723632, 0.0124110682, 0.0112640867, 0.009020011, 0.08132709, 0.049426768, 0.031405244, 0.0210788883, 0.105965376, 0.03885616, 0.0640737861, 0.0573479421, 0.0121914912, 0.0125690363, 0.084298715, 0.0339915119, 0.146649212, 0.0245428737, 0, 0.198411882, 0.1078778, 0.0241051912, 0.024040835, 0.0332146026, 0.05470622, 0.144375026, 0.007194261, 0.00316307, 0, 0.0219773743, 0.0143196424, 0.07257886, 0.177311778, 0.0309808645, 0.0285575, 0.04048544, 0.0131066935, 0, 0.06517073, 0.1414946, 0.01687831, 0.009466397, 0, 0.0305223372, 0.0518156849, 0.169097409, 0.0470961146, 0.01793418, 0.05347867, 0.0552386157, 0.0235472042, 0.05345489, 0.02908063, 0.006165325, 0.0354685858, 0.0182773471, 0.0034748842, 0.008703494, 0.009050445, 0.00704753771, 0.0107274847, 0.0199827924, 0.124649838, 0, 0.00697832974, 0.0130414311, 0, 0.0325171128, 0.0201413985, 0.365787327, 0, 0.07733379, 0.05820172, 0, 0.073603414, 0.158813685, 0.112825193, 0.08859729, 0.02346135, 0.009720851, 0.0275326427, 0.00374644017, 0, 0.055443164, 0.004077463, 0, 0, 0.07938505, 0.0261289682, 0.0120038316, 0.009551469, 0.00957179349, 0, 0.016994128, 0.00266779237, 0.005528603, 0.0178864356, 0.0170951448, 0, 0.04212828, 0.0255880039, 0.0255731083, 0.01889752, 0.111233361, 0, 0.09599315, 0.0381896533, 0.01947025, 0, 0.0291510988, 0.025173841, 0.111221142, 0.0166431181, 0.06072826, 0.0268193781, 0.0402991734, 0.05348644, 0, 0.0728952959, 0, 0.08213908, 0.0141784362, 0.0222297758, 0.009277343, 0.01479284, 0.011069404, 0.0140482374, 0.0228998046, 0.0168545749, 0.006657388, 0.0308888126, 0.0122169228, 0.0112843541, 0.0137554975, 0.0100188944, 0.0622576922, 0.0172147844, 0.0121283382, 0.02515701, 0.0378089547, 0.161697358, 0.0205808859, 0.0519064851, 0.0221046861, 0.0502322353, 0.126104191, 0.2007901, 0.0623988, 0.0375647433, 0.09348723, 0.08694196, 0.0482010245, 0.0426572226, 0.08777474, 0.120340943, 0.0140499817, 0.0315769278, 0.0240364745, 0.8853652, 0.882557869, 0.971903, 0.510936856, 0, 0, 0.38866964, 0.3681831, 1.24647331, 0, 0.5635086, 0.831343651, 0, 0.284795672, 0.1026758, 0, 0.009843703, 0.09380416, 0.233640566, 0.402415127, 0.449968338, 0.438666165, 0.3234249, 0.322511584, 0.766561747, 0.7783588, 0.7080325, 0.31351465, 0.927925944, 0.8015223, 1.32819128, 0.7247366, 0.997026742, 0, 0.281183928, 1.189721, 0.625707567, 1.224728, 1.144671, 1.35346639, 0.9826937, 0.7168168, 0.303912133, 0.3501591, 0.050929796, 0, 0.0249690637, 0.00625877175, 0.0360864177, 0.005286687, 0.02393172, 0.0572245531, 0.06338956, 0, 0, 0.008443419, 0.0566691831, 0.152715281, 0.0326551236, 0, 0.03037187, 0.0169463847, 0.08048764, 0.143800318, 0.07202046, 0.123124361, 0.00541770831, 0.056085214, 0.101775244, 0, 0.0180315748, 0.03415694, 0.0139726922, 0.0371214375, 0.0224200431, 0.05056527, 0, 0.0241413061, 0.3157198, 0.1175133, 0.07797772, 0.0188356657, 0.0518171936, 0.02989577, 0.172889277, 0.0483429134, 0.0611649379, 0.031677682, 0.019920405, 0, 0.0113327354, 0.0909188539, 0.0360371061, 0.04207968, 0.041301053, 0.0238707922, 0.04283363, 0.0219494067, 0.03605385, 0.04103207, 0.06427139, 0.03760541, 0.202946678, 0.236559153, 0.177837238, 0.109274127, 0.2113187, 0.0228446834, 0.05168593, 0.0271235518, 0.0339459851, 0.150880352, 0.140769511, 0.149900034, 0.08943815, 0.0314374529, 0.03618381, 0.09978597, 0.0102805486, 0.0424466245, 0.0111105172, 0.01855544, 0.00616601342, 0.008091528, 0.0373432934, 0.03536728, 0.03800767, 0.0402359925, 0, 0.03722223, 0, 0.0307692736, 0, 0, 0.017207399, 0, 0.019434873, 0.03972624, 0.06553269, 0.04422289, 0.0133410059, 0.0230390429, 0.013090794, 0.027134154, 0.0427583158, 0.01640867, 0.110473752, 0.0177631453, 0.00891771, 0.03182568, 0.005954179, 0.05025459, 0.00382667384, 0.0191812757, 0.008269861, 0.01856955, 0.010857325, 0, 0.0057694586, 0.0126299439, 0.0197971929, 0.0169397425, 0.0171490964, 0.05311562, 0.026919065, 0.0230951849, 0.0740773156, 0.04545518, 0.0131762894, 0.0134179434, 0.03966702, 0, 0.005072226, 0.011926393, 0.0519228056, 0.0119425645, 0.0114623625, 0.0152333062, 0.0373029374, 0.0116291214, 0.0127986148, 0.0166847073, 0.006491305, 0.0172843523, 0.032458283, 0.187337235, 0.03853653, 0.0146265868, 0.008416251, 0.0146500524, 0.0407572277, 0.06504026, 0.0422121659, 0.0134261809, 0.11137785, 0.01039145, 0.03189656, 0.00521134166, 0.0161259286, 0.112774804, 0.240957633, 0.0146566937, 0.0369722, 0, 0.03830053, 0.0201337021, 0.102332972, 0.181692734, 0.0606197529, 0.440652, 0.117562763, 0.1657468, 0.028073119, 0.08574335, 0.04756554, 0.082709454, 0.08798779, 0.0299780834, 0, 0.154781163, 0.09695136, 0.0512298159, 0.0369364545, 0, 0.08531523, 0.0454628654, 0.03548755, 0.00619917, 0, 0.010737747, 0, 0.106322683, 0.0118991127, 0.07689227, 0.04852467, 0.0145626822, 0.0250471886, 0.03725346, 0.00761890039, 0.0618592277, 0.1801587, 0.03940833, 0.100737117, 0.0411178619, 0, 0, 0.08930867, 0.124632314, 0, 0.0407969952, 0.0487848, 0.023196118, 0, 0.403903723, 0.0115720052, 0.21753116, 0.0456185341, 0.680412769, 0.0321505852, 0.3595176, 0.124732353, 0.10898307, 0.03909644, 0.0154565088, 0.0104639009, 0.0413673, 0.0160068125, 0.00644338364, 0.00754877273, 0.03268837, 0.0433116, 0.137804538, 0.2160745, 0.04512445, 0.109096922, 0.01918332, 0.01780465, 0.029041633, 0.0247779433, 0.01814427, 0.0570325255, 0.0067819925, 0.0258833263, 0.0101292143, 0.07132403, 0.000895975, 0.02496389, 0.0336868577, 0.01054173, 0.04440515, 0.205751508, 0.027499713, 0.0376834124, 0.0155327832, 0.0205755252, 0.0390096456, 0.0292279329, 0.0144967977, 0.0162450038, 0.0145572126, 0.0571191274, 0.0281529073, 0.121570535, 0.01616112, 0.009106194, 0.05614573, 0.502335668, 0, 0.104890011, 0, 0.00869514, 0, 0.130749926, 0.04979896, 0, 0.02924922, 0.0113196252, 0.00735595, 0.0197870079, 0.0179439262, 0.019596938, 0.0129945464, 0.039910268, 0.0496920571, 0.015418591, 0.0348538235, 0.0181134939, 0.0126777962, 0.009200742, 0.0623693056, 0.0216200836, 0.0230125673, 0.0268270615, 0.0172118582, 0.0493595973, 0.0075687007, 0.0109446868, 0.0333512276, 0.0187399462, 0.05644094, 0.079636775, 0.0373031646, 0, 0.0100685572, 0.0076981145, 0.01454351, 0.06412397, 0, 0, 0.0125456443, 0.0131883034, 0, 0.04002376, 0.0195024, 0.11211995, 0.0429091565, 0.06569932, 0.04050939, 0.0446159653, 0.045258034, 0.026636513, 0.03825962, 0.0254661776, 0.0320337, 0.00403908454, 0.0198208671, 0.006325466, 0.501463532, 0.0780032054, 0.0809276849, 0.0331320874, 0.016605068, 0.0114014447, 0.0105855837, 0.1132429, 0.008958989, 0.0109990276, 0.0113078561, 0.013669611, 0.007695834, 0, 0, 0, 0.014160539, 0.0427717268, 0.0823420361, 0.301502049, 0.0275899787, 0.06599026, 0.0288883932, 0.00496518146, 0.0306475963, 0.0182277337, 0.0143135013, 0.1116194, 0.01951473, 0.09630118, 0.0484039076, 0.0105433678, 0.134631783, 0, 0.0298050214, 0, 0.0125198821, 0.0204510335, 0.0255410951, 0.0137257157, 0.0234686621, 0.008959505, 0.03555856, 0, 0.00650865259, 0.08538665, 0.00695423549, 0.006682369, 0, 0.0431041159, 0.0294223353, 0.007778461, 0.0164517649, 0.01648396, 0.0960344747, 0.0502099171, 0, 0, 0.0257263277, 0.0189251844, 0.006868742, 0.0197412968, 0.00705855945, 0, 0.0247925315, 0.0143062677, 0.0505601428, 0.00775326043, 0.0171626434, 0.05077726, 0.0473570451, 0.0226704925, 0.008015014, 0, 0.00311920862, 0.040977437, 0.03829107, 0.0469595827, 0.00746234972, 0.0185761862, 0.0148760257, 0, 0, 0.0156288855, 0, 0.024506893, 0.0169336386, 0, 0.0211094245, 0.008399519, 0.004381671, 0.0304073337, 0, 0, 0.00812414847, 0.011666188, 0.0644880161, 0.0226230118, 0.3265772, 0.0146803148, 0.0238229427, 0, 0.00451767072, 0.0160593856, 0, 0.01999293, 0, 0.0165208429, 0, 0.510838449, 0.672645032, 0, 0.640008569, 0.226195976, 0.5916302, 0.280686826, 0.2636045, 1.21398854, 1.13896883, 0.9104712, 0.284122646, 0.6683756, 1.4117173, 1.39292157, 0.252926946, 0, 1.47625637, 1.5454464, 0.8577669, 0.706904054, 1.68734157, 0, 0.753613651, 1.7307092, 0, 0.972856343, 0, 0.3052146, 0.744039834, 1.03932631, 0.5609308, 1.22965145, 1.27941513, 0.5149424, 0, 0.8413056, 0.956409633, 0.409119546, 0, 0.8618459, 0.6981702, 0.6164216, 0, 0.8500993, 0.9703821, 0.895509958, 0.643687963, 0, 1.05503058, 0.742921948, 0.402386248, 0.8235852, 1.37053478, 0.340659, 0.6824559, 0.7691212, 0, 1.07232416, 1.5122726, 0.247474954, 0.202010483, 0.103525519, 0.352507561, 0.467321426, 1.06552577, 0.6011753, 1.58825171, 0.925923, 1.15948272, 2.14692068, 1.65883207, 1.02182019, 1.145134, 1.01619184, 1.07523656, 1.30585754, 0.6391634, 0.466442317, 0.750129759, 0.47359997, 0.8055539, 0.9498169, 0.6840395, 0.5094235, 1.43426692, 1.36418772, 0.8096792, 1.79522419, 0.490250915, 0.8023441, 0.52044934, 0.37120232, 0.436948717, 1.32949984, 1.27810311, 0.860177, 0, 0.915505648, 1.09777522, 1.09707451, 0.93810606, 1.04719055, 0.774083555, 0.4632362, 1.46686935, 0.7174069, 0.9845687, 0.4548994, 0, 0.9334541, 1.31457973, 1.32649577, 1.38033414, 1.37781024, 0.9035364, 1.44043136, 1.47437561, 0.6056969, 0.80500114, 1.93869293, 0.835890055, 0.9798761, 1.28265989, 0.2863379, 1.40613282, 0.790907443, 0.3217484, 0.5694883, 1.36791682, 1.58045256, 0.591921, 0.9573296, 0.6702952, 0.378504723, 0.201873362, 0.512898862, 0.143278837, 0.147234425, 0.250853539, 0.31733954, 0.0316827, 0.0392406136, 0.03937234, 0.0729891062, 0.0398335755, 0.08631793, 0.190653563, 0.0188845322, 0, 0.0138650611, 0.0120240757, 0.0119097726, 0.0395363048, 0, 0.09982912, 0.09092898, 0.0203308333, 0, 0, 0.013817504, 0.00517121051, 0, 0, 0, 0.0538748354, 0.00706605427, 0.0313801, 0.0381308757, 0.225730926, 0.0184136741, 0.009057027, 0.02276088, 0.128228739, 0.05300884, 0.0325649939, 0, 0.0180110857, 0.0319700241, 0, 0.0254660472, 0.026024837, 0, 0.177669361, 0.04046502, 0.3722877, 0.06904652, 0.169425815, 0.0214628149, 0.04480101, 0.0250230487, 0.008846583, 0.05734534, 0.00120738766, 0.0231087711, 0.02066088, 0.0219377019, 0.0171113145, 0.0264295377, 0.0195255075, 0.01200447, 0, 0.00837972853, 0.0283029377, 0.006397622, 0.230376214, 0.139582574, 0.01494187, 0.0421522446, 0.265774578, 0.327849567, 0.321267247, 1.82405078, 1.28179443, 1.56172717, 0.3366883, 0.616283357, 0, 0.856981158, 0.401533484, 1.01577675, 0.298425943, 0.08471545, 0, 0.614377856, 0, 0.6309953, 0.5786856, 1.35106575, 1.3409611, 0, 1.69070554, 1.46790063, 1.31859434, 0.4360526, 0, 0.5892785, 1.63755882, 1.874366, 3.04607987, 4.077797, 0.981988, 0.9051523, 1.932323, 2.43376541, 1.29698384, 0, 0, 1.54346645, 2.11756921, 1.60885274, 3.521166, 0, 1.41232038, 2.35497665, 1.30004847, 1.36297679, 2.55579162, 0, 0.712986767, 0.7370573, 0, 1.3944068, 2.15958643, 2.08283973, 0, 1.446718, 2.55725861, 0, 1.689271, 1.99525392, 1.46259785, 0.698481441, 0.8341375, 0, 4.925704, 0.749899447, 0, 0.764355838, 1.44220543, 1.804369, 0.7661664, 0.824945331, 0.7802096, 2.23973918, 1.1915834, 0.8093224, 2.61186051, 0, 0, 1.732234, 0, 0, 0, 0, 1.63990057, 0.7413672, 0, 1.25665438, 0.711257339, 1.52146876, 1.61493206, 2.35751915, 2.080884, 1.47559345, 0, 0.870044947, 0, 1.50968122, 0, 0, 0, 0.9836488, 0, 0, 2.89367318, 1.64134765, 1.07275558, 0, 2.66012478, 0.914621651, 0, 0, 0, 2.860258, 0.8453114, 1.97465885, 1.74157977, 0.883405745, 0, 0, 2.60104537, 1.72373343, 0, 0.9223573, 1.86506844, 0.9274484, 2.62405849, 0, 2.57039261, 0, 0.770519555, 1.520065, 1.45430207, 0, 0.81885916, 0.667817235, 1.62886047, 1.17659259, 0.6641268, 0, 1.77700973, 0.0762470439, 0.0241462346, 0, 0.0119527457, 0.01956201, 0.0543822721, 0.1201444, 0.05480647, 0.01099237, 0, 0.05585136, 0.0159100946, 0.028506618, 0.210261956, 0, 0, 0, 0.070178926, 0, 0.0323632844, 0, 0.0217994936, 0, 0.0232532937, 0, 0.0329064131, 0, 0, 0.0376819968, 0, 0.01978438, 0, 0.0324156769, 0.014885881, 0, 0.0700271055, 0.0185820069, 0.0155077726, 0, 0.04433796, 0, 0.0125236334, 0.01634891, 0, 0, 0.0221695062, 0, 0.008988293, 0.0219239332, 0, 0, 0.005557979, 0.00760480575, 0.02816219, 0, 0, 0.0264436621, 0.008069263, 0, 0.026810728, 0.02515634, 0.0226290282, 0.00440197159, 0.0183885843, 0.021613881, 0.01162664, 0.00954687, 0.007149537, 0.0278523918, 0.0221959166, 0.06037168, 0.05823648, 0.005378757, 0.131952584, 0.0477108881, 0.174144015, 0.0597432144, 0.06931592, 0.0331819057, 0.05012738, 0, 0, 0.0137235736, 0.00857844, 0.0414129458, 0.0206047874, 0.363385767, 0.0377382375, 0.009061945, 0, 0.0119644562, 0.0279076174, 0.00581003167, 0.009025742, 0, 0.0116239823, 0.01789393, 0.00273922086, 0, 0, 0, 0.0132128, 0.00731350668, 0.0511244237, 0, 0.04476709, 0.0330531076, 0.0373808481, 0.0437809639, 0, 0.01259798, 0.0177778415, 0.265628517, 0.0393973142, 0.0731318444, 0, 0, 0, 0.015989285, 0.0425971746, 1.45469344, 0.0838688, 0.0150778592, 0, 0, 2.54949975, 0, 0.23033762, 0.0414198972, 0.0965087, 0, 0, 0, 0.09331114, 0.177054644, 0.07248659, 0, 0.06934915, 0, 0.214642972, 0, 0.181413591, 0.1556528, 0.191124529, 0.08070908, 0, 0, 0, 0.267740339, 0.13328363, 0, 0.0437047221, 0.0205138233, 0.0697710738, 0, 0, 0.0311133228, 0.0100576477, 0.0406626724, 0.0546477064, 0.0127276452, 0.0666404441, 0, 0.04556807, 0.0177867021, 0.008598949, 0.0374789238, 0.054203108, 0, 0, 0, 0, 0, 0.0696172342, 0.0332426727, 0, 0.02775008, 0.0600253344, 0.0300622, 0, 0.6329772, 1.37447655, 2.15077519, 3.065085, 1.25786972, 1.03050339, 2.80689526, 1.77041686, 0, 0, 1.83650839, 0.797530353, 0, 0.619545937, 0, 1.55001819, 2.77892041, 0.7046103, 0.9679362, 1.46079159, 0, 1.71009719, 0.787080348, 1.54848111, 0, 2.147699, 0, 2.89078355, 1.35898113, 2.82341552, 2.087009, 0, 1.40777743, 0.879970849, 1.88562334, 4.60087442, 2.980921, 1.73409235, 2.50153422, 1.83232725, 1.71994925, 1.73871911, 1.63659453, 0.8469445, 0.8101048, 3.05485964, 0, 0.8401232, 1.53154743, 0.7633139, 1.9280591, 0.8569734, 1.58531868, 0.7665587, 1.44785964, 2.145578, 0, 0.794680059, 0.9105448, 0.07420307, 0, 0, 0, 0.6810616, 0.6667498, 0.881763935, 1.962563, 2.03749847, 2.20720339, 0, 2.551419, 0, 0.770462036, 1.50257182, 1.27876818, 0.864202559, 2.62240386, 0, 0.813732147, 0.713276744, 1.60118961, 0.164499357, 0, 0.0101695238, 0, 0.09518765, 0.05200396, 0.05202832, 0, 0, 0.02515374, 0.0375839248, 0.0264829025, 0.0108896494, 0, 0.0141425543, 0.003377833, 0.00590912672, 0.01210103, 0, 0.0202331319, 0.017816877, 0, 0.07628635, 0, 0, 0.174520478, 0, 0, 0.04119931]
}