{
    "participant": [{
        "position": [0.09275293, 0.186032057, 0.914490163],
        "rotation": [3.673625, 350.125732, 0],
        "scale": [1.05982614, 1.0598259, 1.00000012],
        "time": "16:58:41",
        "transparency": 1,
        "windowType": false
    }, {
        "position": [0.1120491, 0.179389477, 0.8781532],
        "rotation": [3.673625, 350.125732, 0],
        "scale": [1.05982614, 1.0598259, 1.00000012],
        "time": "16:58:55",
        "transparency": 1,
        "windowType": false
    }, {
        "position": [0.1120491, 0.179389477, 0.8781532],
        "rotation": [3.673625, 350.125732, 0],
        "scale": [1.05982614, 1.0598259, 1.00000012],
        "time": "17:00:10",
        "transparency": 0.782734156,
        "windowType": false
    }, {
        "position": [0.246446222, 0.211987108, 1.02968025],
        "rotation": [353.674469, 359.209839, 0],
        "scale": [1.059826, 1.059826, 1],
        "time": "17:05:40",
        "transparency": 1,
        "windowType": false
    }, {
        "position": [0.246446222, 0.211987108, 1.02968025],
        "rotation": [353.674469, 359.209839, 0],
        "scale": [1.059826, 1.059826, 1],
        "time": "17:07:16",
        "transparency": 0.7176688,
        "windowType": false
    }, {
        "position": [0.246446222, 0.211987108, 1.02968025],
        "rotation": [353.674469, 359.209839, 0],
        "scale": [1.059826, 1.059826, 1],
        "time": "17:08:13",
        "transparency": 0.7176688,
        "windowType": false
    }, {
        "position": [0.246446222, 0.211987108, 1.02968025],
        "rotation": [353.674469, 359.209839, 0],
        "scale": [1.059826, 1.059826, 1],
        "time": "17:09:33",
        "transparency": 0.7176688,
        "windowType": false
    }, {
        "position": [0.246446222, 0.211987108, 1.02968025],
        "rotation": [353.674469, 359.209839, 0],
        "scale": [1.059826, 1.059826, 1],
        "time": "17:09:34",
        "transparency": 0.7176688,
        "windowType": false
    }, {
        "position": [0.132855833, -0.00122375786, 0.853201449],
        "rotation": [356.312225, 2.31716371, 0],
        "scale": [1.059826, 1.059826, 1],
        "time": "17:19:36",
        "transparency": 0.9359691,
        "windowType": false
    }, {
        "position": [0.129810438, 0.181978673, 0.905850351],
        "rotation": [356.312225, 2.31716371, 0],
        "scale": [0.897553563, 0.897553563, 1],
        "time": "17:22:20",
        "transparency": 0.9359691,
        "windowType": false
    }, {
        "position": [0.129810438, 0.181978673, 0.905850351],
        "rotation": [356.312225, 2.31716371, 0],
        "scale": [0.897553563, 0.897553563, 1],
        "time": "17:23:46",
        "transparency": 0.9359691,
        "windowType": false
    }, {
        "position": [-0.0497383475, 0.262911826, 0.8857004],
        "rotation": [356.312225, 2.31716371, 0],
        "scale": [0.897553563, 0.897553563, 1],
        "time": "17:26:22",
        "transparency": 0.9359691,
        "windowType": false
    }, {
        "position": [-0.0497383475, 0.262911826, 0.8857004],
        "rotation": [356.312225, 2.31716371, 0],
        "scale": [0.897553563, 0.897553563, 1],
        "time": "17:31:32",
        "transparency": 0.9359691,
        "windowType": false
    }],
    "playerId": "0730_165705",
    "presentation": [{
        "position": [-0.385942161, 0.201075792, 0.8569256],
        "rotation": [0, 348.072, 0],
        "scale": [1.66921854, 1.66921854, 1.00000012],
        "time": "16:58:41",
        "transparency": 0.624842167,
        "windowType": false
    }, {
        "position": [-0.385942161, 0.201075792, 0.8569256],
        "rotation": [0, 348.072, 0],
        "scale": [1.66921854, 1.66921854, 1.00000012],
        "time": "16:58:55",
        "transparency": 0.624842167,
        "windowType": false
    }, {
        "position": [-0.385942161, 0.201075792, 0.8569256],
        "rotation": [0, 348.072, 0],
        "scale": [1.66921854, 1.66921854, 1.00000012],
        "time": "17:00:10",
        "transparency": 0.624842167,
        "windowType": false
    }, {
        "position": [-0.246237665, 0.0874522, 0.9600707],
        "rotation": [3.35108328, 349.715454, 0],
        "scale": [1.66921854, 1.66921854, 1],
        "time": "17:05:40",
        "transparency": 1,
        "windowType": false
    }, {
        "position": [-0.246237665, 0.0874522, 0.9600707],
        "rotation": [3.35108328, 349.715454, 0],
        "scale": [1.66921854, 1.66921854, 1],
        "time": "17:07:16",
        "transparency": 0.7676747,
        "windowType": false
    }, {
        "position": [-0.209879041, 0.0091522485, 0.7864202],
        "rotation": [3.35108328, 349.715454, 0],
        "scale": [1.65302515, 1.65302515, 1],
        "time": "17:08:13",
        "transparency": 0.7676747,
        "windowType": false
    }, {
        "position": [-0.209879041, 0.0091522485, 0.7864202],
        "rotation": [3.35108328, 349.715454, 0],
        "scale": [1.65302515, 1.65302515, 1],
        "time": "17:09:33",
        "transparency": 0.9248886,
        "windowType": false
    }, {
        "position": [-0.209879041, 0.0091522485, 0.7864202],
        "rotation": [3.35108328, 349.715454, 0],
        "scale": [1.65302515, 1.65302515, 1],
        "time": "17:09:34",
        "transparency": 0.9248886,
        "windowType": false
    }, {
        "position": [-0.337726951, 0.0284308344, 0.8673866],
        "rotation": [356.6637, 350.178833, 0],
        "scale": [1.66921854, 1.66921854, 1],
        "time": "17:19:36",
        "transparency": 0.9037647,
        "windowType": false
    }, {
        "position": [-0.28767553, 0.112457544, 0.827075839],
        "rotation": [356.6637, 350.178833, 0],
        "scale": [1.55722857, 1.55722857, 1],
        "time": "17:22:20",
        "transparency": 0.782115936,
        "windowType": false
    }, {
        "position": [-0.28767553, 0.112457544, 0.827075839],
        "rotation": [356.6637, 350.178833, 0],
        "scale": [1.55722857, 1.55722857, 1],
        "time": "17:23:46",
        "transparency": 0.782115936,
        "windowType": false
    }, {
        "position": [-0.435012043, 0.3050659, 0.786167741],
        "rotation": [346.889282, 342.999023, 0],
        "scale": [1.55722857, 1.55722857, 1],
        "time": "17:26:22",
        "transparency": 0.782115936,
        "windowType": false
    }, {
        "position": [-0.435012043, 0.3050659, 0.786167741],
        "rotation": [346.889282, 342.999023, 0],
        "scale": [1.55722857, 1.55722857, 1],
        "time": "17:31:32",
        "transparency": 0.782115936,
        "windowType": false
    }],
    "time": [],
    "velocity": []
}