{
    "participant": [{
        "position": [0.3255217, -0.251949072, 0.7293754],
        "rotation": [5.81043148, 7.144404, 2.68182117e-8],
        "scale": [1.07768559, 1.07768559, 1.00000012],
        "time": "13:23:17",
        "transparency": 1,
        "windowType": false
    }, {
        "position": [0.4443826, -0.2384255, 0.721544],
        "rotation": [5.81043148, 7.144404, 2.68182117e-8],
        "scale": [1.07768559, 1.07768559, 1.00000012],
        "time": "13:24:39",
        "transparency": 1,
        "windowType": false
    }, {
        "position": [0.114462659, -0.308403879, 0.58635956],
        "rotation": [25.4036388, 352.171448, 0],
        "scale": [0.341143847, 0.341143847, 1.00000012],
        "time": "13:31:51",
        "transparency": 1,
        "windowType": false
    }, {
        "position": [0.230883658, -0.1978358, 0.694023],
        "rotation": [13.3519526, 3.764825, 1.09686546e-7],
        "scale": [1.012378, 1.012378, 1.00000012],
        "time": "13:39:50",
        "transparency": 1,
        "windowType": false
    }, {
        "position": [-0.0576534, -0.242793918, 0.6310203],
        "rotation": [25.4036484, 352.171448, 0],
        "scale": [1.01298833, 1.01298833, 1.00000012],
        "time": "13:44:26",
        "transparency": 1,
        "windowType": false
    }],
    "playerId": "0731_131736",
    "presentation": [{
        "position": [-0.0477018729, -0.248979092, 0.6838398],
        "rotation": [14.52396, 347.00354, -1.10244819e-7],
        "scale": [1.106627, 1.106627, 1.00000012],
        "time": "13:23:17",
        "transparency": 1,
        "windowType": false
    }, {
        "position": [0.0460491739, -0.242368221, 0.7188227],
        "rotation": [24.6201134, 357.736816, -5.86969975e-8],
        "scale": [1.0888505, 1.0888505, 1.00000012],
        "time": "13:24:39",
        "transparency": 1,
        "windowType": false
    }, {
        "position": [-0.040428, -0.465084136, 0.523088038],
        "rotation": [24.62013, 354.1795, -1.17394009e-7],
        "scale": [1.10540628, 1.10540628, 1.00000012],
        "time": "13:31:51",
        "transparency": 1,
        "windowType": false
    }, {
        "position": [-0.109216504, -0.200140119, 0.6899932],
        "rotation": [8.120325, 357.9391, 4.04259666e-8],
        "scale": [1.173842, 1.173842, 1.00000012],
        "time": "13:39:50",
        "transparency": 1,
        "windowType": false
    }, {
        "position": [-0.0357242674, -0.461922646, 0.5228231],
        "rotation": [24.6201363, 350.4292, 7.043642e-7],
        "scale": [1.04078531, 1.04078531, 1.00000012],
        "time": "13:44:26",
        "transparency": 1,
        "windowType": false
    }],
    "time": [],
    "velocity": []
}