{
    "participant": [{
        "position": [-0.285580218, 0.0637792945, 0.4838621],
        "rotation": [337.166382, 329.5448, 0.0000027791034],
        "scale": [0.6421096, 0.642109334, 1.00000012],
        "time": "Case 3 Path",
        "transparency": 0.645813465,
        "windowType": false
    }, {
        "position": [-0.186076269, 0.05853032, 0.418786466],
        "rotation": [337.166382, 329.5448, 0.000007410942],
        "scale": [0.6421096, 0.642109334, 1.00000012],
        "time": "Case 3 Head",
        "transparency": 0.645813465,
        "windowType": false
    }, {
        "position": [-0.186076269, 0.05853032, 0.418786466],
        "rotation": [337.166382, 329.5448, 0.00000185273552],
        "scale": [0.6421096, 0.642109334, 1.00000012],
        "time": "Case 4 Head",
        "transparency": 0.645813465,
        "windowType": false
    }, {
        "position": [-0.344935477, 0.249585509, 0.318869263],
        "rotation": [337.166382, 329.5448, 0.000003705471],
        "scale": [0.6421096, 0.642109334, 1.00000012],
        "time": "Case 4 Path",
        "transparency": 0.645813465,
        "windowType": false
    }, {
        "position": [-0.241705775, 0.07588667, 0.7561395],
        "rotation": [343.852966, 356.2135, -5.555232e-8],
        "scale": [0.851351738, 0.8513515, 1.00000012],
        "time": "Case 1 Path",
        "transparency": 1,
        "windowType": false
    }, {
        "position": [-0.241705775, 0.07588667, 0.7561395],
        "rotation": [343.852966, 356.2135, -5.555232e-8],
        "scale": [0.851351738, 0.8513515, 1.00000012],
        "time": "Case 2 Path",
        "transparency": 1,
        "windowType": false
    }, {
        "position": [-0.386548877, 0.145517886, 0.6156904],
        "rotation": [353.4869, 335.768982, -1.07414969e-7],
        "scale": [0.74786973, 0.7478695, 1.00000012],
        "time": "Case 1 Head",
        "transparency": 1,
        "windowType": false
    }, {
        "position": [-0.386548877, 0.145517886, 0.6156904],
        "rotation": [353.4869, 335.768982, -1.07414969e-7],
        "scale": [0.74786973, 0.7478695, 1.00000012],
        "time": "Case 2 Head",
        "transparency": 1,
        "windowType": false
    }],
    "playerId": "User 10",
    "presentation": [{
        "position": [0.100407645, -0.0114585273, 0.491986483],
        "rotation": [351.393066, 10.4535017, 1.07937261e-7],
        "scale": [1.23683357, 1.23683357, 1.00000012],
        "time": "Case 3 Path",
        "transparency": 0.8136792,
        "windowType": false
    }, {
        "position": [0.08697509, 0.0565087, 0.388831228],
        "rotation": [347.222778, 22.7932663, 0],
        "scale": [0.6824829, 0.6824829, 1.00000012],
        "time": "Case 3 Head",
        "transparency": 0.8136792,
        "windowType": false
    }, {
        "position": [0.13443625, 0.0033996217, 0.4741732],
        "rotation": [1.18538952, 13.7787409, -1.3343068e-8],
        "scale": [1.24518776, 1.24518776, 1.00000012],
        "time": "Case 4 Head",
        "transparency": 0.4958744,
        "windowType": false
    }, {
        "position": [0.04810455, 0.17752707, 0.4389234],
        "rotation": [337.3787, 6.61979055, 0],
        "scale": [1.28226662, 1.28226662, 1.00000012],
        "time": "Case 4 Path",
        "transparency": 0.4958744,
        "windowType": false
    }, {
        "position": [0.3309313, 0.09234905, 0.6106444],
        "rotation": [348.51236, 23.62546, 2.17806573e-7],
        "scale": [2.15884829, 2.15884829, 1.00000012],
        "time": "Case 1 Path",
        "transparency": 0.78802526,
        "windowType": false
    }, {
        "position": [0.3309313, 0.09234905, 0.6106444],
        "rotation": [348.51236, 23.62546, 2.17806573e-7],
        "scale": [2.15884829, 2.15884829, 1.00000012],
        "time": "Case 2 Path",
        "transparency": 0.78802526,
        "windowType": false
    }, {
        "position": [0.219260186, 0.0435677245, 0.65094465],
        "rotation": [358.1266, 7.742293, -1.33473455e-8],
        "scale": [2.02360153, 2.02360153, 1.00000012],
        "time": "Case 1 Head",
        "transparency": 0.8005197,
        "windowType": false
    }, {
        "position": [0.219260186, 0.0435677245, 0.65094465],
        "rotation": [358.1266, 7.742293, -1.33473455e-8],
        "scale": [2.02360153, 2.02360153, 1.00000012],
        "time": "Case 2 Head",
        "transparency": 0.8005197,
        "windowType": false
    }],
    "time": [],
    "velocity": []
}