{
    "participant": [{
        "position": [0.1120491, 0.179389477, 0.8781532],
        "rotation": [3.673625, 350.125732, 0],
        "scale": [1.05982614, 1.0598259, 1.00000012],
        "time": "Case 1 Path",
        "transparency": 0.782734156,
        "windowType": false
    }, {
        "position": [0.246446222, 0.211987108, 1.02968025],
        "rotation": [353.674469, 359.209839, 0],
        "scale": [1.059826, 1.059826, 1],
        "time": "Case 1 Head",
        "transparency": 0.7176688,
        "windowType": false
    }, {
        "position": [0.129810438, 0.181978673, 0.905850351],
        "rotation": [356.312225, 2.31716371, 0],
        "scale": [0.897553563, 0.897553563, 1],
        "time": "Case 2 Head",
        "transparency": 0.9359691,
        "windowType": false
    }, {
        "position": [-0.0497383475, 0.262911826, 0.8857004],
        "rotation": [356.312225, 2.31716371, 0],
        "scale": [0.897553563, 0.897553563, 1],
        "time": "Case 2 Path",
        "transparency": 0.9359691,
        "windowType": false
    }],
    "playerId": "User8",
    "presentation": [ {
        "position": [-0.385942161, 0.201075792, 0.8569256],
        "rotation": [0, 348.072, 0],
        "scale": [1.66921854, 1.66921854, 1.00000012],
        "time": "Case 1 Path",
        "transparency": 0.624842167,
        "windowType": false
    }, {
        "position": [-0.209879041, 0.0091522485, 0.7864202],
        "rotation": [3.35108328, 349.715454, 0],
        "scale": [1.65302515, 1.65302515, 1],
        "time": "Case 1 Head",
        "transparency": 0.9248886,
        "windowType": false
    }, {
        "position": [-0.28767553, 0.112457544, 0.827075839],
        "rotation": [356.6637, 350.178833, 0],
        "scale": [1.55722857, 1.55722857, 1],
        "time": "Case 2 Head",
        "transparency": 0.782115936,
        "windowType": false
    }, {
        "position": [-0.435012043, 0.3050659, 0.786167741],
        "rotation": [346.889282, 342.999023, 0],
        "scale": [1.55722857, 1.55722857, 1],
        "time": "Case 2 Path",
        "transparency": 0.782115936,
        "windowType": false
    }],
    "time": [],
    "velocity": []
}