{
    "participant": [{
        "position": [0.114211865, -0.111406691, 0.363327861],
        "rotation": [4.0010376, 2.38937235, 0],
        "scale": [0.549340844, 0.549340844, 1],
        "time": "Case 1 Both",
        "transparency": 1,
        "windowType": false
    }, {
        "position": [0.114211865, -0.111406691, 0.363327861],
        "rotation": [4.0010376, 2.38937235, 0],
        "scale": [0.549340844, 0.549340844, 1],
        "time": "Case 2 Head",
        "transparency": 1,
        "windowType": false
    }, {
        "position": [0.187745318, -0.193901658, 0.323852718],
        "rotation": [10.6108646, 25.5040646, 2.17156668e-7],
        "scale": [0.549340844, 0.549340844, 1],
        "time": "Case 2 Path",
        "transparency": 1,
        "windowType": false
    }, {
        "position": [0.191428244, -0.150019467, 0.412786037],
        "rotation": [10.6108665, 25.5040665, 4.34313336e-7],
        "scale": [0.6121689, 0.6121689, 1],
        "time": "Case 3 Head",
        "transparency": 0.803990364,
        "windowType": false
    },  {
        "position": [0.0169643387, -0.24412775, 0.426932],
        "rotation": [23.7348042, 0.300549984, 0],
        "scale": [0.6121689, 0.6121689, 1],
        "time": "Case 3 Path",
        "transparency": 0.803990364,
        "windowType": false
    }, {
        "position": [0.186433062, -0.298008442, 0.408862382],
        "rotation": [23.7348042, 0.3005502, 1.4572807e-8],
        "scale": [0.6121689, 0.6121689, 1],
        "time": "Case 4 Both",
        "transparency": 0.803990364,
        "windowType": false
    }],
    "playerId": "User 5",
    "presentation": [{
        "position": [-0.116849504, -0.3783552, 0.595748663],
        "rotation": [21.4247341, 0.702738, 0],
        "scale": [1.42865181, 1.42865181, 1],
        "time": "Case 1 Both",
        "transparency": 1,
        "windowType": false
    }, {
        "position": [0.075219065, -0.343652964, 0.567224443],
        "rotation": [21.4247341, 0.702738, 0],
        "scale": [0.8568287, 0.8568287, 1],
        "time": "Case 2 Head",
        "transparency": 0.665546656,
        "windowType": false
    }, {
        "position": [0.075219065, -0.343652964, 0.567224443],
        "rotation": [21.424757, 0.702738166, 8.598286e-8],
        "scale": [0.8568287, 0.8568287, 1],
        "time": "Case 2 Path",
        "transparency": 0.665546656,
        "windowType": false
    }, {
        "position": [0.00443283562, -0.3610906, 0.517629266],
        "rotation": [21.42476, 0.7027382, 8.598286e-8],
        "scale": [1.03596687, 1.03596687, 1],
        "time": "Case 3 Head",
        "transparency": 1,
        "windowType": false
    }, {
        "position": [-0.00196190085, -0.315986633, 0.4397952],
        "rotation": [21.42476, 0.7027382, 8.598286e-8],
        "scale": [1.03596687, 1.03596687, 1],
        "time": "Case 3 Path",
        "transparency": 1,
        "windowType": false
    }, {
        "position": [-0.0041151694, -0.308288276, 0.4133463],
        "rotation": [21.42476, 0.365518034, 0],
        "scale": [0.656605363, 0.656605363, 1],
        "time": "Case 4 Both",
        "transparency": 1,
        "windowType": false
    }],
    "time": [],
    "velocity": []
}