{
    "participant": [{
        "position": [0.379938126, -0.4827603, 0.6330597],
        "rotation": [32.92222, 0, 0],
        "scale": [1.05982614, 1.0598259, 1.00000012],
        "time": "13:55:36",
        "transparency": 1,
        "windowType": false
    }, {
        "position": [0.0212887768, -0.3684187, 0.6974565],
        "rotation": [32.92222, 0, 0],
        "scale": [1.10270333, 1.10270309, 1.00000012],
        "time": "14:03:52",
        "transparency": 1,
        "windowType": false
    }, {
        "position": [-0.05470319, -0.142572433, 0.846738],
        "rotation": [15.0000162, 0, 0],
        "scale": [1.059826, 1.059826, 1],
        "time": "14:07:38",
        "transparency": 1,
        "windowType": false
    }],
    "playerId": "0731_134801",
    "presentation": [{
        "position": [-0.0380634442, -0.475050449, 0.654646],
        "rotation": [25.2143879, 359.987823, 0],
        "scale": [1.28576517, 1.28576517, 1.00000012],
        "time": "13:55:36",
        "transparency": 0.9821162,
        "windowType": false
    }, {
        "position": [0.0325967, -0.6071615, 0.559836447],
        "rotation": [42.5292053, 0.2459552, 9.05117048e-9],
        "scale": [1.28576517, 1.28576517, 1.00000012],
        "time": "14:03:52",
        "transparency": 0.9821162,
        "windowType": false
    }, {
        "position": [-0.07889334, -0.432814628, 0.7757293],
        "rotation": [31.8974628, 2.48775959, 6.28517753e-8],
        "scale": [1.66921854, 1.66921854, 1],
        "time": "14:07:38",
        "transparency": 1,
        "windowType": false
    }],
    "time": [],
    "velocity": []
}