{
    "participant": [{
        "position": [0.408212125, -0.0256631374, 0.513110161],
        "rotation": [15.0000038, 23.3639755, 2.20972879e-7],
        "scale": [0.373046577, 0.373046577, 1.00000012],
        "time": "12:12:37",
        "transparency": 1,
        "windowType": false
    }, {
        "position": [0.460805565, -0.19397068, 0.4201259],
        "rotation": [15.0000038, 23.3639755, 2.20972879e-7],
        "scale": [0.373046577, 0.373046577, 1.00000012],
        "time": "12:15:44",
        "transparency": 1,
        "windowType": false
    }, {
        "position": [0.2825507, -0.147404745, 0.453928679],
        "rotation": [3.25170541, 23.3639774, 0],
        "scale": [0.333221138, 0.333221138, 1.00000012],
        "time": "12:20:50",
        "transparency": 1,
        "windowType": false
    }, {
        "position": [0.305113137, -0.14604871, 0.4663489],
        "rotation": [27.6526489, 23.36398, 0],
        "scale": [0.333221138, 0.333221138, 1.00000012],
        "time": "12:21:05",
        "transparency": 1,
        "windowType": false
    }, {
        "position": [0.339220881, -0.151116058, 0.469969928],
        "rotation": [20.227972, 23.3639812, 4.54945877e-7],
        "scale": [0.333221138, 0.333221138, 1.00000012],
        "time": "12:24:12",
        "transparency": 1,
        "windowType": false
    }, {
        "position": [0.339220881, -0.151116058, 0.469969928],
        "rotation": [12.2047434, 23.3639812, 2.18379128e-7],
        "scale": [0.333221138, 0.333221138, 1.00000012],
        "time": "12:24:25",
        "transparency": 1,
        "windowType": false
    }, {
        "position": [0.09651068, -0.2044605, 0.5468248],
        "rotation": [0.781356633, 6.46017933, -3.33536354e-9],
        "scale": [0.39667505, 0.39667505, 1.00000012],
        "time": "12:29:40",
        "transparency": 1,
        "windowType": false
    }, {
        "position": [0.0996852443, -0.18292129, 0.56824],
        "rotation": [0.781356633, 6.46017933, -3.33536354e-9],
        "scale": [0.39667505, 0.39667505, 1.00000012],
        "time": "12:29:50",
        "transparency": 1,
        "windowType": false
    }, {
        "position": [0.0996852443, -0.18292129, 0.56824],
        "rotation": [0.781356633, 6.46017933, -3.33536354e-9],
        "scale": [0.39667505, 0.39667505, 1.00000012],
        "time": "12:29:50",
        "transparency": 1,
        "windowType": false
    }, {
        "position": [0.273751169, -0.195901722, 0.494349539],
        "rotation": [21.128191, 6.46017933, 0],
        "scale": [0.39667505, 0.39667505, 1.00000012],
        "time": "12:37:06",
        "transparency": 1,
        "windowType": false
    }],
    "playerId": "1230_120811",
    "presentation": [{
        "position": [0.240712523, 0.127985716, 0.6553828],
        "rotation": [357.306671, 18.080328, 2.670993e-8],
        "scale": [1.75339258, 1.75339258, 1.00000012],
        "time": "12:12:37",
        "transparency": 0.8348403,
        "windowType": false
    }, {
        "position": [0.2806033, -0.0613954067, 0.6187713],
        "rotation": [357.306671, 18.080328, 2.670993e-8],
        "scale": [1.75339258, 1.75339258, 1.00000012],
        "time": "12:15:44",
        "transparency": 0.8348403,
        "windowType": false
    }, {
        "position": [-0.00113457441, -0.2393885, 0.4568864],
        "rotation": [28.2604122, 358.5846, 3.02909626e-8],
        "scale": [1.28807592, 1.28807592, 1.00000012],
        "time": "12:20:50",
        "transparency": 0.8348403,
        "windowType": false
    }, {
        "position": [-0.00113457441, -0.2393885, 0.4568864],
        "rotation": [28.2604122, 358.5846, 3.02909626e-8],
        "scale": [1.28807592, 1.28807592, 1.00000012],
        "time": "12:21:05",
        "transparency": 0.8348403,
        "windowType": false
    }, {
        "position": [0.00313346088, -0.184769288, 0.4483315],
        "rotation": [28.2604122, 358.5846, 3.02909626e-8],
        "scale": [1.30612111, 1.30612111, 1.00000012],
        "time": "12:24:12",
        "transparency": 0.8348403,
        "windowType": false
    }, {
        "position": [0.00313346088, -0.184769288, 0.4483315],
        "rotation": [17.8774242, 358.5846, 2.80340355e-8],
        "scale": [1.30612111, 1.30612111, 1.00000012],
        "time": "12:24:25",
        "transparency": 0.8348403,
        "windowType": false
    }, {
        "position": [-0.173221216, -0.263932228, 0.49622947],
        "rotation": [12.5333633, 337.55072, 0],
        "scale": [1.17049789, 1.17049789, 1.00000012],
        "time": "12:29:40",
        "transparency": 0.8348403,
        "windowType": false
    }, {
        "position": [-0.173221216, -0.263932228, 0.49622947],
        "rotation": [12.5333633, 337.55072, 0],
        "scale": [1.17049789, 1.17049789, 1.00000012],
        "time": "12:29:50",
        "transparency": 0.8348403,
        "windowType": false
    }, {
        "position": [-0.173221216, -0.263932228, 0.49622947],
        "rotation": [12.5333633, 337.55072, 0],
        "scale": [1.17049789, 1.17049789, 1.00000012],
        "time": "12:29:50",
        "transparency": 0.8348403,
        "windowType": false
    }, {
        "position": [-0.00261974335, -0.2706356, 0.502935767],
        "rotation": [5.977219, 358.41803, 6.70656775e-9],
        "scale": [1.17049789, 1.17049789, 1.00000012],
        "time": "12:37:06",
        "transparency": 0.8348403,
        "windowType": false
    }],
    "time": [],
    "velocity": []
}